symbol,timestamp,price
ETHUSD,1579096450,3007.8728080862456
BTCUSD,1579107128,49992.07376992469
CADUSD,1579115103,0.8017293080327534
XPRUSD,1579147264,0.29745849887589365
BTCUSD,1579169900,50011.55096733321
BATUSD,1579172234,0.10117240588551588
XPRUSD,1579246263,0.2952727321906675
BTCUSD,1579284892,50032.691519421205
XPRUSD,1579296156,0.29562834327214943
CADUSD,1579308330,0.8010596136962592
BATUSD,1579331270,0.1006594628357792
BATUSD,1579340376,0.10013337293019417
CADUSD,1579434242,0.8006856327877951
XPRUSD,1579444819,0.29590991439470243
CADUSD,1579451359,0.7990966540990594
BTCUSD,1579465180,50054.801034607204
BTCUSD,1579466927,50078.06542528988
XPRUSD,1579482406,0.29785331770875906
ETHUSD,1579493731,3000.995040515762
BATUSD,1579504562,0.1016595171347114
XPRUSD,1579514486,0.2980612561654329
BATUSD,1579569924,0.10068784516411831
XPRUSD,1579570716,0.30042232459697066
BTCUSD,1579573389,50091.82635276064
ETHUSD,1579589775,2996.2904626990526
ETHUSD,1579647534,2997.25807315813
CADUSD,1579671597,0.8001830148712806
CADUSD,1579679481,0.8010484911061273
CADUSD,1579680588,0.8025827179647098
ETHUSD,1579688073,2990.8419418751278
EURUSD,1579692972,1.1010974433799254
CADUSD,1579741221,0.8009999628520612
XPRUSD,1579746138,0.3005685602458138
BATUSD,1579756614,0.10294989212283727
CADUSD,1579758297,0.8002970336004452
EURUSD,1579767997,1.100809237130758
BTCUSD,1579790850,50101.44653631245
XPRUSD,1579808883,0.30188005752957037
ETHUSD,1579819054,2991.022882670024
BTCUSD,1579819201,50120.65166104968
BTCUSD,1579873215,50136.144889344345
BATUSD,1579911203,0.10213863407690496
EURUSD,1579919456,1.1008767814339462
ETHUSD,1579920982,2993.6116380076046
EURUSD,1579927537,1.101726989256683
XPRUSD,1579929489,0.30287495708082574
BTCUSD,1579953442,50157.27946862541
ETHUSD,1579965645,2998.3066562330246
BATUSD,1579968648,0.10203995857247856
EURUSD,1579971541,1.101932075553627
EURUSD,1579971999,1.1015973548190425
XPRUSD,1579990124,0.30073200671131045
BTCUSD,1580005767,50177.21716414793
BATUSD,1580010699,0.10137851214131048
ETHUSD,1580035978,2997.830099166225
EURUSD,1580039995,1.1019146571252694
BATUSD,1580074040,0.10116316571994709
CADUSD,1580075093,0.8008779558379855
BTCUSD,1580081216,50201.532609397196
ETHUSD,1580084047,3000.4578015096267
BATUSD,1580093294,0.1011128359882971
EURUSD,1580143342,1.102337416664051
XPRUSD,1580145123,0.3010368682075379
CADUSD,1580167381,0.8008679979486812
CADUSD,1580196574,0.8005061923164455
BATUSD,1580207288,0.09866647119651055
CADUSD,1580211911,0.8010177527307523
BATUSD,1580255361,0.09865845423477826
ETHUSD,1580273442,3003.1900895265326
ETHUSD,1580304862,3014.36587739975
ETHUSD,1580317859,3013.936310952201
XPRUSD,1580356462,0.3039697985865118
BTCUSD,1580371040,50243.24465103911
CADUSD,1580403699,0.8009560748370131
EURUSD,1580423149,1.102645797595597
CADUSD,1580425884,0.8015731874901365
CADUSD,1580444416,0.8011636640192649
EURUSD,1580459641,1.1023575063070374
XPRUSD,1580468322,0.3035388932125874
ETHUSD,1580486930,3017.985984770762
EURUSD,1580508330,1.1028951608960784
BATUSD,1580590492,0.09810255185038706
CADUSD,1580619882,0.8012736024741248
BATUSD,1580628460,0.09833216273959519
CADUSD,1580642397,0.800323296651677
ETHUSD,1580642543,3021.895398738409
XPRUSD,1580645746,0.30652201179967375
EURUSD,1580670993,1.1023815334059257
BATUSD,1580677717,0.09910164041344813
CADUSD,1580693785,0.8004128551448318
XPRUSD,1580714480,0.3071773628422224
ETHUSD,1580718812,3026.654958079091
BTCUSD,1580732518,50259.23161287098
BTCUSD,1580780823,50303.4333593859
EURUSD,1580794971,1.101460208927485
BTCUSD,1580810429,50313.38221824875
ETHUSD,1580858077,3029.950292115725
XPRUSD,1580881268,0.30782921738004315
CADUSD,1580884714,0.7992303298520069
CADUSD,1580892417,0.7979203110243764
EURUSD,1580935679,1.1018642441983406
XPRUSD,1580940087,0.30939376810966385
ETHUSD,1580995702,3029.9588067529144
BATUSD,1581021271,0.0997005027852697
BATUSD,1581024304,0.10006586734363576
BTCUSD,1581096336,50354.07472659953
BATUSD,1581124476,0.09970782186120361
BATUSD,1581135597,0.0998540390699415
EURUSD,1581158219,1.1024051032301723
CADUSD,1581174379,0.7986270819287947
BTCUSD,1581203318,50380.27006830153
BATUSD,1581226431,0.10053300695477782
EURUSD,1581252951,1.1033832367850307
ETHUSD,1581313409,3024.4677393906504
BATUSD,1581325843,0.1006267654481727
EURUSD,1581330090,1.103917006711391
BTCUSD,1581330926,50400.210304300854
XPRUSD,1581341865,0.30708046181569965
BTCUSD,1581350849,50425.77454910633
BATUSD,1581352696,0.10045375286242161
ETHUSD,1581372902,3024.729452483152
ETHUSD,1581381926,3029.5777625445867
EURUSD,1581388364,1.1044226451297776
CADUSD,1581394518,0.7986721866997124
BATUSD,1581441260,0.10070840032636635
ETHUSD,1581454514,3034.911348188974
ETHUSD,1581476805,3027.436384062736
ETHUSD,1581529389,3031.546608885069
EURUSD,1581573585,1.1042498870529702
XPRUSD,1581620849,0.3044441049009707
ETHUSD,1581626996,3032.541214793838
BATUSD,1581643799,0.09864955570557614
CADUSD,1581704930,0.7990803072685129
EURUSD,1581727578,1.1042122289453438
CADUSD,1581773312,0.8004066798685795
BTCUSD,1581779444,50418.66895522219
EURUSD,1581793620,1.1030744560593637
EURUSD,1581819483,1.1018473938394049
EURUSD,1581838767,1.1029974280061074
EURUSD,1581844543,1.1027263547218384
ETHUSD,1581856819,3042.130651848
BATUSD,1581887855,0.09892832253295493
EURUSD,1581913379,1.101516185749295
BATUSD,1581940756,0.10064710425541594
EURUSD,1581943481,1.1007113822124595
XPRUSD,1581988669,0.3012710422765913
XPRUSD,1582023811,0.3031083397523362
BTCUSD,1582041418,50435.08121603658
EURUSD,1582047894,1.100518780990432
BATUSD,1582057389,0.10107459913991076
BATUSD,1582060076,0.10030316234143857
XPRUSD,1582063898,0.3038357611863682
BATUSD,1582072430,0.0994878345292152
BATUSD,1582091492,0.0987318919122807
BTCUSD,1582099900,50455.264420200816
BATUSD,1582118113,0.09845771426894408
XPRUSD,1582127042,0.3030026287592848
XPRUSD,1582163120,0.3027813896819626
ETHUSD,1582170072,3041.0933228902186
ETHUSD,1582207995,3046.264897490556
BTCUSD,1582223600,50478.04508095801
ETHUSD,1582247848,3044.794584487143
EURUSD,1582255590,1.1003155244646323
ETHUSD,1582275468,3042.2423167799975
BTCUSD,1582303803,50506.10909917136
BATUSD,1582305776,0.09960866986928527
BATUSD,1582308401,0.09994432005145047
BATUSD,1582311517,0.09929365994532785
XPRUSD,1582342495,0.30019611359338183
XPRUSD,1582376073,0.2988699153098454
EURUSD,1582380037,1.1001356199804202
XPRUSD,1582392567,0.30031188756690336
XPRUSD,1582403097,0.30111352466008534
ETHUSD,1582413694,3034.657939147607
CADUSD,1582445907,0.8005086182795301
XPRUSD,1582468609,0.2987432571744235
CADUSD,1582486139,0.8004979714208088
ETHUSD,1582500716,3039.7773857911907
BATUSD,1582511268,0.09988429566856263
BATUSD,1582542995,0.09966654936302244
EURUSD,1582548851,1.102035463834445
EURUSD,1582568378,1.1012046293249813
BATUSD,1582580417,0.10060745304267604
ETHUSD,1582593614,3038.533472533951
XPRUSD,1582595301,0.3046651744748041
XPRUSD,1582618232,0.3048375721931106
ETHUSD,1582633913,3031.5151363782466
BTCUSD,1582649089,50542.44885022473
ETHUSD,1582667212,3036.200246212929
XPRUSD,1582667662,0.30536232058956597
ETHUSD,1582671917,3040.1830508240582
BTCUSD,1582687397,50564.05720008221
BTCUSD,1582718015,50573.320716181035
BATUSD,1582732236,0.09780106052080696
CADUSD,1582734700,0.7997221208064553
XPRUSD,1582746881,0.3070504283291665
EURUSD,1582761072,1.1007357655582337
XPRUSD,1582779066,0.3050924888249801
XPRUSD,1582796182,0.304211484793947
BTCUSD,1582813106,50590.27465510791
XPRUSD,1582814699,0.30643844902606443
ETHUSD,1582815166,3043.0162356502515
BTCUSD,1582819603,50614.80118265142
CADUSD,1582820375,0.8006502023737896
XPRUSD,1582823869,0.3084237674754735
BTCUSD,1582859641,50633.24351099689
BTCUSD,1582860120,50653.91785992377
BTCUSD,1582861383,50667.148216806774
BATUSD,1582922199,0.09890648817846032
BTCUSD,1582958504,50700.025126860506
ETHUSD,1582961479,3040.8210993946664
EURUSD,1582967556,1.1006566324050557
CADUSD,1582981876,0.7983511810340774
BTCUSD,1583012304,50719.99992959121
BTCUSD,1583037154,50737.62954617653
CADUSD,1583070692,0.7969055164276216
ETHUSD,1583085427,3041.980875479778
ETHUSD,1583106579,3039.291186698229
ETHUSD,1583115841,3040.9275440294464
XPRUSD,1583135076,0.31026366323953414
ETHUSD,1583166217,3054.4748606738162
BATUSD,1583169503,0.09782813633652322
XPRUSD,1583202439,0.3126482114610859
BATUSD,1583218245,0.09794390178354817
EURUSD,1583222844,1.1021903825449217
EURUSD,1583256851,1.1025700149644824
EURUSD,1583267456,1.1025198023699887
BATUSD,1583278337,0.0981286391549289
CADUSD,1583286743,0.7972271399379673
ETHUSD,1583314166,3052.746387388878
XPRUSD,1583323658,0.31146084438129257
ETHUSD,1583345587,3044.31564755647
EURUSD,1583351748,1.1034973150206582
CADUSD,1583357709,0.7968868797268326
CADUSD,1583361896,0.7968433621995081
BATUSD,1583366006,0.09858529498570578
ETHUSD,1583380683,3052.969601864645
XPRUSD,1583382200,0.31239650801470864
EURUSD,1583391533,1.1033025930109266
ETHUSD,1583403403,3066.132069710131
ETHUSD,1583405361,3066.9439573493532
BATUSD,1583417405,0.09875165535766008
BATUSD,1583451773,0.10042598695603773
ETHUSD,1583475180,3067.788922492065
BATUSD,1583490380,0.09895331425457982
BTCUSD,1583516744,50765.43545757564
CADUSD,1583552980,0.7976144432818275
XPRUSD,1583565575,0.31488520056066327
CADUSD,1583570267,0.7991772145740896
EURUSD,1583576498,1.1035380247373585
BATUSD,1583594634,0.09788385196930856
ETHUSD,1583603424,3069.916767629442
ETHUSD,1583649105,3068.822884112762
CADUSD,1583669357,0.7979660820884822
XPRUSD,1583676625,0.32014173155072206
XPRUSD,1583682589,0.3187829441747369
EURUSD,1583701382,1.1020747573469614
EURUSD,1583715428,1.1016446443685863
BTCUSD,1583738889,50768.436657255246
BATUSD,1583749971,0.09845754361728028
BTCUSD,1583753114,50783.9090520112
CADUSD,1583786523,0.7984512605287547
XPRUSD,1583793792,0.32363963407997826
EURUSD,1583829240,1.1015085932744466
BTCUSD,1583846007,50810.0035671042
BATUSD,1583858712,0.09793257477578524
EURUSD,1583874357,1.101189072169852
XPRUSD,1583925899,0.32504932898268485
XPRUSD,1583939283,0.3218652086171459
ETHUSD,1583943505,3065.973150299463
EURUSD,1583965383,1.0992859243144095
BTCUSD,1583985703,50818.81774986828
ETHUSD,1584002641,3068.66796436526
BTCUSD,1584040607,50831.15488657195
ETHUSD,1584040967,3074.459447628335
CADUSD,1584044222,0.7982365164047104
BATUSD,1584047078,0.09742894437236782
CADUSD,1584047789,0.7974514064613806
CADUSD,1584048821,0.7974741115732297
BATUSD,1584051464,0.09810404432961566
XPRUSD,1584054713,0.32376309030368566
CADUSD,1584059566,0.7985489801416988
EURUSD,1584070887,1.097832116957985
BATUSD,1584073323,0.09814574504153911
BTCUSD,1584081787,50862.03003952383
CADUSD,1584093625,0.7993599040338665
ETHUSD,1584097654,3068.8181505363927
BATUSD,1584110778,0.09718013771795181
XPRUSD,1584117402,0.32529634524326373
BATUSD,1584136302,0.09705436360459294
XPRUSD,1584157352,0.3228063078696337
BTCUSD,1584166300,50886.71747830418
BTCUSD,1584200206,50911.165047376395
ETHUSD,1584255035,3070.180774658845
CADUSD,1584317810,0.7994384232143258
ETHUSD,1584320099,3070.7710657924895
CADUSD,1584334595,0.7980078875937042
EURUSD,1584335350,1.0980631504459795
CADUSD,1584336312,0.7965037542658491
BTCUSD,1584352197,50929.65787372418
BATUSD,1584371299,0.0995844793904188
BTCUSD,1584400336,50942.619302240804
BATUSD,1584420591,0.10012024197664146
BATUSD,1584422771,0.1003048254615763
BATUSD,1584449600,0.10166045911494795
ETHUSD,1584461642,3074.0376840105228
CADUSD,1584467555,0.7966456074520775
CADUSD,1584510002,0.7976364943443703
EURUSD,1584515072,1.0981920148328166
CADUSD,1584551090,0.7972208130873997
BTCUSD,1584566932,50975.60302378654
CADUSD,1584569057,0.795147021937175
BTCUSD,1584587465,50998.715608426886
EURUSD,1584588401,1.0983000158991487
BATUSD,1584600538,0.10270628709749566
XPRUSD,1584646268,0.32074705626187083
XPRUSD,1584662452,0.32339158339831964
CADUSD,1584667646,0.7949083678745494
XPRUSD,1584702852,0.3247223396477641
BTCUSD,1584712877,51017.981317604594
BATUSD,1584714275,0.1014250281556694
CADUSD,1584743587,0.796127365846111
BTCUSD,1584747397,51040.97104541827
XPRUSD,1584786116,0.32543436789648683
EURUSD,1584815976,1.0982033839669285
BTCUSD,1584820616,51084.17540466679
EURUSD,1584824417,1.0984497082028133
CADUSD,1584902131,0.7963559900569337
EURUSD,1584917295,1.0980890935372045
EURUSD,1584950086,1.098496982722355
BATUSD,1584954445,0.1006464165047921
BATUSD,1585014793,0.10203201159633718
ETHUSD,1585075580,3080.8892873495984
CADUSD,1585078643,0.7963271572851801
BTCUSD,1585080374,51099.26542041976
BTCUSD,1585080832,51121.64433458877
ETHUSD,1585112826,3076.501768015157
ETHUSD,1585151580,3073.4564177730786
XPRUSD,1585172671,0.32909855046416525
XPRUSD,1585182895,0.328766428798736
EURUSD,1585230531,1.0989410259134904
XPRUSD,1585249536,0.3301836061049937
EURUSD,1585249571,1.0981076330679898
ETHUSD,1585254514,3062.0657555270327
BTCUSD,1585258745,51138.50085402245
BATUSD,1585306616,0.10155675250710197
BATUSD,1585313645,0.10228104764458693
BTCUSD,1585354346,51169.08547623467
EURUSD,1585426831,1.100317116050577
XPRUSD,1585427102,0.32822330769026986
BTCUSD,1585466718,51183.21544057814
XPRUSD,1585505303,0.3273567758169028
ETHUSD,1585512520,3055.9800174163242
BATUSD,1585521220,0.1026657973470346
CADUSD,1585528549,0.7965727214144936
XPRUSD,1585543713,0.3270810955225959
XPRUSD,1585561091,0.32519637312991834
XPRUSD,1585626644,0.32617525172222156
XPRUSD,1585666004,0.32901612623369647
BTCUSD,1585681314,51210.31222669528
ETHUSD,1585690371,3050.02484159484
BATUSD,1585721405,0.10206318671568095
EURUSD,1585723955,1.1005492218984678
BTCUSD,1585732443,51225.11477981096
ETHUSD,1585734780,3047.955004615081
BTCUSD,1585774511,51237.240995035056
XPRUSD,1585833334,0.3287145513514146
CADUSD,1585833408,0.7964195262222102
ETHUSD,1585834034,3046.9105515499973
XPRUSD,1585884325,0.3309510891270153
XPRUSD,1585886341,0.3321873550698054
BTCUSD,1585916477,51263.172938135096
ETHUSD,1585930374,3043.4315065872242
BTCUSD,1585941794,51280.76490924018
XPRUSD,1585972094,0.33286992311849606
EURUSD,1586008039,1.1002039010030373
XPRUSD,1586044618,0.33008323867387757
ETHUSD,1586057173,3044.6630566386484
ETHUSD,1586083629,3042.964742394245
BATUSD,1586097621,0.10371974832617419
XPRUSD,1586157599,0.32823970788944246
BTCUSD,1586161612,51321.42254514674
XPRUSD,1586177353,0.32609847080372467
EURUSD,1586181432,1.1009272933164287
ETHUSD,1586199651,3037.289954931875
ETHUSD,1586201232,3029.818899944073
EURUSD,1586205368,1.1008674082527619
ETHUSD,1586225718,3028.034870821412
EURUSD,1586273558,1.1006104417246743
BTCUSD,1586275161,51339.5579117915
ETHUSD,1586279823,3025.275349853027
BATUSD,1586293435,0.10406808227312478
ETHUSD,1586300855,3019.774259103806
BATUSD,1586302199,0.10448904005354655
ETHUSD,1586402382,3018.653629058467
BTCUSD,1586426224,51356.38805819183
ETHUSD,1586462739,3017.421390435569
CADUSD,1586468998,0.7944300059808586
CADUSD,1586551239,0.7948713380749229
BATUSD,1586551782,0.10350277112203264
EURUSD,1586574571,1.0988335742557447
XPRUSD,1586585465,0.32660092017597847
EURUSD,1586600083,1.0988533564209724
BATUSD,1586639426,0.1034484032219943
CADUSD,1586650031,0.7951870634113606
XPRUSD,1586650223,0.3252589037779596
CADUSD,1586660861,0.7956366015313439
ETHUSD,1586664157,3016.2091752395836
BATUSD,1586690607,0.10434903627671245
BATUSD,1586732264,0.10494618579951932
BTCUSD,1586748707,51375.6633525777
BTCUSD,1586811127,51399.84224391012
ETHUSD,1586822695,3014.875556684101
XPRUSD,1586838851,0.3260361176518025
EURUSD,1586871716,1.09963131171457
CADUSD,1586878592,0.7972182608027574
EURUSD,1586880066,1.1009665040174512
BTCUSD,1586898653,51417.526874656
ETHUSD,1586921772,3016.3839571884314
EURUSD,1586962037,1.1007253268123336
CADUSD,1586971601,0.7969229507235309
BTCUSD,1586997443,51415.53295882142
BTCUSD,1587007528,51428.53585215322
EURUSD,1587010064,1.1002336355342694
ETHUSD,1587013378,3013.1352095949437
EURUSD,1587022329,1.1015455277845867
CADUSD,1587036564,0.7963782712052733
ETHUSD,1587049916,3013.234073990917
CADUSD,1587088496,0.7967498257121732
EURUSD,1587091450,1.102252236862734
ETHUSD,1587107421,3012.959294091769
EURUSD,1587107517,1.102857217124291
BTCUSD,1587158702,51450.64527342463
XPRUSD,1587161625,0.3248113664541034
EURUSD,1587181233,1.1035151079112158
XPRUSD,1587227770,0.325120833454182
XPRUSD,1587243916,0.3249109253895011
BTCUSD,1587260287,51462.54310583021
ETHUSD,1587295976,3014.5068378037563
ETHUSD,1587298767,3024.5941366893576
EURUSD,1587300663,1.1038874933503169
EURUSD,1587318879,1.1032276297021368
ETHUSD,1587371126,3027.7058482944453
BATUSD,1587399185,0.10609051361420414
ETHUSD,1587412393,3031.631709869203
XPRUSD,1587489694,0.3205732205932329
XPRUSD,1587506182,0.31950259401455416
XPRUSD,1587523009,0.3184061091279687
EURUSD,1587535121,1.1036339751531659
BTCUSD,1587538597,51467.259310362504
ETHUSD,1587574937,3033.193109778822
BTCUSD,1587594237,51480.889720200976
EURUSD,1587638836,1.1033293899183243
XPRUSD,1587663133,0.3165588821074743
XPRUSD,1587689508,0.31651057853667547
EURUSD,1587694330,1.1031002372614158
CADUSD,1587743325,0.7971513374738594
XPRUSD,1587749520,0.3170337529731076
XPRUSD,1587784051,0.32186801667072223
ETHUSD,1587791509,3044.541783138562
EURUSD,1587796849,1.1042084748672858
EURUSD,1587799195,1.1042240491972737
BATUSD,1587822394,0.10589269165925481
BATUSD,1587836339,0.10776307861892304
EURUSD,1587838306,1.105410580765261
EURUSD,1587843714,1.1051740144060993
BATUSD,1587856106,0.10736455967711082
BATUSD,1587859746,0.10781701868308959
BATUSD,1587860779,0.10896026156099635
EURUSD,1587867706,1.1039056225496904
EURUSD,1587906698,1.1042778411049643
EURUSD,1587908412,1.103582260603769
XPRUSD,1587961991,0.3241686001973479
XPRUSD,1588014775,0.3243615202823096
CADUSD,1588035380,0.7964416077903462
BTCUSD,1588066811,51492.00093916725
BTCUSD,1588095597,51498.1922535704
BATUSD,1588097428,0.1086074815101157
XPRUSD,1588105853,0.3248641191934193
EURUSD,1588116124,1.1060175000516232
CADUSD,1588184815,0.7972051732529865
CADUSD,1588204990,0.795547515277653
CADUSD,1588223879,0.7967384372333758
EURUSD,1588225617,1.1070785526175155
CADUSD,1588244972,0.7970550335001811
BTCUSD,1588253468,51540.943039459875
CADUSD,1588261692,0.7980781101966266
BTCUSD,1588264382,51558.859773634336
CADUSD,1588314564,0.7987701437056125
XPRUSD,1588354892,0.3262747152604739
BATUSD,1588405874,0.10850274561605179
BATUSD,1588412783,0.10710112952257049
CADUSD,1588414422,0.7972791864262051
CADUSD,1588421376,0.7971738438561377
EURUSD,1588427897,1.1081739031836815
BATUSD,1588501064,0.10582136194883149
EURUSD,1588502029,1.1096492812888983
EURUSD,1588523479,1.110163814884378
ETHUSD,1588524967,3041.9844334910126
BATUSD,1588547615,0.10597430720449519
EURUSD,1588614868,1.111200146653575
BATUSD,1588625009,0.10588175591022236
CADUSD,1588648676,0.7988538157981264
ETHUSD,1588652078,3046.3067139239383
BATUSD,1588686412,0.10553587043654131
BATUSD,1588686561,0.10590363108230255
XPRUSD,1588688229,0.32857320109674054
BTCUSD,1588699111,51584.449309722964
EURUSD,1588741903,1.1100699032244274
BTCUSD,1588765871,51601.850843148146
ETHUSD,1588771673,3040.769252281677
XPRUSD,1588809617,0.32611876071604573
XPRUSD,1588829638,0.3292461446004326
CADUSD,1588830136,0.7985542047888933
BTCUSD,1588852356,51621.81704171582
XPRUSD,1588852732,0.32669526608463983
ETHUSD,1588899518,3038.8756387991994
CADUSD,1588901472,0.7980674061657589
BTCUSD,1588991055,51648.05192344349
ETHUSD,1589007223,3042.962284244247
CADUSD,1589041706,0.7980424721667512
CADUSD,1589079250,0.797158190300124
XPRUSD,1589138788,0.32566688824257345
BTCUSD,1589144064,51669.45462296454
BATUSD,1589149029,0.106729368783689
ETHUSD,1589181562,3036.4957603024377
EURUSD,1589185778,1.1093907615729774
BATUSD,1589199630,0.10745903520027413
ETHUSD,1589211599,3032.2664535893286
CADUSD,1589212601,0.7971747873118772
XPRUSD,1589248293,0.3235707430941196
ETHUSD,1589287840,3040.213678227543
BTCUSD,1589323307,51691.01152197931
CADUSD,1589330585,0.7971401574327346
ETHUSD,1589397446,3033.64494918954
BATUSD,1589434082,0.10765806772893151
XPRUSD,1589450074,0.3239502064570714
EURUSD,1589453261,1.1103538852783117
CADUSD,1589470235,0.7966854001897806
EURUSD,1589483340,1.1121266353949133
BTCUSD,1589542329,51710.31539273512
EURUSD,1589548722,1.1111264755820764
EURUSD,1589553478,1.1100093888374791
BTCUSD,1589555809,51734.02176233648
XPRUSD,1589587202,0.32127017462327595
BATUSD,1589614883,0.10572708965616609
XPRUSD,1589702063,0.32230248557356433
XPRUSD,1589715606,0.3215218339430394
ETHUSD,1589767824,3032.4854063397497
BTCUSD,1589795626,51757.82425666183
BATUSD,1589795706,0.10582876449786101
BATUSD,1589829294,0.10634054805744377
CADUSD,1589873881,0.7979009343169965
BATUSD,1589881386,0.1063135381161797
ETHUSD,1589891693,3039.5114344411277
BTCUSD,1589919703,51782.775465030805
BTCUSD,1589941822,51798.28112880568
BATUSD,1589957219,0.10687400387059084
BATUSD,1589963246,0.10610233172228568
XPRUSD,1589996723,0.32417929555876746
BATUSD,1590061027,0.10609579336393175
BTCUSD,1590065949,51824.482819339086
BATUSD,1590066411,0.10519654244261044
CADUSD,1590082912,0.7978077357674164
BATUSD,1590083225,0.10450131845679861
CADUSD,1590084644,0.7954146234590147
EURUSD,1590100836,1.1086628401706398
BTCUSD,1590128448,51832.34213777057
XPRUSD,1590159620,0.3258955797566232
BATUSD,1590176810,0.10433680662835114
BTCUSD,1590224528,51863.52458745856
EURUSD,1590245588,1.1094825705706155
BATUSD,1590294293,0.10365018492944689
BTCUSD,1590343374,51896.11005230812
BTCUSD,1590363700,51927.54098513356
XPRUSD,1590367149,0.3291780390747
ETHUSD,1590395942,3043.6131208109823
CADUSD,1590411732,0.7952195602209692
BATUSD,1590422939,0.10125315905064004
ETHUSD,1590485439,3046.616345795685
ETHUSD,1590526835,3049.7089509312027
BTCUSD,1590534320,51954.74952899581
EURUSD,1590536535,1.1092709644933016
BTCUSD,1590537794,51983.1180598582
CADUSD,1590541922,0.79447817497539
BATUSD,1590548920,0.1012780324857763
ETHUSD,1590565055,3043.476292441072
CADUSD,1590615783,0.7944687615674294
XPRUSD,1590638472,0.3310631950862866
CADUSD,1590645497,0.7963362053007604
EURUSD,1590656879,1.108731854328215
CADUSD,1590675052,0.7969527878318448
BATUSD,1590714752,0.10262153067011183
BATUSD,1590785712,0.10197024961929009
BTCUSD,1590804166,51989.25100482821
ETHUSD,1590820042,3032.6366553251983
BTCUSD,1590830195,52006.06346660113
CADUSD,1590848350,0.7982818264793816
CADUSD,1590860641,0.7990092559879144
BTCUSD,1590908186,52004.06288578982
BTCUSD,1590952458,52048.50065892986
CADUSD,1590952666,0.7997947903222795
BTCUSD,1591006196,52069.41217132171
XPRUSD,1591047436,0.3303459106526666
BTCUSD,1591057730,52096.320333180825
XPRUSD,1591099367,0.32881485669506294
XPRUSD,1591126051,0.3276765914014639
EURUSD,1591127048,1.1085543787304546
BATUSD,1591130570,0.10220255707489863
EURUSD,1591136152,1.1095104612122095
CADUSD,1591184747,0.7986051820236102
BATUSD,1591200329,0.10218047840900395
CADUSD,1591205237,0.7991955556833124
CADUSD,1591235890,0.7993393150808388
BTCUSD,1591271960,52115.61434870509
BTCUSD,1591316964,52139.15851709956
EURUSD,1591331261,1.1097946970644306
BATUSD,1591410317,0.10418905798867839
EURUSD,1591413422,1.109322434777704
CADUSD,1591484832,0.7974422879662794
XPRUSD,1591490349,0.3312058043720011
ETHUSD,1591551696,3026.2400997994787
BATUSD,1591555995,0.10355564894130365
EURUSD,1591574497,1.1096750060553653
BTCUSD,1591615407,52153.081600555786
ETHUSD,1591623875,3029.711787660508
XPRUSD,1591690254,0.3351148118315427
BTCUSD,1591708033,52193.6612862757
CADUSD,1591710649,0.7996356102621841
ETHUSD,1591711203,3026.8903569019353
ETHUSD,1591722112,3023.920367224466
CADUSD,1591738467,0.7989881128938775
XPRUSD,1591776573,0.3348346783366787
BTCUSD,1591780807,52196.90069748413
XPRUSD,1591794773,0.3340267115817124
CADUSD,1591809702,0.7992307728306073
EURUSD,1591810544,1.1118126459926736
XPRUSD,1591868587,0.3368639070901938
EURUSD,1591875992,1.112410028247972
ETHUSD,1591891135,3030.4766172164773
ETHUSD,1591894272,3033.5542473270016
BATUSD,1591999416,0.1042920838928195
BTCUSD,1592022674,52218.69014911954
BTCUSD,1592052680,52226.77549824242
ETHUSD,1592065263,3036.146133765081
XPRUSD,1592108403,0.33608448117773126
CADUSD,1592145087,0.7974036514052262
BATUSD,1592166728,0.10365493497160086
EURUSD,1592167152,1.1126509237571918
EURUSD,1592168729,1.113719633036586
CADUSD,1592225423,0.7977061013004686
BTCUSD,1592248345,52244.89045795472
EURUSD,1592257006,1.11579246054316
BATUSD,1592313048,0.10397558054808895
BATUSD,1592316455,0.10376203866810811
EURUSD,1592325103,1.1170201624254967
CADUSD,1592326560,0.7985760670267404
BATUSD,1592344529,0.10434478084588991
EURUSD,1592355145,1.1174064926209728
XPRUSD,1592369166,0.3360590375615806
XPRUSD,1592427464,0.33729501091523595
BATUSD,1592459481,0.102824779788661
ETHUSD,1592511959,3039.6690876672405
XPRUSD,1592522877,0.33570056712857815
CADUSD,1592528468,0.7994364054026443
CADUSD,1592537534,0.8012931003438613
BTCUSD,1592539262,52255.05762437905
BATUSD,1592546214,0.1022633401032272
CADUSD,1592547669,0.8010158099880629
XPRUSD,1592567653,0.33593844190984967
ETHUSD,1592577041,3046.712091311373
BTCUSD,1592588757,52285.917463229154
EURUSD,1592593030,1.1174568891393692
ETHUSD,1592596976,3039.008502546476
BTCUSD,1592600239,52295.99050466879
BTCUSD,1592641823,52305.151649885454
ETHUSD,1592666840,3031.8777501240424
CADUSD,1592688874,0.8009433612113247
ETHUSD,1592694549,3030.675372250328
BTCUSD,1592723425,52318.357501660816
ETHUSD,1592743287,3028.4126226432895
EURUSD,1592750862,1.1178787703492075
BATUSD,1592772656,0.10210115273932246
BTCUSD,1592775718,52345.894704080456
CADUSD,1592791041,0.8005401323928893
ETHUSD,1592804578,3027.0426742679274
XPRUSD,1592847774,0.3386210699031046
CADUSD,1592858778,0.7990375906678142
BATUSD,1592881671,0.1028122616405686
XPRUSD,1592896342,0.340920338323176
CADUSD,1592919756,0.7974360444079345
BTCUSD,1592953699,52363.681747832416
XPRUSD,1593004380,0.33952384132813695
BATUSD,1593008373,0.10449408388793431
BATUSD,1593023912,0.10718558133526977
CADUSD,1593046645,0.7963204592765167
CADUSD,1593049735,0.7952983776255528
BTCUSD,1593074468,52372.07614844234
EURUSD,1593076927,1.1188140561187199
BTCUSD,1593127980,52402.20130574808
EURUSD,1593147410,1.118361863857611
BTCUSD,1593168177,52416.10672496367
BATUSD,1593182393,0.10607171947007175
EURUSD,1593193482,1.1174228707388283
CADUSD,1593206802,0.7938855554005642
ETHUSD,1593213479,3031.0821652389595
EURUSD,1593225483,1.1181527865237069
XPRUSD,1593233481,0.33723499908559923
EURUSD,1593259114,1.1177205820738645
BTCUSD,1593304972,52428.07265896475
ETHUSD,1593328634,3031.517222718714
EURUSD,1593329312,1.1189317046640885
XPRUSD,1593336771,0.3372846416856859
XPRUSD,1593337776,0.337402466639029
ETHUSD,1593384024,3028.62805850066
BATUSD,1593391394,0.10583438826635866
ETHUSD,1593404768,3018.7767306166884
XPRUSD,1593433993,0.33712885548741933
CADUSD,1593450936,0.7938601669763312
BATUSD,1593465382,0.10556349508815291
BATUSD,1593499418,0.10606411198360073
XPRUSD,1593502983,0.33630249379371047
XPRUSD,1593553162,0.337976232231918
CADUSD,1593587801,0.7942122148115762
EURUSD,1593599408,1.1185297659629336
CADUSD,1593615907,0.7922643938556307
XPRUSD,1593639841,0.33665624353874396
BATUSD,1593665014,0.10602909811722633
ETHUSD,1593672558,3025.91602312495
CADUSD,1593687011,0.7916779309466689
CADUSD,1593707899,0.7905844055821322
CADUSD,1593760774,0.7899916974477947
ETHUSD,1593790574,3026.1270503517544
XPRUSD,1593792003,0.3375331786966826
BTCUSD,1593797123,52456.19221437453
XPRUSD,1593810426,0.33662945623456997
BATUSD,1593826121,0.10648362987702516
BATUSD,1593838449,0.1082400936777477
BATUSD,1593846177,0.109371758795999
CADUSD,1593872094,0.7895542188242148
CADUSD,1593883433,0.789168585896015
EURUSD,1593889389,1.1182387776184461
BTCUSD,1593910649,52477.45059554272
XPRUSD,1593920511,0.33527543412809296
BATUSD,1593932257,0.11045868434149378
XPRUSD,1593966328,0.336806962157333
CADUSD,1593972389,0.7889212365188129
EURUSD,1593973261,1.117592905888018
ETHUSD,1594033227,3030.2194829164487
ETHUSD,1594053301,3033.2065727611907
CADUSD,1594061378,0.7889632078904016
BTCUSD,1594106824,52503.34070572701
XPRUSD,1594115434,0.3374346453360656
CADUSD,1594153098,0.7881936872008501
EURUSD,1594179792,1.1172823887373555
EURUSD,1594212973,1.1185105068043024
BATUSD,1594217279,0.11105899627980748
XPRUSD,1594287145,0.337290455181396
EURUSD,1594316991,1.1164309784912054
BATUSD,1594325341,0.1094152388596518
XPRUSD,1594334659,0.3375377618409778
BTCUSD,1594348525,52518.96662546407
EURUSD,1594359565,1.1171611104453043
ETHUSD,1594378059,3031.2568465647523
EURUSD,1594438294,1.117239684607494
EURUSD,1594455852,1.1167423605739262
CADUSD,1594486043,0.788043387388686
CADUSD,1594489896,0.7878385021158472
ETHUSD,1594490874,3037.3963550408707
BATUSD,1594492094,0.11052744747699869
CADUSD,1594495021,0.7872164967166146
ETHUSD,1594499306,3038.9382343722177
BATUSD,1594562068,0.10953441692150005
XPRUSD,1594568182,0.3360605123962309
XPRUSD,1594589830,0.3373270892119026
EURUSD,1594619552,1.1170423136520415
ETHUSD,1594662447,3032.7569728794374
ETHUSD,1594663706,3033.3915449551246
CADUSD,1594673830,0.7884325328508615
EURUSD,1594708378,1.1181738545060222
CADUSD,1594708710,0.7866391293649662
EURUSD,1594790311,1.1196195690620108
BTCUSD,1594813281,52529.952879157725
EURUSD,1594836799,1.118799340691772
CADUSD,1594837983,0.7866040833299651
EURUSD,1594861401,1.1162184040302785
BATUSD,1594872031,0.10815855996385772
EURUSD,1594897373,1.1173532824812675
ETHUSD,1594926961,3031.1469814282887
BTCUSD,1594980738,52536.983557499174
BATUSD,1594995930,0.10852743830963964
EURUSD,1595064368,1.1166245044396736
BTCUSD,1595064605,52559.65534215173
BTCUSD,1595113295,52559.97855634719
XPRUSD,1595121213,0.33992325043023147
XPRUSD,1595142018,0.3383203514428138
BATUSD,1595166355,0.10868000023245174
EURUSD,1595199110,1.1162089415929393
EURUSD,1595225919,1.1157931674970116
CADUSD,1595245927,0.7886336719552312
CADUSD,1595256655,0.7899196403126277
EURUSD,1595309964,1.1168545134961243
CADUSD,1595337882,0.7890906617675921
CADUSD,1595357773,0.7881506422330544
XPRUSD,1595392475,0.3389964070351069
XPRUSD,1595419722,0.33878754087948637
BTCUSD,1595422738,52575.00245799807
XPRUSD,1595442020,0.33913340591636343
XPRUSD,1595486944,0.340590044739402
ETHUSD,1595487929,3024.910060551544
EURUSD,1595524672,1.1196000776174675
BTCUSD,1595531128,52593.74630119207
ETHUSD,1595533393,3026.1207795653254
ETHUSD,1595570594,3028.359127451012
XPRUSD,1595579224,0.34394708503141114
ETHUSD,1595587015,3025.9326803047866
CADUSD,1595600494,0.788095405459699
ETHUSD,1595632831,3027.3261492647457
ETHUSD,1595669397,3029.497369171687
XPRUSD,1595697113,0.34222776994609494
BTCUSD,1595717588,52581.906187847984
CADUSD,1595719993,0.7876563559823563
XPRUSD,1595793859,0.33874007410769347
BTCUSD,1595801849,52591.766229866545
EURUSD,1595808218,1.119240416790126
ETHUSD,1595843726,3030.8665089568167
BATUSD,1595847049,0.10753191703319712
EURUSD,1595857986,1.1206528983545134
BATUSD,1595861234,0.10677894767807078
EURUSD,1595874676,1.12103160915576
BTCUSD,1595914906,52599.43804768546
ETHUSD,1595919179,3032.7964128941594
EURUSD,1595938490,1.1223388794663127
EURUSD,1595983450,1.1227641929363326
ETHUSD,1596000919,3040.7327471713597
BTCUSD,1596006708,52628.38886935199
CADUSD,1596043961,0.7876028735979987
BATUSD,1596045420,0.10593167792263206
EURUSD,1596093707,1.1235237994765865
BTCUSD,1596164987,52658.54319117001
XPRUSD,1596170949,0.3389372845412077
ETHUSD,1596250326,3030.374765771171
CADUSD,1596258850,0.7877341557375013
ETHUSD,1596301759,3041.2327594759868
EURUSD,1596312845,1.1239540092821967
ETHUSD,1596424689,3039.3527047503626
EURUSD,1596431207,1.1248759025592607
XPRUSD,1596438973,0.339576060922835
XPRUSD,1596459216,0.3448279943607152
EURUSD,1596508678,1.124691337364056
CADUSD,1596520372,0.7880123578140243
XPRUSD,1596530016,0.3426270581001712
XPRUSD,1596556246,0.34114512150547144
XPRUSD,1596576660,0.34033453432216154
XPRUSD,1596601136,0.342221717024806
BTCUSD,1596615710,52675.851698292456
EURUSD,1596677202,1.1236025017382159
CADUSD,1596684430,0.7867556661462121
ETHUSD,1596709581,3042.2764917877603
BTCUSD,1596724131,52690.48944747015
CADUSD,1596730335,0.7876897629100432
ETHUSD,1596752234,3037.6554522569795
BATUSD,1596777766,0.1075274786512709
BTCUSD,1596791074,52699.93554989606
BATUSD,1596823413,0.10609011663516012
EURUSD,1596833893,1.1228463134784008
CADUSD,1596878412,0.7867276703796834
BATUSD,1596889665,0.10757320602592402
XPRUSD,1596943080,0.3441935624396676
BTCUSD,1596953189,52713.84209989719
CADUSD,1596986905,0.7865650057222174
BTCUSD,1597006722,52723.19875913397
ETHUSD,1597017800,3041.0290035257667
BATUSD,1597031370,0.10787086283097366
XPRUSD,1597053876,0.34415044642960146
BTCUSD,1597120487,52747.901018317294
ETHUSD,1597142377,3039.292288964884
CADUSD,1597155675,0.7861143401455953
BTCUSD,1597162094,52775.34031532399
BTCUSD,1597171136,52799.78023217663
EURUSD,1597213610,1.1238893992121166
CADUSD,1597240413,0.7853022570263095
BTCUSD,1597244559,52817.03286849423
BATUSD,1597276263,0.10995733271256315
XPRUSD,1597375724,0.3476790045603161
BTCUSD,1597400278,52850.55898302751
BATUSD,1597403993,0.10950250352543348
ETHUSD,1597420245,3038.871936041546
ETHUSD,1597441786,3030.4186091106612
CADUSD,1597479901,0.783523153605711
EURUSD,1597503770,1.1247315808112417
CADUSD,1597537278,0.7829482101380432
BATUSD,1597601221,0.10867247293184878
EURUSD,1597633021,1.1238815561438962
XPRUSD,1597636786,0.34787369553961905
BTCUSD,1597639750,52874.9208475916
XPRUSD,1597647467,0.346976999316985
EURUSD,1597669352,1.1242794727532222
XPRUSD,1597671565,0.35101572199472153
EURUSD,1597706903,1.1236559470374923
CADUSD,1597789200,0.7841182604564206
ETHUSD,1597808277,3029.701730063092
BTCUSD,1597845809,52907.56430452621
ETHUSD,1597853263,3023.361555257658
EURUSD,1597868252,1.1244495011058846
EURUSD,1597886702,1.124581841507413
CADUSD,1597918386,0.7847709985542956
CADUSD,1597933289,0.786334572868987
BATUSD,1597971892,0.10964830434366406
BATUSD,1597974310,0.11030222338434878
BATUSD,1598063427,0.10994057791724818
BATUSD,1598107917,0.1099173175824291
EURUSD,1598127565,1.1247429647796956
XPRUSD,1598183078,0.3555612618466556
ETHUSD,1598197773,3022.0118572990946
XPRUSD,1598202210,0.3594988471204247
ETHUSD,1598210522,3010.184581951058
ETHUSD,1598271381,3010.747416000932
XPRUSD,1598288983,0.3591024982959944
CADUSD,1598305211,0.7864240295610527
ETHUSD,1598357742,3011.416221182798
ETHUSD,1598368683,3006.3073743625932
CADUSD,1598377515,0.7880172134216321
CADUSD,1598396247,0.7881084372219241
CADUSD,1598399151,0.78688894201758
BTCUSD,1598415593,52911.86496204508
CADUSD,1598457205,0.7856052816315036
BATUSD,1598480726,0.10958257877930577
EURUSD,1598505804,1.12474777819528
EURUSD,1598508404,1.1218609873719936
BTCUSD,1598535392,52923.66495627198
CADUSD,1598551069,0.7852566128878445
EURUSD,1598552070,1.1227111377438814
BATUSD,1598568717,0.1102688904895026
ETHUSD,1598576768,3006.6754801571574
BTCUSD,1598577123,52946.9077024386
ETHUSD,1598679118,2999.794273487233
CADUSD,1598688661,0.7841944872988238
CADUSD,1598706353,0.7836707297710194
ETHUSD,1598707796,3003.209745395586
XPRUSD,1598714706,0.3583356037156936
EURUSD,1598718954,1.121818411999098
CADUSD,1598730132,0.7850998337622562
XPRUSD,1598739449,0.3551225326080388
BATUSD,1598763875,0.11119124497560262
CADUSD,1598783478,0.785913121074608
BTCUSD,1598787869,52980.22859979479
ETHUSD,1598794476,2999.5842037177
BTCUSD,1598796402,52986.96050819772
ETHUSD,1598850595,3006.8962615692244
EURUSD,1598883539,1.1225728793739254
XPRUSD,1598909723,0.3561913348182561
BATUSD,1598936824,0.11111858790136511
EURUSD,1598976431,1.1214271510273792
XPRUSD,1598979242,0.3553468356965293
BTCUSD,1599001217,52983.04408417594
BATUSD,1599025270,0.11299339294362068
BATUSD,1599042848,0.11227758579927952
XPRUSD,1599076653,0.35549651967937096
XPRUSD,1599080697,0.352434583933213
EURUSD,1599110508,1.121710977420928
BATUSD,1599112623,0.1128771326723876
EURUSD,1599120533,1.1213419501867814
EURUSD,1599121412,1.121301804111218
BATUSD,1599162486,0.11218201722192435
BATUSD,1599184959,0.11222352495284445
CADUSD,1599204245,0.7843270866029451
XPRUSD,1599222551,0.35090146808763323
BATUSD,1599249693,0.11389918517249946
BTCUSD,1599277867,53001.47781406218
ETHUSD,1599279416,2999.247173515258
ETHUSD,1599279814,2997.0212900764222
BATUSD,1599286106,0.1138458249663781
BTCUSD,1599296429,53015.567202257844
BATUSD,1599313653,0.11434470101196317
ETHUSD,1599327635,2996.6053511961354
BATUSD,1599330266,0.1152782208441155
ETHUSD,1599334960,3001.8401195066244
BTCUSD,1599338226,53052.288387706525
BATUSD,1599362732,0.11498008826053209
BATUSD,1599371701,0.11674618382694424
BATUSD,1599390398,0.11850663614989587
BATUSD,1599404782,0.11680142725157684
ETHUSD,1599415673,3003.2719372674064
BATUSD,1599420299,0.11507446817399572
BTCUSD,1599430368,53066.2147612947
EURUSD,1599499204,1.1215545025330245
CADUSD,1599501182,0.7849090022636255
BATUSD,1599507049,0.11625975692168317
ETHUSD,1599523970,3010.6456451314384
ETHUSD,1599527581,3010.8386293729445
XPRUSD,1599536686,0.35120080808844967
BATUSD,1599547879,0.1160845566811576
EURUSD,1599562615,1.123383766384362
ETHUSD,1599592980,2997.610411453019
ETHUSD,1599599816,2998.569246372398
CADUSD,1599601410,0.7847047330073266
BATUSD,1599606257,0.11844332326371466
EURUSD,1599609013,1.1243526723488153
CADUSD,1599612724,0.7839405108359939
BATUSD,1599646875,0.12090796676638642
XPRUSD,1599688380,0.35151389678540934
CADUSD,1599707244,0.7866699280533297
EURUSD,1599719382,1.1248876767977383
BATUSD,1599732914,0.12134418731959482
BATUSD,1599755086,0.12321240084731855
BTCUSD,1599793073,53086.65620187909
CADUSD,1599811307,0.7866521355011389
ETHUSD,1599845317,3001.1821329507075
BTCUSD,1599849115,53100.57200892552
XPRUSD,1599880040,0.35080639370265193
CADUSD,1599885081,0.7876721711533843
CADUSD,1599926858,0.7873655059659228
ETHUSD,1599929669,2997.53795253721
XPRUSD,1599940874,0.352778264681899
ETHUSD,1599956445,2997.598219655001
BATUSD,1599975639,0.12369937085845292
XPRUSD,1599985432,0.3536106788850985
EURUSD,1600007985,1.124568435607364
BTCUSD,1600032261,53128.16592766472
XPRUSD,1600058082,0.354415067910512
XPRUSD,1600066003,0.35628478744341746
BTCUSD,1600145396,53139.42788316844
XPRUSD,1600148247,0.35660267081709374
BATUSD,1600172409,0.12448258093287327
BATUSD,1600191646,0.12451182497752573
BATUSD,1600208069,0.125731183029794
CADUSD,1600241948,0.787848448506524
BTCUSD,1600252358,53191.39434934091
ETHUSD,1600355534,2994.2078322536026
BATUSD,1600384342,0.12612427484116204
EURUSD,1600390998,1.1232106126748713
BTCUSD,1600401880,53221.72106214161
CADUSD,1600428142,0.7856583761589763
BATUSD,1600434221,0.1259422922355449
ETHUSD,1600445834,2992.622825569375
BTCUSD,1600469176,53264.46796833877
EURUSD,1600482286,1.1235032290103122
CADUSD,1600492999,0.7853534151340318
ETHUSD,1600525341,2987.0374347085817
BATUSD,1600542320,0.12659864600697812
CADUSD,1600543436,0.7836949151159311
BATUSD,1600550469,0.12663499937848113
ETHUSD,1600567278,2985.7954307947343
CADUSD,1600587769,0.7843081542019529
CADUSD,1600603889,0.7843337684741799
EURUSD,1600630271,1.1221930159935056
BTCUSD,1600679890,53282.87749291541
CADUSD,1600699946,0.7847384345288572
BTCUSD,1600769505,53302.220250227474
XPRUSD,1600805913,0.35303402992192656
ETHUSD,1600821141,2986.5944722434683
BATUSD,1600851057,0.1257497402489202
XPRUSD,1600873106,0.3545569182572751
EURUSD,1600902597,1.123423574551416
EURUSD,1600909767,1.1227602504057712
XPRUSD,1600948076,0.35561668244298816
EURUSD,1600957906,1.1232747655077338
XPRUSD,1600989210,0.35590303711764465
CADUSD,1600997547,0.7825879341253485
CADUSD,1601096693,0.7821470302364403
BTCUSD,1601125040,53329.19618692316
BATUSD,1601134299,0.12503757719176892
BATUSD,1601140976,0.12516142468428376
XPRUSD,1601198007,0.35974295607225054
ETHUSD,1601222739,2989.1129828861626
XPRUSD,1601224292,0.35750514729028504
BTCUSD,1601254651,53359.32855615947
XPRUSD,1601279066,0.3588466579783935
ETHUSD,1601280496,2983.9811636094937
BTCUSD,1601285257,53376.38330775026
EURUSD,1601338957,1.1234857549323611
XPRUSD,1601339155,0.36127939150451766
EURUSD,1601340697,1.1252566413722551
ETHUSD,1601342431,2979.261145025086
CADUSD,1601345678,0.7817777285944096
CADUSD,1601350308,0.7832187254536731
BATUSD,1601357572,0.1270569714979667
XPRUSD,1601378556,0.36006709602458636
BTCUSD,1601415999,53396.9065917502
BTCUSD,1601440160,53423.7122136367
BATUSD,1601453554,0.1277303736505002
CADUSD,1601553293,0.7838121685937157
BATUSD,1601607096,0.1272446615399766
BTCUSD,1601608828,53428.924544438836
EURUSD,1601639959,1.1264516295807228
EURUSD,1601665740,1.1249987602951455
BTCUSD,1601683896,53441.99209702814
BATUSD,1601689298,0.1259137086891469
BATUSD,1601717939,0.1254263095529893
XPRUSD,1601767957,0.35995715126965117
BTCUSD,1601777833,53462.88524820032
XPRUSD,1601783345,0.3584065971812953
BTCUSD,1601791942,53498.371213243474
EURUSD,1601793067,1.1245261945319787
CADUSD,1601804000,0.7840268519768866
CADUSD,1601825772,0.7850356375347749
BATUSD,1601835335,0.12655510911901535
BTCUSD,1601836801,53523.344661818875
ETHUSD,1601838131,2979.9868070103403
EURUSD,1601841926,1.1232457643805718
BTCUSD,1601870774,53555.19127438755
EURUSD,1601879351,1.121731817117714
BATUSD,1601885853,0.1259557012454689
XPRUSD,1601902073,0.35875799919923423
BTCUSD,1601936523,53583.025596364154
BATUSD,1601951117,0.1260766305974787
CADUSD,1601953264,0.7852628383046042
BTCUSD,1602004269,53588.022476440114
ETHUSD,1602034687,2994.4000941564314
XPRUSD,1602038654,0.3587702977864583
BATUSD,1602069530,0.12589205911253518
ETHUSD,1602111829,2994.2463190486874
CADUSD,1602119059,0.7852519862589107
ETHUSD,1602136004,2991.4124812484047
BTCUSD,1602169745,53608.13427558592
BATUSD,1602181346,0.12608154794328003
CADUSD,1602202229,0.7868640104662398
BATUSD,1602228931,0.12529974630518825
XPRUSD,1602289309,0.36140154865294655
ETHUSD,1602305558,2988.555738100792
ETHUSD,1602309028,2984.258778945721
BTCUSD,1602314044,53632.324813058476
CADUSD,1602315023,0.7862944521006365
CADUSD,1602316548,0.7869275219591124
CADUSD,1602322451,0.7869507783580166
CADUSD,1602345591,0.7859781685265265
ETHUSD,1602352429,2992.779490176462
BATUSD,1602356571,0.123697771185652
EURUSD,1602404695,1.1226951723168137
EURUSD,1602412246,1.122577422494332
CADUSD,1602440514,0.7865203603944039
BTCUSD,1602461578,53659.52263663972
CADUSD,1602480811,0.7863110402671298
BTCUSD,1602490688,53686.741225241705
XPRUSD,1602490954,0.3611959106690643
CADUSD,1602493271,0.7858502491417458
CADUSD,1602501767,0.7854362284845972
CADUSD,1602533549,0.7862739403841781
BTCUSD,1602538831,53706.062713029634
XPRUSD,1602592596,0.3610758819178433
BATUSD,1602608842,0.12357393618556936
BATUSD,1602636574,0.12366001336251055
ETHUSD,1602663141,2995.525437587659
EURUSD,1602702444,1.1233543918908102
CADUSD,1602732128,0.7861060996558636
EURUSD,1602748236,1.1216133643496455
BTCUSD,1602756922,53718.925517285345
EURUSD,1602758696,1.1223122433466701
ETHUSD,1602790642,2998.6762116301293
XPRUSD,1602808969,0.36093027905713676
ETHUSD,1602812028,2996.9212040169027
CADUSD,1602821579,0.7852684897145505
ETHUSD,1602846847,3000.194180906989
CADUSD,1602883895,0.7844530811503334
BATUSD,1602884151,0.12331606295885418
BATUSD,1602905837,0.1235350919704237
CADUSD,1602913953,0.7856752818870565
BTCUSD,1602941438,53730.30284400534
CADUSD,1602943813,0.7857445075499556
EURUSD,1603016441,1.1212974691237663
CADUSD,1603034093,0.7867948774487642
BATUSD,1603039333,0.12420032370733831
XPRUSD,1603050522,0.3608177917508013
BTCUSD,1603073409,53742.96155242552
CADUSD,1603165212,0.787487587461718
BATUSD,1603212232,0.1232696605392653
EURUSD,1603213841,1.1203046904833924
ETHUSD,1603234703,2999.922273640268
BATUSD,1603260343,0.12187204944999995
ETHUSD,1603262830,2994.11738163211
XPRUSD,1603264673,0.35967094485138346
CADUSD,1603269020,0.7873848199919029
EURUSD,1603294758,1.1200111564687272
CADUSD,1603392816,0.7875305537349201
BTCUSD,1603420930,53748.5345053388
EURUSD,1603425016,1.1204113588559939
CADUSD,1603444306,0.7881975255434445
CADUSD,1603469467,0.7885909919218161
EURUSD,1603498994,1.1216876157010203
EURUSD,1603510595,1.1215158309669933
XPRUSD,1603541884,0.3592065268230595
XPRUSD,1603554211,0.36171219470444704
BATUSD,1603558851,0.12143193002420861
BTCUSD,1603559387,53757.384379534575
BATUSD,1603571949,0.12099951897455329
CADUSD,1603613424,0.7876918191946641
XPRUSD,1603613496,0.3592133077239923
CADUSD,1603617209,0.7884379577308643
BTCUSD,1603618662,53775.73126802072
BATUSD,1603663610,0.12153631700807131
CADUSD,1603698310,0.787216558773389
BATUSD,1603702734,0.12289581091433692
ETHUSD,1603709674,2993.213441231435
BATUSD,1603753992,0.12309189917138358
ETHUSD,1603760775,2993.43904954484
ETHUSD,1603795735,2994.65935434343
BATUSD,1603802165,0.12216048020741281
BATUSD,1603807914,0.1209999213647174
EURUSD,1603905904,1.1212583320698477
BTCUSD,1603937086,53785.99313218486
XPRUSD,1603958230,0.3601474079321494
BTCUSD,1603974268,53814.8834564187
BTCUSD,1603980972,53837.89869158978
EURUSD,1603996501,1.1203828475067974
ETHUSD,1604015386,2992.5852358327193
XPRUSD,1604017624,0.36010088751006736
BATUSD,1604060605,0.12118043037749905
BTCUSD,1604063946,53853.546358477935
XPRUSD,1604081713,0.3621158694773038
XPRUSD,1604096776,0.36341601933811507
BTCUSD,1604102762,53886.33254137997
XPRUSD,1604105485,0.3650001195520285
EURUSD,1604124328,1.1200591705653757
BATUSD,1604148547,0.1221899037236642
ETHUSD,1604171673,2997.5701987597577
BATUSD,1604194256,0.12118691721447558
CADUSD,1604195635,0.78700084074385
CADUSD,1604233748,0.7878503532313001
ETHUSD,1604244466,2987.567307895362
BTCUSD,1604330719,53900.335823994596
CADUSD,1604340645,0.7883698848963778
BTCUSD,1604366429,53914.397576239055
BATUSD,1604417481,0.12150450677805444
BTCUSD,1604430328,53937.40991111787
ETHUSD,1604474931,2989.3489718342644
CADUSD,1604488923,0.7888938226243478
EURUSD,1604495897,1.1218760597317723
EURUSD,1604549671,1.1203873242646587
BTCUSD,1604574648,53958.61764478528
EURUSD,1604583846,1.1195988065745046
ETHUSD,1604597179,2993.6722864359513
BATUSD,1604636030,0.1205885915086818
XPRUSD,1604644386,0.3652647274387287
BTCUSD,1604671791,53965.14759287656
CADUSD,1604680808,0.7886661009116417
ETHUSD,1604705567,2991.949405626608
ETHUSD,1604726125,2993.4745708269174
XPRUSD,1604731550,0.36491823775503507
ETHUSD,1604733016,2997.787445694371
BTCUSD,1604754193,53987.52497473581
BTCUSD,1604771117,54007.28663157636
BATUSD,1604798761,0.12142977783752426
BTCUSD,1604846047,54035.33510902909
CADUSD,1604859801,0.7878146303330277
XPRUSD,1604882169,0.3638210244902899
CADUSD,1604928097,0.7862861531291733
XPRUSD,1604961239,0.36173292630996534
ETHUSD,1604963786,2987.711813196377
XPRUSD,1604965271,0.3624505997287981
BATUSD,1605000429,0.12252392526985847
EURUSD,1605008106,1.1196960028783294
CADUSD,1605016739,0.7851593912065914
BATUSD,1605038205,0.12155622576569801
BATUSD,1605047016,0.1225594055760897
CADUSD,1605085646,0.7857010849824987
ETHUSD,1605086170,2983.465411737111
CADUSD,1605091877,0.784905022818772
BTCUSD,1605095187,54068.93913223733
BTCUSD,1605109440,54106.66298123252
EURUSD,1605125437,1.1187290449202276
BTCUSD,1605155541,54122.760752186354
CADUSD,1605178703,0.7870210980673831
XPRUSD,1605184713,0.36502290266521764
CADUSD,1605275354,0.7861598152531604
CADUSD,1605278209,0.7849495207309412
BATUSD,1605311584,0.1240225688841065
BTCUSD,1605355555,54149.93475233217
EURUSD,1605382820,1.1175909896360918
BATUSD,1605415030,0.12311023690150302
BTCUSD,1605429703,54175.49109813112
BTCUSD,1605444772,54205.54075052772
XPRUSD,1605452691,0.36438878319937895
BATUSD,1605491930,0.12273766789315334
BATUSD,1605505323,0.12301947221468645
BTCUSD,1605508798,54222.57994737997
BTCUSD,1605509167,54222.49240611168
XPRUSD,1605521029,0.3661710218732233
BATUSD,1605535941,0.1218823670106074
XPRUSD,1605538433,0.3667014481026857
CADUSD,1605541884,0.7844535223139164
BATUSD,1605559655,0.12222290215364873
BATUSD,1605574353,0.12176921644417647
EURUSD,1605592866,1.117540034127048
EURUSD,1605593319,1.118253464276109
BTCUSD,1605613565,54243.43409034807
CADUSD,1605617818,0.7839108654999509
BATUSD,1605666288,0.12175741549807302
BATUSD,1605676943,0.1196638736130297
ETHUSD,1605722821,2975.9999530902046
ETHUSD,1605725960,2977.5972476875113
CADUSD,1605732779,0.785055001835686
EURUSD,1605773712,1.119372551125322
XPRUSD,1605780732,0.36572106411527877
ETHUSD,1605785573,2969.2925466092047
ETHUSD,1605844259,2972.017339944681
BTCUSD,1605869080,54247.93675134289
BTCUSD,1605938121,54268.640810722245
XPRUSD,1605950174,0.366514893953418
BTCUSD,1605959290,54299.73859618533
ETHUSD,1605976437,2973.4422881091446
XPRUSD,1605994408,0.36724346216849
XPRUSD,1605997588,0.36709614140116537
BTCUSD,1606009120,54305.24915476595
BATUSD,1606012060,0.11963514299995645
XPRUSD,1606023060,0.3683654826904423
EURUSD,1606057353,1.1195740350883165
CADUSD,1606107969,0.7846549026427725
CADUSD,1606112897,0.7848922545219604
CADUSD,1606129762,0.7840405900908692
EURUSD,1606148699,1.1173826755200555
BTCUSD,1606151245,54337.907005068235
BTCUSD,1606177770,54366.283835271795
BATUSD,1606204300,0.1216321916264315
BATUSD,1606210389,0.12388614338049213
CADUSD,1606213242,0.7846486896830829
BATUSD,1606263742,0.12475725108142315
EURUSD,1606277264,1.1159100592667732
CADUSD,1606312494,0.7847251913778724
BATUSD,1606397049,0.12537361407595715
XPRUSD,1606397411,0.36991315919965745
EURUSD,1606407397,1.1160835528933817
BTCUSD,1606474313,54386.1556415356
XPRUSD,1606489944,0.3711812494292814
XPRUSD,1606503059,0.3682008815138538
EURUSD,1606505200,1.115464252509516
XPRUSD,1606527104,0.3677810592408066
XPRUSD,1606539793,0.3708533607594144
EURUSD,1606551503,1.115671612981425
ETHUSD,1606562088,2981.770419267633
CADUSD,1606596277,0.784114638865745
EURUSD,1606649931,1.113193581182597
BTCUSD,1606650011,54403.134256795565
BATUSD,1606659116,0.12569644528085258
XPRUSD,1606673144,0.36865756809448774
EURUSD,1606699470,1.1125378523958556
XPRUSD,1606745157,0.36965171573964195
EURUSD,1606751032,1.1128941610950212
BATUSD,1606751593,0.1254357083805005
CADUSD,1606762838,0.7842182684948045
EURUSD,1606774564,1.1117002693906028
ETHUSD,1606784699,2979.633613796281
EURUSD,1606797614,1.1121554062200845
ETHUSD,1606815708,2981.8509660704012
ETHUSD,1606847645,2982.4157065539002
BATUSD,1606853367,0.12633734175354985
EURUSD,1606855459,1.1134389867631447
XPRUSD,1606892158,0.37012714804454405
BATUSD,1606913954,0.12629845377632587
ETHUSD,1606933130,2983.896106797962
CADUSD,1606942316,0.7849671997608724
CADUSD,1606996876,0.7844081366283588
BTCUSD,1606997014,54421.48008396089
EURUSD,1607020274,1.1115583001574711
ETHUSD,1607032683,2985.0339226470305
ETHUSD,1607166745,2984.5415076297068
ETHUSD,1607178537,2982.233813050769
XPRUSD,1607184380,0.3689888392673306
XPRUSD,1607220808,0.3689094912560787
ETHUSD,1607220896,2973.4312817778427
BATUSD,1607227364,0.12597801857585145
CADUSD,1607288601,0.7863603368839481
BTCUSD,1607301771,54455.83559659591
BATUSD,1607358455,0.1258847312383627
EURUSD,1607378074,1.111314501319492
CADUSD,1607380474,0.7867784389023679
BTCUSD,1607390951,54480.818965385355
CADUSD,1607403618,0.7862202009791027
XPRUSD,1607427269,0.3686677876094596
ETHUSD,1607435116,2972.279794201001
BATUSD,1607456401,0.1265136763533302
BTCUSD,1607462857,54502.050470494294
CADUSD,1607487323,0.7871971678645233
CADUSD,1607508350,0.7873462287274977
BATUSD,1607522027,0.12422272421313298
BATUSD,1607552874,0.12505820946244944
ETHUSD,1607554015,2976.9509353574463
BTCUSD,1607573073,54506.71299367362
CADUSD,1607586294,0.7866738819841725
EURUSD,1607586703,1.1127093416107523
CADUSD,1607586926,0.7891002706543602
XPRUSD,1607596091,0.3710508143675808
BTCUSD,1607600855,54534.157142789976
BTCUSD,1607602246,54548.76277073744
BTCUSD,1607610353,54547.23163301245
BATUSD,1607641119,0.12382385882520579
XPRUSD,1607673149,0.37098376923573917
ETHUSD,1607675189,2975.268206974005
EURUSD,1607731502,1.1130573029121482
XPRUSD,1607760659,0.3685992743150407
BTCUSD,1607771335,54589.73507319424
ETHUSD,1607773419,2971.515270914502
ETHUSD,1607787370,2967.83691983815
BTCUSD,1607809931,54609.541281654616
ETHUSD,1607855889,2959.7315243436396
XPRUSD,1607887095,0.3663715907009626
CADUSD,1607887980,0.789638254793672
BATUSD,1607890524,0.1243500483133994
XPRUSD,1607911229,0.36867637458219094
BATUSD,1607914045,0.12493392994088966
BATUSD,1607915392,0.12598444626591498
ETHUSD,1607935082,2953.591447571543
ETHUSD,1607963224,2948.6671173772825
BTCUSD,1607986372,54635.629845647774
BATUSD,1607995037,0.12652261721124639
EURUSD,1608002342,1.113642857282578
EURUSD,1608010737,1.114574910069439
BTCUSD,1608120957,54667.38506305409
EURUSD,1608122155,1.1118376973111288
BTCUSD,1608133642,54668.12030030511
ETHUSD,1608186486,2950.307131022318
EURUSD,1608208716,1.1112645707320892
BTCUSD,1608214107,54693.56958068605
EURUSD,1608315868,1.1102451748680473
BATUSD,1608390515,0.12690912807682828
EURUSD,1608464576,1.110034670395726
CADUSD,1608484672,0.7902558046003306
EURUSD,1608507581,1.1094800137977971
XPRUSD,1608559819,0.3713765126550655
ETHUSD,1608560808,2955.6436801198133
XPRUSD,1608575174,0.372421492022126
ETHUSD,1608603045,2953.5029344246122
XPRUSD,1608607940,0.36889036475079146
XPRUSD,1608626276,0.3661105378172389
XPRUSD,1608701058,0.36225166823027477
BATUSD,1608707978,0.12817913500324732
BTCUSD,1608714595,54694.01928103073
BTCUSD,1608732979,54713.78007461691
BATUSD,1608750539,0.12692133366573538
BTCUSD,1608794799,54723.82457984901
ETHUSD,1608831434,2949.3972875607956
CADUSD,1608863281,0.7894731044329314
XPRUSD,1608885371,0.3618895965879398
CADUSD,1608906462,0.7904408995571568
CADUSD,1608920416,0.7921166131442604
ETHUSD,1608934382,2947.7644226981115
CADUSD,1608965623,0.7917390040616932
BATUSD,1608984104,0.12575316438495135
BATUSD,1608995947,0.12449400177991495
CADUSD,1608997059,0.7904631587404727
EURUSD,1609021724,1.1103096952307323
BATUSD,1609024555,0.12413375522745816
BTCUSD,1609064717,54749.01205102333
BATUSD,1609073393,0.1249472078137752
XPRUSD,1609086275,0.3630368699099741
EURUSD,1609103079,1.1102245089100655
CADUSD,1609112127,0.7905470949059824
BTCUSD,1609155303,54755.764611434846
CADUSD,1609201950,0.7926124769777195
BTCUSD,1609203138,54768.859305499594
EURUSD,1609212262,1.111449171320015
BTCUSD,1609214218,54787.46907967969
ETHUSD,1609233960,2940.118912325733
CADUSD,1609280985,0.7931036564479336
BATUSD,1609307368,0.12582142090746815
XPRUSD,1609321243,0.36206641241588705
XPRUSD,1609321551,0.35949092264659893
XPRUSD,1609328101,0.3587607813060219
CADUSD,1609354844,0.7932293424253998
XPRUSD,1609362189,0.35918707831918784
ETHUSD,1609362387,2944.418121958332
ETHUSD,1609365253,2944.339152349823
CADUSD,1609373897,0.7942086406101893
XPRUSD,1609374743,0.361225691066276
BTCUSD,1609375127,54808.348467942815
BTCUSD,1609380500,54816.395161144166
CADUSD,1609412389,0.7934673739669246
CADUSD,1609428138,0.7911072540539876
XPRUSD,1609433523,0.36069477964182944
XPRUSD,1609435053,0.3638121713926815
XPRUSD,1609441768,0.3622573227853465
XPRUSD,1609448680,0.3636749346727346
ETHUSD,1609455313,2935.191958338969
ETHUSD,1609457961,2933.828595995251
CADUSD,1609486311,0.7917643492218936
BATUSD,1609564201,0.1270923133921301
ETHUSD,1609567213,2932.241497573421
BTCUSD,1609580746,54825.69759009138
BATUSD,1609614345,0.12612768587868742
BATUSD,1609623684,0.12396105392150261
EURUSD,1609632190,1.1106255459387229
XPRUSD,1609632621,0.36306467886091504
BTCUSD,1609635021,54850.963656471125
CADUSD,1609659361,0.7923406682892551
BTCUSD,1609691755,54877.477232612706
ETHUSD,1609698941,2931.2069310843685
XPRUSD,1609726445,0.3644912128066105
EURUSD,1609727005,1.1111767191623614
BATUSD,1609727130,0.12414841935715268
CADUSD,1609761769,0.7918021396347326
CADUSD,1609803095,0.7915802373252108
BTCUSD,1609828299,54893.28340228032
BATUSD,1609834412,0.12396570899659244
CADUSD,1609878182,0.7915086454457938
ETHUSD,1609884631,2937.668699076855
EURUSD,1609913378,1.1099174397028457
CADUSD,1609926003,0.7922543689584053
CADUSD,1610007633,0.7915548976590566
CADUSD,1610049841,0.7918831058948671
CADUSD,1610051838,0.7895376271606339
EURUSD,1610141158,1.1100846850330737
EURUSD,1610208833,1.109481644261552
BTCUSD,1610240530,54913.86501269422
ETHUSD,1610265470,2944.299855867041
CADUSD,1610271950,0.7912784334749348
BATUSD,1610272855,0.12404622012773332
CADUSD,1610308257,0.7911020056180308
ETHUSD,1610313178,2942.619787848092
BATUSD,1610317600,0.12304825568172631
XPRUSD,1610360775,0.3674309159283139
EURUSD,1610367340,1.1099685517228168
BATUSD,1610435512,0.1234214856274548
ETHUSD,1610449813,2948.9683003675727
BTCUSD,1610504852,54935.85770202146
CADUSD,1610511142,0.7907628065327932
ETHUSD,1610532445,2940.9105682302074
CADUSD,1610534150,0.7907472828095587
CADUSD,1610574966,0.7915193590959747
ETHUSD,1610582703,2948.2963223886013
BTCUSD,1610584712,54970.284419577525
XPRUSD,1610599836,0.3674072354283821
ETHUSD,1610612487,2945.7003769327653
EURUSD,1610612660,1.1096074022641773
XPRUSD,1610659277,0.36786347932196534
EURUSD,1610667857,1.1094369533266957
BATUSD,1610672983,0.12286915586629676
BTCUSD,1610694316,54995.9090126364
CADUSD,1610778074,0.7889919698864565
EURUSD,1610820057,1.110062342870337
BTCUSD,1610827509,55011.27358856605
ETHUSD,1610845291,2957.485147863625
EURUSD,1610854689,1.1098089039004924
BATUSD,1610912030,0.1220628570280615
ETHUSD,1610940349,2955.0543180698596
BATUSD,1610941325,0.12083542629839139
BATUSD,1610965456,0.12028878035890253
BTCUSD,1610967786,55042.29357042776
BTCUSD,1611006970,55071.674610439346
BTCUSD,1611022414,55091.44274931436
EURUSD,1611029623,1.1103968633678534
BTCUSD,1611037285,55119.38830318034
BTCUSD,1611046282,55129.84727227619
EURUSD,1611047041,1.1079691965875067
EURUSD,1611061903,1.107421455784455
XPRUSD,1611094995,0.3693196632443615
ETHUSD,1611169412,2956.179294164554
BTCUSD,1611192829,55128.94310454271
EURUSD,1611204342,1.1054699546372662
ETHUSD,1611211183,2964.1112603678416
ETHUSD,1611220908,2977.99167478823
ETHUSD,1611241558,2982.3304499927945
BTCUSD,1611244870,55147.83895399486
ETHUSD,1611270349,2982.3394020492215
EURUSD,1611276940,1.1048892557093075
BATUSD,1611289651,0.11911506719522973
ETHUSD,1611289670,2976.8092763392847
CADUSD,1611306428,0.7897843103305765
ETHUSD,1611321464,2966.4553474551117
ETHUSD,1611332149,2968.4597490558444
BATUSD,1611337558,0.12017729205770324
CADUSD,1611362862,0.788520297110644
BATUSD,1611369907,0.12030347018811269
ETHUSD,1611421573,2968.9515823082884
CADUSD,1611489402,0.7882383496227603
CADUSD,1611500940,0.788513981543789
EURUSD,1611503759,1.103063708433942
BATUSD,1611505415,0.11844479983804028
BTCUSD,1611525098,55158.21221507112
BTCUSD,1611533638,55178.48508921142
XPRUSD,1611548794,0.369529991395942
BTCUSD,1611569965,55208.18646936436
BATUSD,1611615267,0.1181483874256539
BTCUSD,1611643869,55244.27095714001
CADUSD,1611652720,0.7882480592876651
BATUSD,1611693703,0.1195294236383869
ETHUSD,1611703771,2968.566322570239
BATUSD,1611709999,0.11941227846263025
BTCUSD,1611729974,55265.850687905244
BATUSD,1611736475,0.12077418264670826
BTCUSD,1611747122,55281.58070074845
BATUSD,1611750397,0.12019349302744833
EURUSD,1611783929,1.1023170108911433
BTCUSD,1611856315,55315.59501593722
XPRUSD,1611864918,0.3692236726851558
XPRUSD,1611886264,0.37039624107808333
BATUSD,1611938535,0.11983546902491676
EURUSD,1611944429,1.1015774994474636
CADUSD,1611973650,0.7886229626856198
BTCUSD,1611982549,55332.83335879143
ETHUSD,1611991903,2974.703597298472
CADUSD,1612066475,0.7876112928282449
EURUSD,1612068026,1.101773900377478
BATUSD,1612076822,0.11775144956291812
BATUSD,1612099835,0.11829458638000225
ETHUSD,1612114794,2976.2433679736896
BATUSD,1612198109,0.1177522912286489
CADUSD,1612210224,0.7869821463912048
BTCUSD,1612237841,55364.86883254277
BTCUSD,1612262769,55373.66225307075
CADUSD,1612282571,0.788038576501785
EURUSD,1612314880,1.1019114176016587
BTCUSD,1612339341,55391.45164186962
EURUSD,1612341739,1.1033155220894866
XPRUSD,1612367260,0.3699253880313061
CADUSD,1612425585,0.7890724971493001
BATUSD,1612446363,0.11800387311554061
ETHUSD,1612449028,2967.970592321143
XPRUSD,1612546315,0.3689164626819935
XPRUSD,1612560388,0.3669421953967172
BATUSD,1612565150,0.11728736774298294
CADUSD,1612571967,0.7873391846118135
BATUSD,1612595889,0.11794748424660151
CADUSD,1612604683,0.7864954544142428
ETHUSD,1612628116,2960.021031377462
CADUSD,1612643758,0.7855726658097286
ETHUSD,1612688969,2978.580810896243
BTCUSD,1612690975,55411.16810057212
XPRUSD,1612700618,0.36621714686504947
EURUSD,1612701493,1.1036305928837582
BTCUSD,1612725862,55411.41882332767
ETHUSD,1612782786,2988.67579747714
EURUSD,1612797599,1.103066986893095
ETHUSD,1612829267,2993.632189210841
XPRUSD,1612886461,0.3643376817969247
CADUSD,1612890083,0.7838339703500992
ETHUSD,1612896331,2995.421038632573
BTCUSD,1612942700,55441.434286440795
BTCUSD,1612943825,55465.09551042921
ETHUSD,1612952484,2998.770246934728
EURUSD,1613046688,1.1022720138818356
CADUSD,1613064032,0.7833724419197418
EURUSD,1613070733,1.1013429147306537
BTCUSD,1613077027,55479.26566956861
XPRUSD,1613077785,0.36674654707598137
XPRUSD,1613081325,0.36746203563436786
EURUSD,1613086585,1.1006294724627392
CADUSD,1613123791,0.7821391681871009
ETHUSD,1613132710,2995.903614382812
BTCUSD,1613145960,55490.66425789674
XPRUSD,1613148603,0.37067835092657064
ETHUSD,1613176519,2998.711147338926
BATUSD,1613207070,0.11932792275007814
XPRUSD,1613241272,0.3674214048570534
EURUSD,1613246949,1.101426095768076
XPRUSD,1613254337,0.3660656183017257
EURUSD,1613262067,1.103463156867979
XPRUSD,1613266989,0.36600155940007717
EURUSD,1613272334,1.1060310384768077
XPRUSD,1613291395,0.36640412910040476
XPRUSD,1613294507,0.3690060080902415
XPRUSD,1613314339,0.36841523548877225
BATUSD,1613327568,0.11895514521347716
BTCUSD,1613334594,55489.15562921997
CADUSD,1613348907,0.7811515541540632
ETHUSD,1613415586,3002.7783282805926
ETHUSD,1613433341,3005.0106014005237
BATUSD,1613436761,0.11865730001978597
EURUSD,1613499365,1.1047720700058148
ETHUSD,1613539591,3003.138352969346
BATUSD,1613542530,0.11908526889150209
BATUSD,1613557488,0.11911363255217208
XPRUSD,1613570145,0.36763310033187596
ETHUSD,1613584049,3008.1575150988024
EURUSD,1613585816,1.1060691524862927
XPRUSD,1613613223,0.3675681620310155
BTCUSD,1613627867,55516.692046148375
BATUSD,1613635708,0.11908529340852156
BATUSD,1613652334,0.1188174462200956
ETHUSD,1613654810,3011.4242416092775
CADUSD,1613695507,0.7801069647322092
EURUSD,1613707645,1.1068283709635605
CADUSD,1613711498,0.7824977646179506
BTCUSD,1613735956,55521.4749751712
EURUSD,1613740317,1.105126599395235
BATUSD,1613767810,0.11909471309261843
ETHUSD,1613772171,3004.865240185628
CADUSD,1613774988,0.7826368941304935
EURUSD,1613792729,1.1064937495328886
BTCUSD,1613863400,55539.495119491265
BATUSD,1613968399,0.11944002197906278
EURUSD,1613969034,1.1050795273856602
CADUSD,1613987109,0.7829869992134705
EURUSD,1613989334,1.1072785457402798
EURUSD,1613989608,1.1079212384852462
BTCUSD,1613992430,55558.23556446708
CADUSD,1614019403,0.7828861957238316
BTCUSD,1614027471,55589.7225262969
BATUSD,1614053454,0.1191939166401759
CADUSD,1614057535,0.7831191639295206
EURUSD,1614058118,1.1104467349570584
XPRUSD,1614068515,0.3716524451454056
XPRUSD,1614087765,0.37154138191256286
XPRUSD,1614128257,0.3721955764389569
BATUSD,1614185214,0.11899704198161838
BATUSD,1614214708,0.12022694584689254
BTCUSD,1614256155,55616.4673337392
CADUSD,1614274798,0.7827327091536914
XPRUSD,1614279780,0.3726764998557411
EURUSD,1614280567,1.111646395720075
BATUSD,1614299509,0.12052875142941241
XPRUSD,1614341998,0.3698482675757111
CADUSD,1614353017,0.781985620853671
ETHUSD,1614355332,2999.1649173040687
BATUSD,1614363984,0.11951118746242531
ETHUSD,1614367153,3002.5693174889393
XPRUSD,1614381580,0.3700667648272349
BATUSD,1614433130,0.12025349148626215
BTCUSD,1614463596,55629.66558631194
EURUSD,1614505589,1.1104832246021383
CADUSD,1614512129,0.7821322528285548
EURUSD,1614537740,1.111773189318872
ETHUSD,1614579085,2994.211801362359
BTCUSD,1614591914,55663.36553489116
BTCUSD,1614601788,55693.6190797454
BATUSD,1614604213,0.12036465546148245
CADUSD,1614630029,0.7831156867516591
BTCUSD,1614653303,55721.70297305255
BTCUSD,1614731265,55742.822438408504
XPRUSD,1614747494,0.3735945976070025
BATUSD,1614762933,0.11919337382187867
EURUSD,1614806300,1.1119529659626515
XPRUSD,1614838861,0.377594161693232
BTCUSD,1614861033,55779.98260463989
BATUSD,1614862330,0.12025003723375881
BATUSD,1614921208,0.12136945044594566
CADUSD,1614933100,0.7834018448025608
BTCUSD,1614948246,55800.42110133358
CADUSD,1614968869,0.7838843691126396
XPRUSD,1614978339,0.37891846277978625
ETHUSD,1614986546,3000.6003120153937
XPRUSD,1615010163,0.37789868259517095
XPRUSD,1615029431,0.37696309876919365
EURUSD,1615032992,1.1143211832154332
ETHUSD,1615105962,2999.1194492194586
EURUSD,1615143372,1.1140873887056704
ETHUSD,1615162266,2998.1661081166612
EURUSD,1615166340,1.11558059344944
ETHUSD,1615178293,2999.8545644295177
BTCUSD,1615225336,55833.19858784573
CADUSD,1615228790,0.7843725943524403
BTCUSD,1615248235,55847.165054414785
BATUSD,1615284345,0.1222263046813756
XPRUSD,1615296995,0.3770197439129027
BTCUSD,1615334058,55882.58558571281
ETHUSD,1615338806,3004.512986260089
EURUSD,1615367466,1.1159074194364018
XPRUSD,1615396318,0.37855809593399087
EURUSD,1615398953,1.1161044401582383
BTCUSD,1615415191,55897.79611274831
CADUSD,1615441364,0.7844201083025104
CADUSD,1615460526,0.7848507322834058
BATUSD,1615470822,0.1214899396041916
EURUSD,1615476345,1.115450617806582
ETHUSD,1615496293,3004.027957465294
BATUSD,1615503098,0.12168208830847226
ETHUSD,1615516480,3003.434512134565
CADUSD,1615527321,0.7850741282782823
BATUSD,1615547198,0.12277090971667476
BTCUSD,1615609952,55924.22632673795
EURUSD,1615632782,1.1144262270425458
BTCUSD,1615640170,55942.506520117415
ETHUSD,1615641642,3003.5428845306124
CADUSD,1615663735,0.7852758065325742
EURUSD,1615683994,1.1154118579509464
ETHUSD,1615686879,3000.1996492570793
ETHUSD,1615701010,2993.0354245863714
EURUSD,1615711680,1.115255435642371
BATUSD,1615739636,0.12034938585204051
BATUSD,1615782060,0.12120127959397162
BTCUSD,1615795204,55946.20415589039
EURUSD,1615807878,1.1160556512182962
XPRUSD,1615873637,0.38007363117221693
ETHUSD,1615877717,2987.5227460374645
ETHUSD,1615878022,2987.5701850972946
ETHUSD,1615987730,2984.1113120846812
CADUSD,1615987910,0.7833015831053841
EURUSD,1616007398,1.1154871352477262
EURUSD,1616008585,1.1157593689479965
XPRUSD,1616019575,0.379091756431415
ETHUSD,1616029531,2980.1224612169935
CADUSD,1616119242,0.7833705821273907
CADUSD,1616141652,0.7823122301713642
CADUSD,1616158630,0.7845237120096452
CADUSD,1616185054,0.783958417446009
BATUSD,1616187270,0.12128451873265442
EURUSD,1616219610,1.1164361025686695
BATUSD,1616231672,0.1210041511239858
EURUSD,1616234818,1.1164227656232093
EURUSD,1616251419,1.1159375153943074
BTCUSD,1616273978,55970.71121368757
XPRUSD,1616285402,0.3820795794474831
CADUSD,1616325632,0.7834247297091298
ETHUSD,1616328324,2974.234341633065
ETHUSD,1616349426,2974.6154600721193
XPRUSD,1616392281,0.3825972423659619
BATUSD,1616409974,0.12009546091490722
ETHUSD,1616412467,2983.357188401987
CADUSD,1616467083,0.78261947519577
BATUSD,1616467363,0.12069871005378402
XPRUSD,1616488351,0.38302598220752776
CADUSD,1616502332,0.7831868408032441
CADUSD,1616548563,0.7835232934759611
ETHUSD,1616552389,2975.3208321534557
EURUSD,1616589101,1.11603655717951
XPRUSD,1616618077,0.3845882833545758
EURUSD,1616630492,1.1167966916582515
XPRUSD,1616643701,0.3866033266437326
BATUSD,1616696383,0.12113005471176065
BATUSD,1616725685,0.12082227192399962
BTCUSD,1616733723,55971.57741379409
BATUSD,1616799917,0.1214236342901645
CADUSD,1616824474,0.7837562177464164
CADUSD,1616826593,0.7833492466005966
BTCUSD,1616843794,55988.100030176625
XPRUSD,1616871052,0.3886320661189015
EURUSD,1616876994,1.1167201846501602
BTCUSD,1616886885,56018.729553566634
ETHUSD,1616901146,2982.978650075795
BTCUSD,1616903325,56047.61180154216
CADUSD,1616937630,0.7836460959488664
BATUSD,1617031732,0.12121827155455984
CADUSD,1617057895,0.7832600372039411
CADUSD,1617097349,0.7831277804980673
EURUSD,1617214785,1.1179219764655408
XPRUSD,1617228969,0.39001511472117734
XPRUSD,1617229921,0.3848572028151939
BATUSD,1617250006,0.12284165154060103
ETHUSD,1617269418,2982.2065139592582
ETHUSD,1617277137,2984.499155561999
BTCUSD,1617338403,56057.055151759654
BTCUSD,1617338587,56071.2168181027
CADUSD,1617351876,0.7856888667164199
CADUSD,1617379536,0.7869324321425958
BTCUSD,1617380465,56091.59701855199
EURUSD,1617418656,1.1198921306755745
CADUSD,1617431594,0.7883892183367278
BATUSD,1617440114,0.12326548807769258
EURUSD,1617473638,1.1210212249050884
XPRUSD,1617473793,0.3836079151331248
CADUSD,1617491838,0.7884625647669473
EURUSD,1617500940,1.1220518031714921
BATUSD,1617519229,0.12124704687796753
BATUSD,1617523265,0.12172618360353298
ETHUSD,1617548059,2991.9555875421547
EURUSD,1617629222,1.122783823576411
BTCUSD,1617670016,56111.68269317587
CADUSD,1617679658,0.7898124929063095
CADUSD,1617742821,0.7904309943073969
BATUSD,1617766340,0.12179114794783424
BTCUSD,1617776396,56126.12255311432
XPRUSD,1617802264,0.3838696019426166
CADUSD,1617836306,0.7909388893894332
BATUSD,1617844528,0.12233270721065816
EURUSD,1617847761,1.1253805294345265
BTCUSD,1617855203,56157.61098962844
EURUSD,1617909993,1.123790227793234
EURUSD,1617917199,1.1227573720578916
CADUSD,1617943045,0.789999625745359
XPRUSD,1617996039,0.38404541538438114
EURUSD,1618002799,1.1224523431112263
BATUSD,1618046317,0.1228310584139351
XPRUSD,1618066460,0.38115205594398194
BATUSD,1618096165,0.12321689038674626
BTCUSD,1618105031,56193.4412988771
BTCUSD,1618177394,56217.77089335227
BTCUSD,1618199162,56231.94403545597
CADUSD,1618202869,0.7915828167742563
CADUSD,1618204773,0.7909400538218511
CADUSD,1618211968,0.7899516312947051
BATUSD,1618214534,0.12360285537826887
XPRUSD,1618227570,0.3818453833592234
EURUSD,1618229395,1.122354472707783
BTCUSD,1618331064,56270.96158000244
BTCUSD,1618342506,56288.98790670018
CADUSD,1618361242,0.7908303402737142
CADUSD,1618384194,0.7896999829037186
BATUSD,1618401549,0.1236864699327815
ETHUSD,1618407437,3001.041124889201
EURUSD,1618423564,1.1225582733934
XPRUSD,1618424335,0.3808060936900037
CADUSD,1618424593,0.7898755739742654
EURUSD,1618433967,1.12086335565831
ETHUSD,1618477341,2999.519059544657
EURUSD,1618512473,1.1219663479348456
BATUSD,1618522360,0.12480825442419823
ETHUSD,1618528661,3006.289185608462
BTCUSD,1618542486,56330.9672972671
BTCUSD,1618576689,56360.94878007004
EURUSD,1618605770,1.1204970222343347
CADUSD,1618606668,0.7901768424337242
EURUSD,1618619461,1.1222619157932279
BTCUSD,1618655083,56381.01292269925
EURUSD,1618676718,1.1209024491613342
EURUSD,1618688240,1.1197670112755782
CADUSD,1618694534,0.7881761065226143
EURUSD,1618695285,1.119568520191099
BTCUSD,1618701498,56399.35453069394
BTCUSD,1618718006,56424.13640757312
CADUSD,1618741412,0.7873878570122543
EURUSD,1618749105,1.119508909149345
XPRUSD,1618768441,0.38046970933397767
BTCUSD,1618803094,56443.94441072259
EURUSD,1618824588,1.1199200044839115
XPRUSD,1618897406,0.3836952401108935
XPRUSD,1618920830,0.38258062341025245
XPRUSD,1618950776,0.38610607693595894
XPRUSD,1618968239,0.3853367714251783
BATUSD,1618985170,0.12406161906949194
EURUSD,1618990862,1.1194728439540036
BATUSD,1619053630,0.12398550445111345
ETHUSD,1619053825,3011.1350987572782
XPRUSD,1619060629,0.382495734368979
CADUSD,1619090263,0.7869350769071395
EURUSD,1619117460,1.1202659165618891
BTCUSD,1619246060,56472.11199287508
CADUSD,1619258187,0.7873284931531134
CADUSD,1619278149,0.7872682659173902
CADUSD,1619279938,0.7857822897175997
CADUSD,1619286313,0.7865334636434
CADUSD,1619306747,0.7877578058671025
BTCUSD,1619323776,56506.03810852871
BATUSD,1619330474,0.12372525537211804
BATUSD,1619354608,0.12599596351114833
BTCUSD,1619461436,56520.77573689371
CADUSD,1619465028,0.7896311236290606
EURUSD,1619485307,1.1176941435971839
ETHUSD,1619506392,3013.8866370262554
BATUSD,1619558452,0.12734947166802796
BATUSD,1619573151,0.12689290147608
XPRUSD,1619584032,0.38428684710725797
BTCUSD,1619588900,56547.923868461316
BATUSD,1619628554,0.12840053061477139
CADUSD,1619639522,0.7883273680919719
BATUSD,1619640724,0.129350092825519
XPRUSD,1619647422,0.38204175250938105
BATUSD,1619657446,0.12936305995099823
EURUSD,1619668636,1.117641516096489
XPRUSD,1619729824,0.3780016493523312
ETHUSD,1619735190,3013.33896422375
XPRUSD,1619754432,0.3807628964448993
CADUSD,1619755960,0.7888849106853855
XPRUSD,1619811813,0.3808579882562491
BATUSD,1619830575,0.12988055746461213
BATUSD,1619878950,0.1317182926037422
ETHUSD,1619975549,3008.9182910768623
CADUSD,1620011652,0.7881739058095234
CADUSD,1620069650,0.7883258429398963
EURUSD,1620078179,1.117965899576135
BATUSD,1620084504,0.1334585832718587
XPRUSD,1620091042,0.3832403665712473
ETHUSD,1620094035,3013.907041187124
BTCUSD,1620145248,56565.37100131087
EURUSD,1620185176,1.1183742246378814
ETHUSD,1620192335,3014.2074193281
CADUSD,1620196345,0.787775515945375
CADUSD,1620217617,0.7868850507144663
XPRUSD,1620219605,0.38404428004465363
EURUSD,1620221786,1.1175859242803943
ETHUSD,1620231820,3015.40086681356
BATUSD,1620238142,0.13275694444890884
BTCUSD,1620245833,56590.876441689164
XPRUSD,1620257762,0.38767959820524384
XPRUSD,1620258747,0.3898836133582493
XPRUSD,1620260054,0.39114092355689134
EURUSD,1620299872,1.1162766682617313
CADUSD,1620303801,0.7868171459426738
ETHUSD,1620392288,3015.68021913761
CADUSD,1620397850,0.7866378588327925
ETHUSD,1620438206,3013.054138211334
ETHUSD,1620479486,3003.2437491233095
BTCUSD,1620493359,56593.299663213766
XPRUSD,1620510257,0.3889247175371812
BTCUSD,1620587009,56616.15794204881
CADUSD,1620631397,0.7860329219608231
XPRUSD,1620654570,0.3874921779720101
BATUSD,1620664174,0.13232598666181802
CADUSD,1620679772,0.7856854853664443
XPRUSD,1620686635,0.391380212799307
ETHUSD,1620712935,3001.462371110238
EURUSD,1620724450,1.1150605894160541
ETHUSD,1620728986,3006.2169830080256
BATUSD,1620756194,0.13038336504869646
EURUSD,1620906277,1.112626095810523
XPRUSD,1620939304,0.39217975012177075
ETHUSD,1620942182,3006.8352548117064
XPRUSD,1620942390,0.3928108582809555
CADUSD,1620976387,0.7868255193376568
ETHUSD,1620977596,3013.926617623729
BTCUSD,1620989055,56628.79039428825
XPRUSD,1620991138,0.39059384259389796
CADUSD,1621042832,0.7882488873393113
ETHUSD,1621058074,3021.399090212343
EURUSD,1621074509,1.1135030756022597
BTCUSD,1621106208,56643.13961090169
ETHUSD,1621131461,3026.953909900813
BTCUSD,1621147131,56639.12307891209
BTCUSD,1621159470,56654.904397579674
CADUSD,1621167799,0.7887138309040388
EURUSD,1621181356,1.112235283475165
BATUSD,1621237188,0.13217899819683174
BATUSD,1621240908,0.13201600698419877
XPRUSD,1621247072,0.39129422681627657
BATUSD,1621317025,0.13256980252175823
CADUSD,1621331589,0.7903025641482914
CADUSD,1621333966,0.790778015718394
CADUSD,1621358212,0.7915020365107664
BATUSD,1621364350,0.13416384845424792
CADUSD,1621382248,0.7917301938172435
EURUSD,1621398702,1.1135332748586286
BTCUSD,1621402328,56694.504789473074
EURUSD,1621424818,1.1137949470158632
BTCUSD,1621431549,56703.59287236789
BATUSD,1621472269,0.1339196339721264
CADUSD,1621491939,0.7928460690001723
XPRUSD,1621498109,0.39391638472688706
XPRUSD,1621548426,0.3966242197196688
ETHUSD,1621557955,3019.3399398970832
CADUSD,1621580980,0.7933895050939128
BTCUSD,1621614474,56752.15142872508
ETHUSD,1621628011,3014.653239348781
ETHUSD,1621655947,3016.652739729904
ETHUSD,1621660556,3020.559791778608
ETHUSD,1621677034,3013.2246144109677
ETHUSD,1621701114,3014.8828423639115
BATUSD,1621708450,0.13345141840969116
ETHUSD,1621719247,3015.953753264539
XPRUSD,1621723804,0.3993739154784941
EURUSD,1621785319,1.115184690332606
BATUSD,1621831415,0.13358089251278243
ETHUSD,1621904853,3019.154492515681
XPRUSD,1621935176,0.4012168410531509
EURUSD,1621937432,1.1139831011979549
EURUSD,1621965599,1.112519430679633
EURUSD,1621968801,1.1126086764120522
CADUSD,1621986834,0.7947178509523422
CADUSD,1621996036,0.7936257397555996
BTCUSD,1621996738,56755.6098545544
XPRUSD,1622004431,0.3980818549909697
BTCUSD,1622043629,56780.41849952482
CADUSD,1622052644,0.7920318804183298
XPRUSD,1622064670,0.3941241845832349
BATUSD,1622083116,0.1340876600084797
BATUSD,1622108772,0.13408151155235495
XPRUSD,1622141042,0.39242917469741445
BTCUSD,1622172248,56802.493121918356
BATUSD,1622177441,0.13440581201898
ETHUSD,1622178116,3025.444162367658
EURUSD,1622194077,1.1129928547523298
EURUSD,1622261664,1.1124102199285475
XPRUSD,1622277767,0.39053586141094593
EURUSD,1622307608,1.1132990113513028
XPRUSD,1622322599,0.39230219356232937
ETHUSD,1622357960,3021.4201824123816
XPRUSD,1622366528,0.39148553242254414
ETHUSD,1622367038,3031.399681592861
BTCUSD,1622397981,56811.67253391814
CADUSD,1622408131,0.7921261343264594
BTCUSD,1622426174,56814.297911884074
EURUSD,1622456035,1.1138771332725903
EURUSD,1622493911,1.1142389214068016
ETHUSD,1622496149,3028.4370238943466
EURUSD,1622565575,1.1136439063833479
BTCUSD,1622603841,56806.30543784135
CADUSD,1622605875,0.7926717171651687
ETHUSD,1622729736,3030.9008813356168
CADUSD,1622733717,0.7923897325012319
BTCUSD,1622742780,56836.88006743829
XPRUSD,1622750054,0.39199903241129996
BTCUSD,1622777765,56853.34916830263
CADUSD,1622813507,0.7917069630240242
CADUSD,1622822039,0.7928662157319134
EURUSD,1622879349,1.1158766582769886
CADUSD,1622923122,0.7935838075408147
EURUSD,1622964527,1.1149474289220516
XPRUSD,1622966179,0.393011785496287
ETHUSD,1622973687,3031.542906648147
BATUSD,1622976194,0.133921385783037
CADUSD,1622984313,0.7942173643382439
CADUSD,1623025665,0.7943714096428107
XPRUSD,1623026939,0.3933601195191658
CADUSD,1623054849,0.7936767879887393
CADUSD,1623058724,0.7954075782020606
ETHUSD,1623077848,3042.880043556218
BATUSD,1623095494,0.13478186816784896
BATUSD,1623122333,0.13588610571124318
CADUSD,1623160987,0.7956911830110357
CADUSD,1623170920,0.7940248369453707
CADUSD,1623269732,0.7930127077447685
XPRUSD,1623315641,0.3948263865725287
ETHUSD,1623322571,3041.587893816229
XPRUSD,1623343796,0.3959623645700353
XPRUSD,1623344642,0.39734623618237
BATUSD,1623359448,0.13599232318343685
BTCUSD,1623368858,56867.05961265196
XPRUSD,1623380129,0.3949312555750902
EURUSD,1623388122,1.115465942372724
BTCUSD,1623392437,56876.84412272899
XPRUSD,1623430845,0.39396748485180455
BATUSD,1623439480,0.134941699224863
XPRUSD,1623489241,0.39406384906620734
CADUSD,1623512216,0.7934526117289524
XPRUSD,1623519138,0.3930910132279092
ETHUSD,1623519558,3039.511501478656
BTCUSD,1623535232,56883.89428932993
CADUSD,1623590725,0.7945557515266217
BATUSD,1623606321,0.13546827301139047
CADUSD,1623609302,0.793632381968705
ETHUSD,1623613328,3039.5341794493825
XPRUSD,1623642738,0.3955672644514625
BTCUSD,1623670289,56897.72104105659
CADUSD,1623699956,0.7927874763935239
CADUSD,1623702204,0.7947448483680388
EURUSD,1623705788,1.1164991411458731
EURUSD,1623724347,1.1177104402515885
EURUSD,1623748076,1.1177498281996123
BTCUSD,1623766083,56919.63133525774
BATUSD,1623785306,0.1355382975575792
BTCUSD,1623788622,56939.823433272926
BATUSD,1623818953,0.13732290601565594
CADUSD,1623827008,0.793747532082653
EURUSD,1623831408,1.1179810855245758
BTCUSD,1623888299,56970.638024378204
BATUSD,1623896016,0.1366698298609243
ETHUSD,1623929948,3040.800051908217
CADUSD,1623942329,0.7934186803273722
BATUSD,1623944226,0.137822157553029
ETHUSD,1623954127,3037.516894199684
ETHUSD,1623969258,3038.5405150237975
XPRUSD,1623969917,0.39406143398809784
XPRUSD,1623981007,0.3962912274539744
BATUSD,1623999488,0.13542621738892502
XPRUSD,1624011220,0.4020097678769738
BTCUSD,1624021426,56997.996577566046
ETHUSD,1624044531,3043.5516911166105
XPRUSD,1624083837,0.40165624927636834
CADUSD,1624087789,0.7954179468265594
BTCUSD,1624090320,57024.240881104524
BTCUSD,1624104664,57034.45322540016
CADUSD,1624110949,0.7958865137942575
BATUSD,1624132802,0.1363759643308879
CADUSD,1624151287,0.7965863176384083
BTCUSD,1624152407,57057.886934156006
BATUSD,1624158264,0.13581429440145468
BTCUSD,1624193295,57085.817426650014
BTCUSD,1624197454,57103.56083789179
EURUSD,1624204175,1.118503042466757
CADUSD,1624216254,0.796341398789246
CADUSD,1624232826,0.7956214808399484
BTCUSD,1624236810,57125.43777088085
CADUSD,1624243949,0.7964504726382821
ETHUSD,1624329236,3046.6130761978143
BATUSD,1624377717,0.13401892676789642
CADUSD,1624457496,0.7966441375048307
XPRUSD,1624473461,0.40136685596291866
XPRUSD,1624488538,0.401727148725985
BTCUSD,1624496464,57129.130746427654
BTCUSD,1624508921,57153.04067499225
ETHUSD,1624526181,3056.180940534222
CADUSD,1624587630,0.7985308492769111
BATUSD,1624606238,0.13332251641638734
CADUSD,1624636041,0.7970221532014929
XPRUSD,1624648568,0.4027367783171021
ETHUSD,1624653871,3061.2285592513053
XPRUSD,1624657321,0.40451773847500366
BATUSD,1624677754,0.13282833264976648
XPRUSD,1624679061,0.40464265107036745
BTCUSD,1624685458,57167.85893927036
ETHUSD,1624720571,3064.396976806245
XPRUSD,1624724006,0.4042646703877503
ETHUSD,1624755937,3062.467984690903
EURUSD,1624862568,1.118199297374477
XPRUSD,1624878648,0.4056137455281375
XPRUSD,1624923177,0.40360376166102874
CADUSD,1624956786,0.7967605573871673
BTCUSD,1624971139,57177.90995600838
CADUSD,1624989504,0.795926132564123
BTCUSD,1625006423,57187.428262891604
XPRUSD,1625036018,0.4034273156578848
BATUSD,1625044733,0.13257214762696765
XPRUSD,1625060579,0.40381241224535697
EURUSD,1625067905,1.1181059066056651
BTCUSD,1625089789,57212.18755134007
ETHUSD,1625120192,3067.079791278868
XPRUSD,1625124310,0.40469183965256594
EURUSD,1625129028,1.1184917666076548
XPRUSD,1625129463,0.4072840633599753
EURUSD,1625129793,1.1164938449791812
EURUSD,1625132703,1.116724719635216
XPRUSD,1625152833,0.4063908280014277
XPRUSD,1625155713,0.40952080246030376
CADUSD,1625157714,0.7956541096597642
ETHUSD,1625226862,3066.4369416666864
XPRUSD,1625231256,0.4109733580071351
BATUSD,1625259430,0.13262702591171102
ETHUSD,1625262393,3069.661198800219
ETHUSD,1625267831,3074.227867860248
BTCUSD,1625292073,57231.004731037974
EURUSD,1625306579,1.115768962674225
CADUSD,1625328884,0.7938454132013961
XPRUSD,1625332742,0.4108905128259945
XPRUSD,1625414631,0.41174381556456274
CADUSD,1625427817,0.7937378670065856
EURUSD,1625477639,1.1161858357849077
BTCUSD,1625479803,57253.538748904226
CADUSD,1625529520,0.7926815132491096
ETHUSD,1625596293,3081.1289273091966
BATUSD,1625598860,0.1338949608268944
XPRUSD,1625623891,0.41501293485020846
CADUSD,1625644545,0.7922035888121302
XPRUSD,1625661397,0.416597365990376
BATUSD,1625690711,0.13424582295876186
EURUSD,1625751381,1.1141657371004603
EURUSD,1625762969,1.1122186874590918
CADUSD,1625813661,0.7919736427871783
BTCUSD,1625821071,57288.11935646989
CADUSD,1625822172,0.7927627288487871
ETHUSD,1625827560,3090.760855872178
BATUSD,1625848132,0.13473132168902704
CADUSD,1625865450,0.7926378554047221
BTCUSD,1625917376,57306.680966976906
CADUSD,1625927157,0.7928244596177534
EURUSD,1625947045,1.1112904157768482
ETHUSD,1625995952,3084.3137586278212
ETHUSD,1626018256,3091.4017030503423
BATUSD,1626065118,0.13605861724490398
ETHUSD,1626066096,3091.5714871780897
BATUSD,1626086223,0.13773901550490597
ETHUSD,1626124297,3094.239563196605
XPRUSD,1626124678,0.419380776342357
XPRUSD,1626150969,0.4203962698203415
BATUSD,1626170959,0.13666980425208225
ETHUSD,1626283794,3084.6268587329787
XPRUSD,1626308355,0.4231541024137413
BATUSD,1626336611,0.13548761503917797
ETHUSD,1626373946,3092.7682458018985
EURUSD,1626374470,1.1114323646367852
XPRUSD,1626382363,0.4220284718031724
BTCUSD,1626393685,57334.306942731004
CADUSD,1626398235,0.7917086361905414
BATUSD,1626407443,0.13499363690774396
BTCUSD,1626417058,57344.65782954373
BTCUSD,1626431038,57371.854918859564
BATUSD,1626450145,0.13556085685413255
ETHUSD,1626503418,3100.274902211847
EURUSD,1626508057,1.1121847336323065
XPRUSD,1626532520,0.4239642933453127
BTCUSD,1626584168,57379.21834036213
XPRUSD,1626658753,0.4275232759468355
BATUSD,1626665783,0.13696027018287218
CADUSD,1626673338,0.7904533397004276
CADUSD,1626675372,0.7906811492561521
ETHUSD,1626709625,3102.537353175977
CADUSD,1626715378,0.7912942415907269
EURUSD,1626722024,1.1111197573064446
BTCUSD,1626723395,57392.50951373029
BTCUSD,1626728012,57403.82653187297
ETHUSD,1626731504,3102.169044608657
XPRUSD,1626741061,0.43186546443616397
BATUSD,1626747680,0.1379799335024488
ETHUSD,1626760794,3105.5292444332053
EURUSD,1626772012,1.1100855217460077
EURUSD,1626780276,1.109400678867007
BATUSD,1626816508,0.13800014234852537
BTCUSD,1626860841,57423.82560419885
EURUSD,1626889152,1.1103206829948795
XPRUSD,1626890326,0.4325450833717796
BATUSD,1626926022,0.136994777065107
BATUSD,1626940977,0.13713700790722896
BTCUSD,1626941937,57452.58054531432
BTCUSD,1627000747,57477.85975011295
EURUSD,1627018939,1.1096227618727277
XPRUSD,1627020473,0.43099334881599966
ETHUSD,1627034325,3110.0434189498383
BTCUSD,1627039284,57496.68646242646
BATUSD,1627047757,0.137697279926068
CADUSD,1627067071,0.7923772449727121
EURUSD,1627073615,1.110615132640325
BATUSD,1627073632,0.1378478596489166
ETHUSD,1627101367,3107.3215721021843
BATUSD,1627101435,0.13628021382016725
ETHUSD,1627102795,3105.1664357594877
XPRUSD,1627106569,0.43548961348550325
XPRUSD,1627170176,0.43909511625796815
CADUSD,1627171745,0.7944314508767839
XPRUSD,1627183310,0.43918256603462574
XPRUSD,1627249161,0.4397683407128742
BATUSD,1627255573,0.1354518521953798
CADUSD,1627293952,0.7944661564621942
CADUSD,1627311855,0.7951176594546789
EURUSD,1627319801,1.1108346523644115
CADUSD,1627326201,0.7954584066497069
ETHUSD,1627336586,3114.586009497385
BATUSD,1627339483,0.1353900130315844
BTCUSD,1627345483,57522.6635844032
BATUSD,1627412900,0.13674670193480334
BATUSD,1627435528,0.1368160740576414
BTCUSD,1627455954,57532.46927798438
ETHUSD,1627463921,3107.0182336635767
EURUSD,1627478079,1.1096912564513237
BTCUSD,1627520211,57548.40726197443
EURUSD,1627525859,1.1116060901022446
EURUSD,1627526115,1.1114607923238835
CADUSD,1627578921,0.7949658992391528
BTCUSD,1627583371,57564.65490157486
CADUSD,1627590521,0.7955467158258921
CADUSD,1627622419,0.7953387249167282
BATUSD,1627625015,0.1377008850501473
XPRUSD,1627633655,0.4408675705604967
XPRUSD,1627650156,0.44338923938124947
EURUSD,1627770105,1.1113987744728002
BATUSD,1627776937,0.13768204987274457
BTCUSD,1627802931,57590.03505130255
BTCUSD,1627832495,57607.202270184694
EURUSD,1627838535,1.112368013066016
BTCUSD,1627859798,57628.29336814961
EURUSD,1627868446,1.1123234901420598
BATUSD,1627877837,0.13751244914821256
CADUSD,1627916565,0.7941674865593125
BTCUSD,1627922152,57652.41410398862
CADUSD,1627970305,0.7947100167564403
BTCUSD,1627982331,57695.96647522687
EURUSD,1628040149,1.1117152902325058
EURUSD,1628067659,1.1114559054116206
CADUSD,1628068341,0.7952907211881123
EURUSD,1628077837,1.1134007279147455
ETHUSD,1628083221,3098.4199012727954
ETHUSD,1628099058,3103.3082268644275
BATUSD,1628122942,0.13810562758993408
BTCUSD,1628145115,57716.09701026912
ETHUSD,1628150438,3108.816459544309
ETHUSD,1628175042,3106.904234388204
BATUSD,1628182222,0.1369936877687876
ETHUSD,1628192187,3111.3269205975535
ETHUSD,1628209015,3100.298942705807
ETHUSD,1628230316,3101.28796882276
XPRUSD,1628247832,0.44351416657945475
ETHUSD,1628252954,3106.3222383267444
XPRUSD,1628276307,0.4433197823513933
BATUSD,1628280362,0.13712036839059819
EURUSD,1628312037,1.1135188703050494
BATUSD,1628325682,0.1386592318230134
BATUSD,1628345196,0.13993507851870915
EURUSD,1628347963,1.1140781670385742
XPRUSD,1628361791,0.4438143946797949
BATUSD,1628390531,0.14153029023144204
BTCUSD,1628390830,57744.67120322154
XPRUSD,1628400652,0.44236811088065714
EURUSD,1628420328,1.1133115990621993
ETHUSD,1628433124,3110.5827642069107
XPRUSD,1628510230,0.44204108508494705
XPRUSD,1628523862,0.4433432952626042
EURUSD,1628531178,1.1119378536518543
ETHUSD,1628601629,3102.8812080354987
XPRUSD,1628653144,0.44362024070071876
XPRUSD,1628684465,0.4432978822265351
EURUSD,1628692198,1.110442689257529
BATUSD,1628793143,0.14148018571118867
XPRUSD,1628856063,0.44051290064952525
BTCUSD,1628876490,57773.56658067321
CADUSD,1628878943,0.7944510046693624
BATUSD,1628890671,0.14350947556752539
CADUSD,1628905486,0.7932419941035049
CADUSD,1628909759,0.794226375832959
XPRUSD,1628915695,0.4361123015367205
CADUSD,1628922113,0.7928701805090613
BTCUSD,1628983986,57806.966586287715
BATUSD,1629024880,0.1431364757638735
XPRUSD,1629029880,0.4363242016910274
CADUSD,1629031160,0.7932434940235569
ETHUSD,1629105718,3107.710407042277
ETHUSD,1629123163,3113.0678272879145
EURUSD,1629129153,1.111421184064819
BATUSD,1629160022,0.1435190463346716
EURUSD,1629161785,1.1128326584655313
ETHUSD,1629212511,3111.0114136926536
BATUSD,1629256391,0.14364677138584395
BATUSD,1629327218,0.14411612309214214
XPRUSD,1629347283,0.43745428324428604
EURUSD,1629361782,1.1112826601539418
ETHUSD,1629362590,3107.213066675173
CADUSD,1629386223,0.7931489742573883
ETHUSD,1629393683,3113.3056634395575
BTCUSD,1629394758,57809.70588737724
XPRUSD,1629399171,0.4385272524204864
ETHUSD,1629435954,3108.429543399
EURUSD,1629453391,1.109129253008125
XPRUSD,1629470216,0.44028060020565846
XPRUSD,1629526124,0.4393361003176616
BTCUSD,1629526649,57849.031805736144
CADUSD,1629541483,0.7936697390088949
CADUSD,1629599877,0.7921102117798278
XPRUSD,1629613691,0.4389487379082332
BATUSD,1629616167,0.14407618789525103
CADUSD,1629639809,0.7917595825495044
XPRUSD,1629642649,0.4379994434240334
BATUSD,1629645080,0.14294960759072015
ETHUSD,1629646049,3104.5341846500346
ETHUSD,1629711382,3100.5116449891225
ETHUSD,1629711982,3098.8632160791003
ETHUSD,1629720621,3099.1962144119298
BATUSD,1629747780,0.1443472184520434
CADUSD,1629748263,0.7913166503551914
XPRUSD,1629762477,0.4372242174206896
XPRUSD,1629799585,0.4362889232365496
EURUSD,1629902693,1.1111415663628654
BATUSD,1629907225,0.1449009346414864
ETHUSD,1629974111,3102.011272593428
BATUSD,1629980276,0.14428475058860168
ETHUSD,1629981061,3106.2384673514152
ETHUSD,1630064442,3112.6919345297374
XPRUSD,1630127325,0.4361427203282691
CADUSD,1630148985,0.7909194766694819
BTCUSD,1630194285,57885.0057999886
EURUSD,1630216550,1.1110990449495646
ETHUSD,1630243869,3109.913685284756
BATUSD,1630256196,0.14346925738114033
BATUSD,1630297731,0.14396797192556784
ETHUSD,1630300204,3104.164767391416
XPRUSD,1630312453,0.4336897602174131
BATUSD,1630318779,0.14370183791451044
CADUSD,1630331331,0.7904100465293917
BTCUSD,1630331745,57917.67086338147
BATUSD,1630331749,0.14481455495674098
EURUSD,1630395000,1.1117968813128858
BTCUSD,1630401538,57930.415832137944
XPRUSD,1630421567,0.43350807321474166
ETHUSD,1630451989,3104.2861555759664
CADUSD,1630457259,0.7906933142842669
CADUSD,1630515424,0.7888691209196329
CADUSD,1630527489,0.7881168571094874
ETHUSD,1630546126,3100.0657770326347
CADUSD,1630568597,0.7899677531277312
EURUSD,1630570834,1.11276305764422
CADUSD,1630583395,0.78992867976189
BTCUSD,1630583960,57950.74855067114
ETHUSD,1630627966,3101.5188812925567
XPRUSD,1630634981,0.4320391340842753
CADUSD,1630674762,0.7912862586833982
BTCUSD,1630693062,57965.498121274664
XPRUSD,1630707171,0.433635325834721
ETHUSD,1630727416,3097.8981162833493
CADUSD,1630729520,0.7902856175384679
XPRUSD,1630780095,0.43679384450419545
EURUSD,1630796504,1.113131049374638
BTCUSD,1630825171,57986.060621341356
BTCUSD,1630863116,58022.697914628814
BTCUSD,1630874670,58066.31408565513
EURUSD,1630874673,1.1142973717129074
CADUSD,1630912177,0.7892290913951131
ETHUSD,1630959415,3097.0518683997875
BTCUSD,1630976576,58087.98618672239
XPRUSD,1631007104,0.4391361966288577
CADUSD,1631042275,0.7890531791988687
ETHUSD,1631053209,3101.0700906320003
BTCUSD,1631068357,58100.98877731799
EURUSD,1631075082,1.114354191613409
BATUSD,1631076283,0.14513945901502592
CADUSD,1631103976,0.7904114750200865
BTCUSD,1631127438,58104.86989934307
BTCUSD,1631128905,58118.89318283477
XPRUSD,1631148180,0.4389720636636315
CADUSD,1631156901,0.7913684263515408
XPRUSD,1631188692,0.4414201922139615
CADUSD,1631189036,0.7921570797344094
BATUSD,1631275674,0.1457573281215827
XPRUSD,1631276522,0.44039669417325944
ETHUSD,1631284383,3101.599747617395
EURUSD,1631287153,1.1136120665928695
CADUSD,1631308110,0.7918446191719956
XPRUSD,1631323852,0.44035381335023493
BATUSD,1631340485,0.14681313609333893
ETHUSD,1631359348,3097.2165938138055
ETHUSD,1631375162,3106.957688636949
XPRUSD,1631385038,0.4400497801757644
BTCUSD,1631393112,58140.275350515876
XPRUSD,1631394475,0.43970504099963803
BTCUSD,1631425324,58153.71605311022
BTCUSD,1631440883,58175.93264333632
BTCUSD,1631454412,58197.64277501692
BATUSD,1631462543,0.1470295681887083
EURUSD,1631511435,1.1133777627873627
XPRUSD,1631539020,0.4414868575552078
ETHUSD,1631545243,3099.9905763848365
XPRUSD,1631562643,0.44108303034635343
ETHUSD,1631575666,3091.682597823023
ETHUSD,1631590386,3092.1794481087804
BTCUSD,1631609238,58216.59069859011
BATUSD,1631652180,0.14682554308895424
ETHUSD,1631670943,3097.3882773595415
BATUSD,1631717415,0.1465349878038769
CADUSD,1631721536,0.7920733341549958
CADUSD,1631733142,0.7910351990886972
BTCUSD,1631746461,58253.88361031478
EURUSD,1631786567,1.1126906000920453
ETHUSD,1631821551,3100.5273670196207
BTCUSD,1631826910,58273.02684589052
CADUSD,1631838123,0.7903335513800311
EURUSD,1631864387,1.1134123982020991
BTCUSD,1631904426,58291.861780910505
ETHUSD,1631953656,3110.2114061545913
BTCUSD,1631974679,58309.23390141754
EURUSD,1631993533,1.1133306947795678
BATUSD,1632005512,0.14614647350376003
BTCUSD,1632021369,58327.238060092895
BATUSD,1632051788,0.1460638292719218
XPRUSD,1632058272,0.44221837301304245
BATUSD,1632069912,0.14495272828976452
BATUSD,1632084757,0.14569807033888096
CADUSD,1632090292,0.7897690737317056
ETHUSD,1632104514,3118.556046214645
BATUSD,1632117592,0.14671052498003478
BTCUSD,1632135855,58348.399982680705
ETHUSD,1632148177,3116.8291203135354
CADUSD,1632168470,0.7911759914193263
EURUSD,1632176109,1.1126451641313364
XPRUSD,1632176854,0.44082740472720283
BATUSD,1632218613,0.14684113708456936
BTCUSD,1632236003,58373.98825443712
EURUSD,1632241081,1.112596035543939
XPRUSD,1632257978,0.4446061404325342
CADUSD,1632258622,0.7902523853380368
BATUSD,1632269218,0.14826809751826595
EURUSD,1632272772,1.1135654793448138
CADUSD,1632288259,0.7930837202137334
ETHUSD,1632326831,3114.4085441423385
ETHUSD,1632329354,3111.87972707026
ETHUSD,1632373041,3111.8257040113745
EURUSD,1632373275,1.113334557344951
ETHUSD,1632390075,3110.0833490239575
EURUSD,1632393997,1.1122198944215722
EURUSD,1632405754,1.113822431022027
BTCUSD,1632412062,58399.23333886739
CADUSD,1632427762,0.7941749545593347
BTCUSD,1632445178,58414.93809736845
EURUSD,1632497557,1.1132520579714094
ETHUSD,1632521578,3105.9586213239727
ETHUSD,1632542204,3099.424334508269
ETHUSD,1632555011,3099.130370168034
XPRUSD,1632633013,0.44028587433421423
BTCUSD,1632665439,58441.41602282769
EURUSD,1632665844,1.113965334941433
CADUSD,1632670335,0.7944612491475143
BATUSD,1632678996,0.1481675354165827
XPRUSD,1632681439,0.43796293096177213
EURUSD,1632694113,1.112713112011622
XPRUSD,1632719624,0.43910418870323437
XPRUSD,1632732178,0.43773744419864025
BTCUSD,1632754440,58453.06552170137
XPRUSD,1632777531,0.4381882125468931
BATUSD,1632805940,0.14837568231605278
EURUSD,1632822860,1.1132109802693777
CADUSD,1632825276,0.7945993189308668
EURUSD,1632829398,1.1132410044323315
CADUSD,1632862770,0.7957913352222242
BATUSD,1632905412,0.14985518029843056
BATUSD,1632929479,0.1510196452171224
BATUSD,1632973030,0.1509073148574907
CADUSD,1632979644,0.7959391704868369
BTCUSD,1632992931,58471.43774265771
CADUSD,1632998684,0.7962888632487123
BATUSD,1633059999,0.15166316723848977
CADUSD,1633072414,0.7948227791066259
ETHUSD,1633081306,3094.3532021481965
BTCUSD,1633090929,58498.73507521094
BATUSD,1633103591,0.15160700430800111
BTCUSD,1633134383,58523.40758327519
CADUSD,1633159940,0.7951578826120801
CADUSD,1633181440,0.7951233435197974
BTCUSD,1633182840,58543.47239359263
BTCUSD,1633202860,58571.19488965878
ETHUSD,1633254368,3093.2664412694025
BTCUSD,1633262396,58581.77951747871
ETHUSD,1633276307,3099.922413309863
CADUSD,1633365497,0.7949622932125148
XPRUSD,1633366479,0.44008680969166225
EURUSD,1633378038,1.1137734686705345
BATUSD,1633399150,0.15360204037440406
EURUSD,1633456482,1.1147233528050706
CADUSD,1633493763,0.7942780640821169
XPRUSD,1633497544,0.4411907539949273
BATUSD,1633511180,0.15300925561652198
XPRUSD,1633518439,0.4410182581028283
BATUSD,1633531354,0.1554846993596737
BTCUSD,1633531876,58628.24309069685
CADUSD,1633532273,0.7947753543052134
CADUSD,1633534352,0.7951577954021557
XPRUSD,1633549382,0.44375319487113485
ETHUSD,1633575136,3099.2989528285925
BTCUSD,1633583233,58637.02351417673
XPRUSD,1633592853,0.44144522476487114
EURUSD,1633630855,1.1141474379768015
XPRUSD,1633631016,0.4434812628031425
ETHUSD,1633643236,3101.806916383423
EURUSD,1633651117,1.112476691907378
BATUSD,1633663141,0.1548321643584686
CADUSD,1633663167,0.7963766208400289
BATUSD,1633677357,0.15501919521120147
CADUSD,1633688310,0.7965518504089911
EURUSD,1633695601,1.1139951974600697
XPRUSD,1633724660,0.4452291417852473
ETHUSD,1633740152,3110.592725013885
XPRUSD,1633746058,0.4469553633259647
CADUSD,1633768311,0.7948464617011775
XPRUSD,1633775459,0.4458911298957286
CADUSD,1633817841,0.7957757178500441
BTCUSD,1633863382,58644.182263909715
EURUSD,1633869498,1.1130081747368485
XPRUSD,1633874365,0.44987163772796224
BTCUSD,1633896667,58671.19761491022
BTCUSD,1633899573,58689.3187941434
ETHUSD,1633913940,3103.664955412243
CADUSD,1633914226,0.7955702611282284
EURUSD,1633988699,1.1131429818159915
BATUSD,1633989362,0.15499664698418905
BATUSD,1633990168,0.15469876091454549
CADUSD,1633993237,0.7945129301681779
CADUSD,1634006696,0.7942247891311672
XPRUSD,1634009334,0.4496240992384696
EURUSD,1634012917,1.1137002053436629
BTCUSD,1634065712,58718.88014448986
CADUSD,1634079274,0.7950962038110398
ETHUSD,1634139204,3105.6406178300185
CADUSD,1634146633,0.7952126600553331
ETHUSD,1634213212,3101.8580845177867
BATUSD,1634254111,0.15502613052648426
BATUSD,1634260845,0.15538022272409102
ETHUSD,1634261218,3105.377266691775
XPRUSD,1634270024,0.4550870459867913
BATUSD,1634272301,0.15688852996560543
EURUSD,1634274427,1.114153319028146
ETHUSD,1634308488,3105.807017177744
EURUSD,1634346996,1.1153241284266773
ETHUSD,1634349613,3118.6470274568646
BTCUSD,1634365411,58730.455927862466
CADUSD,1634398163,0.7949176680645034
EURUSD,1634414762,1.1139440336971396
CADUSD,1634426217,0.7946311355828243
BTCUSD,1634437095,58764.46351682522
BATUSD,1634437429,0.1566357838945467
BTCUSD,1634438020,58770.86085880829
BTCUSD,1634495525,58783.19860089719
XPRUSD,1634506406,0.45233885613737945
XPRUSD,1634558715,0.4523029586557779
EURUSD,1634622445,1.115833404303417
XPRUSD,1634623754,0.45283729125886907
BTCUSD,1634654183,58802.1792465787
BTCUSD,1634674759,58796.11609906585
ETHUSD,1634743487,3120.6510167790716
ETHUSD,1634759418,3120.3229961366633
BATUSD,1634769895,0.15621332522765705
BATUSD,1634788828,0.15613627273748665
BTCUSD,1634820622,58829.32089768642
EURUSD,1634832599,1.1153849189477416
XPRUSD,1634947765,0.45210083965672565
ETHUSD,1634983025,3117.725458471125
CADUSD,1634994984,0.7951492685142837
BATUSD,1635010359,0.1566857283778187
EURUSD,1635018241,1.1163006372712565
XPRUSD,1635019417,0.4538220632318467
XPRUSD,1635020487,0.45489286555210773
XPRUSD,1635042231,0.45610730395577315
ETHUSD,1635060308,3112.6552065823616
XPRUSD,1635062256,0.4529256663576351
BATUSD,1635076966,0.15479792848923823
BATUSD,1635170401,0.15459919240945794
BATUSD,1635176720,0.15471463284300338
EURUSD,1635181633,1.115016576218073
CADUSD,1635214203,0.7950298251505785
BATUSD,1635254499,0.15526068420200756
BATUSD,1635297873,0.15336492804821328
CADUSD,1635315581,0.7959321194548976
BTCUSD,1635339087,58843.16667145383
ETHUSD,1635345305,3110.5854309148754
ETHUSD,1635357712,3104.390055776096
CADUSD,1635361330,0.7946399465427118
BATUSD,1635369655,0.1528623673167057
XPRUSD,1635384875,0.4544381014758543
BTCUSD,1635424953,58852.20835616309
CADUSD,1635466807,0.7937104579473186
CADUSD,1635470867,0.7932380890007822
BTCUSD,1635497266,58880.521147626525
BATUSD,1635503697,0.15356190106468204
XPRUSD,1635508153,0.4546523505778609
ETHUSD,1635545821,3097.2910673045585
BTCUSD,1635550362,58914.83497838251
BATUSD,1635553763,0.1544733135168359
XPRUSD,1635559032,0.4547759515494693
EURUSD,1635589457,1.1153178611941397
XPRUSD,1635620115,0.45494189467228374
BTCUSD,1635621790,58934.10277055588
CADUSD,1635629569,0.7934702979924809
BTCUSD,1635657127,58963.65439264811
BTCUSD,1635660531,58971.23409821814
EURUSD,1635688614,1.1152157810398624
XPRUSD,1635692960,0.4533970139535336
ETHUSD,1635695227,3096.3515148367915
CADUSD,1635718653,0.7932889347740252
CADUSD,1635821109,0.7921340066502361
XPRUSD,1635831446,0.45384501653579723
CADUSD,1635859457,0.7919306302926981
CADUSD,1635886680,0.7916328035854426
BTCUSD,1635954582,58984.166392523686
BTCUSD,1635956521,59011.97329215816
CADUSD,1636000515,0.7924215339632615
XPRUSD,1636006909,0.4534482379012558
EURUSD,1636034820,1.1147020190441257
XPRUSD,1636052154,0.4517239275360321
XPRUSD,1636075911,0.45319961007107573
EURUSD,1636094684,1.1153069001088491
BATUSD,1636120832,0.1526819986829114
BATUSD,1636124759,0.15138620526918475
ETHUSD,1636129262,3093.058095163259
CADUSD,1636147916,0.7909072429216993
EURUSD,1636167729,1.1167395170074916
BATUSD,1636170110,0.1496236153561629
CADUSD,1636211727,0.7904905937679672
EURUSD,1636218534,1.1150666231277921
XPRUSD,1636218909,0.4543717777638145
BATUSD,1636292042,0.14900189706341144
BTCUSD,1636293758,59035.48475220883
BTCUSD,1636317261,59040.02605528055
EURUSD,1636355046,1.115505935880796
XPRUSD,1636360573,0.45663932557065484
CADUSD,1636394113,0.7904764221698325
XPRUSD,1636412096,0.4571161632045949
XPRUSD,1636434504,0.45610623125035477
BTCUSD,1636435163,59060.528365041
BATUSD,1636444945,0.14953919573820915
CADUSD,1636462931,0.7903160459408124
EURUSD,1636520437,1.1154201577403022
CADUSD,1636564155,0.7922007979574348
ETHUSD,1636578026,3093.216902264288
EURUSD,1636582422,1.117330257086808
BATUSD,1636600109,0.15175132238842934
EURUSD,1636647206,1.1166997148500521
EURUSD,1636681881,1.1169867986791988
CADUSD,1636683306,0.792549074709168
ETHUSD,1636715480,3087.2332439282964
CADUSD,1636721383,0.7912230011677623
BATUSD,1636747129,0.15126880519712582
EURUSD,1636774217,1.1175788788986978
CADUSD,1636779535,0.7913146834801099
EURUSD,1636797864,1.1173273440092408
BTCUSD,1636811244,59067.15328650054
BATUSD,1636822559,0.15019482636911763
EURUSD,1636847856,1.1175284999002364
CADUSD,1636852379,0.7926439032302237
BATUSD,1636856899,0.15198235749206745
ETHUSD,1636859388,3085.9559004261123
XPRUSD,1636887157,0.45750505287941506
BATUSD,1636938492,0.15245777896013674
BATUSD,1636943650,0.15360513071769594
ETHUSD,1636944265,3087.9885747123676
BTCUSD,1636949170,59069.7807595161
ETHUSD,1636959506,3089.1103761001436
BTCUSD,1636968468,59065.0556140563
EURUSD,1636984570,1.1178037763467603
BTCUSD,1636993492,59085.23948334564
ETHUSD,1637005014,3085.197058788275
XPRUSD,1637016341,0.45975900318793694
ETHUSD,1637071432,3084.3344751777954
EURUSD,1637106767,1.118047069793706
ETHUSD,1637121418,3100.3796235554532
BATUSD,1637126689,0.15217992371812822
CADUSD,1637154563,0.7936523495876706
BATUSD,1637159898,0.15244502691754722
ETHUSD,1637165356,3101.5665281603624
ETHUSD,1637209382,3106.3340982888253
ETHUSD,1637248317,3108.0975382946353
BATUSD,1637253787,0.15322099291308797
BATUSD,1637267284,0.1522824907932972
CADUSD,1637326661,0.7947255805984724
BATUSD,1637328909,0.15246086073840376
BTCUSD,1637337566,59093.92572945677
CADUSD,1637348272,0.795354875905941
CADUSD,1637365897,0.7946021860959296
BATUSD,1637372236,0.1527275186510197
EURUSD,1637444507,1.1194398172370519
EURUSD,1637467179,1.121867173772801
ETHUSD,1637530141,3108.5232214870766
CADUSD,1637533729,0.7961364770760713
CADUSD,1637534355,0.797710182525427
XPRUSD,1637547187,0.4577288116195681
XPRUSD,1637685758,0.4569145485340331
EURUSD,1637695833,1.1215005984191704
EURUSD,1637706897,1.1209886799637168
ETHUSD,1637729284,3108.0387186143676
EURUSD,1637730175,1.1219271881744584
EURUSD,1637731307,1.1228582176640376
ETHUSD,1637748866,3111.0568175475373
BTCUSD,1637794591,59113.14793491824
EURUSD,1637796382,1.1228836225050962
BTCUSD,1637820221,59129.46975935424
BATUSD,1637873434,0.15368787188395097
EURUSD,1637913055,1.1213223280153555
EURUSD,1637962021,1.1219339293439212
CADUSD,1637990376,0.798536261650964
CADUSD,1638009506,0.7995312477781967
ETHUSD,1638036603,3108.4430252431434
XPRUSD,1638049745,0.45607798898629176
ETHUSD,1638107581,3106.1530470361117
BTCUSD,1638117890,59157.76116606728
ETHUSD,1638148089,3110.7382817030657
CADUSD,1638159310,0.7990246547275868
CADUSD,1638164228,0.7991525649693495
CADUSD,1638167055,0.7986587252993355
ETHUSD,1638168501,3106.6247626036293
BTCUSD,1638221547,59175.53112958623
XPRUSD,1638227858,0.45803609607867724
BTCUSD,1638236853,59191.609543059
BATUSD,1638273282,0.1538432946057919
BTCUSD,1638302294,59217.857566546845
XPRUSD,1638306367,0.45731931340976706
XPRUSD,1638307389,0.4570807650371019
EURUSD,1638317749,1.1212941002714156
EURUSD,1638324390,1.1206080089133357
BATUSD,1638325392,0.15616184602251282
BATUSD,1638340167,0.1548597997886052
BATUSD,1638346714,0.15569229239879848
ETHUSD,1638360076,3102.0730832450513
XPRUSD,1638368788,0.45928842244186235
BTCUSD,1638386229,59238.6741265739
BTCUSD,1638438415,59248.42548264328
BTCUSD,1638458428,59266.58543945785
ETHUSD,1638515654,3100.4759035231978
ETHUSD,1638540487,3112.406010634424
ETHUSD,1638565963,3100.934501180044
BTCUSD,1638569901,59284.46399659847
ETHUSD,1638593589,3102.6134502807363
BATUSD,1638598427,0.1554263933648165
CADUSD,1638620014,0.7980949275195027
ETHUSD,1638640483,3107.2748094378526
BATUSD,1638645492,0.15742288562033974
EURUSD,1638650502,1.1214441447548131
CADUSD,1638728798,0.7977614718137676
EURUSD,1638747923,1.1216944915913822
BATUSD,1638760796,0.1565160309377598
CADUSD,1638786532,0.7977395153284749
BATUSD,1638803131,0.15759215081628458
XPRUSD,1638848843,0.46095950787731677
CADUSD,1638885860,0.7979249790191756
CADUSD,1638899646,0.7972822418770594
XPRUSD,1638915199,0.46392743351390764
XPRUSD,1638937742,0.464117105145048
BTCUSD,1638939128,59313.11823477215
ETHUSD,1638940876,3107.3323680035896
XPRUSD,1638941993,0.4611141939418271
CADUSD,1638972492,0.7984432275220114
EURUSD,1638990331,1.1216926791562818
EURUSD,1638991961,1.1213775461472317
CADUSD,1639019497,0.7967580029302662
ETHUSD,1639057286,3111.2108531265008
XPRUSD,1639064740,0.46382458282001304
ETHUSD,1639100277,3116.060828506643
BATUSD,1639109127,0.1582277093727925
BATUSD,1639159757,0.15666777828405734
CADUSD,1639203427,0.7989717540167858
ETHUSD,1639214084,3114.4870094847715
EURUSD,1639217452,1.1201944409032978
EURUSD,1639224723,1.1211871586788513
BTCUSD,1639246014,59332.60364074429
BTCUSD,1639276090,59345.672074148104
ETHUSD,1639280702,3101.0790287927703
CADUSD,1639292359,0.7978329224134421
BTCUSD,1639383532,59384.58248089677
CADUSD,1639403324,0.7982678071524666
EURUSD,1639423441,1.120220897207302
BTCUSD,1639425665,59412.139636742795
XPRUSD,1639439846,0.4627067113363598
ETHUSD,1639455285,3104.467542517926
CADUSD,1639491645,0.7985268081582845
XPRUSD,1639497754,0.46359190143671136
EURUSD,1639501027,1.1200602591759232
ETHUSD,1639545401,3102.6190565851803
BATUSD,1639563157,0.15850738669870904
XPRUSD,1639565056,0.46363498282336874
CADUSD,1639576428,0.8008443479976152
BATUSD,1639600557,0.1567586203134295
XPRUSD,1639622989,0.46120644820289175
EURUSD,1639631686,1.120740102101965
BTCUSD,1639633825,59437.614955542
CADUSD,1639658455,0.8005515841725224
EURUSD,1639678925,1.122308926144076
ETHUSD,1639688329,3108.837328118132
BTCUSD,1639697763,59446.94204923277
CADUSD,1639719764,0.8002838852879861
CADUSD,1639724532,0.8003394489910062
EURUSD,1639733318,1.1209775092527086
XPRUSD,1639762871,0.4600885643005411
BTCUSD,1639769975,59460.40464996908
XPRUSD,1639803729,0.4582472275195935
BTCUSD,1639804247,59493.989023726484
BTCUSD,1639805679,59498.3798542412
XPRUSD,1639819155,0.457521545671598
XPRUSD,1639840157,0.45799335076970826
EURUSD,1639884058,1.1201628594889745
EURUSD,1639890293,1.1194867634412973
CADUSD,1639913934,0.7999648576740127
XPRUSD,1639960208,0.45809859025110844
BTCUSD,1639964627,59507.85328041564
ETHUSD,1639967491,3101.41282893748
XPRUSD,1639968560,0.4628226563270602
BATUSD,1639987894,0.1568496735512439
BATUSD,1639989412,0.15838347885719686
ETHUSD,1639991949,3107.2950154199066
EURUSD,1640053128,1.1205142410074698
BATUSD,1640057108,0.15702428984044653
BATUSD,1640062108,0.15589838039352463
BTCUSD,1640132665,59545.45228079015
XPRUSD,1640190837,0.4662887780221697
EURUSD,1640219835,1.1233496852271905
XPRUSD,1640230521,0.4705667631484481
ETHUSD,1640248582,3100.757765927076
XPRUSD,1640280335,0.4716288519816556
BTCUSD,1640339865,59564.92868051232
XPRUSD,1640349790,0.47264440236503635
EURUSD,1640402785,1.1242582738589213
CADUSD,1640432394,0.8000580359945877
ETHUSD,1640434294,3100.9487623217547
ETHUSD,1640474286,3106.4005347675447
ETHUSD,1640553007,3113.20010062591
ETHUSD,1640557608,3106.176797273839
CADUSD,1640623574,0.799235743413951
CADUSD,1640629639,0.7983016127030602
CADUSD,1640648292,0.7989740857237136
EURUSD,1640651141,1.1240978794573515
ETHUSD,1640651719,3104.5121163330814
EURUSD,1640659782,1.1236290243840286
BATUSD,1640674453,0.15560410827974983
BTCUSD,1640680099,59605.04506124373
ETHUSD,1640722110,3098.27643931369
XPRUSD,1640738564,0.4705995541241913
BTCUSD,1640833897,59631.076121280246
ETHUSD,1640837471,3094.423517603288
EURUSD,1640838660,1.1243455559766962
EURUSD,1640841529,1.124282219391299
EURUSD,1640851190,1.1250438102920404
EURUSD,1640907274,1.1260413849913697
ETHUSD,1640911143,3100.8723568086966
BTCUSD,1640912744,59659.111924325734
XPRUSD,1640929475,0.4743840358087203
CADUSD,1640988935,0.7978814898884723
EURUSD,1640989307,1.1249126100208244
BTCUSD,1641054094,59674.98922493318
XPRUSD,1641054379,0.4721396276026813
BTCUSD,1641072767,59688.48961038155
XPRUSD,1641097651,0.47509961453416016
XPRUSD,1641102154,0.47651274801401833
CADUSD,1641161886,0.7995839026992372
ETHUSD,1641184094,3103.99876005153
ETHUSD,1641195744,3109.5383563420773
BATUSD,1641213179,0.1539072460346487
ETHUSD,1641224146,3121.381367862074
CADUSD,1641250019,0.8003508245837309
BATUSD,1641318828,0.15395415608140312
ETHUSD,1641328781,3118.2470984376955
ETHUSD,1641330664,3118.865510436923
XPRUSD,1641340163,0.47560097184513006
ETHUSD,1641366274,3117.558547847668
ETHUSD,1641374538,3122.0286101010697
XPRUSD,1641449116,0.4752580296111385
ETHUSD,1641455920,3118.7866676344493
CADUSD,1641462255,0.7996216175662105
CADUSD,1641496552,0.8002965962340314
EURUSD,1641529780,1.125708003642121
CADUSD,1641559651,0.8009355936662963
BTCUSD,1641565563,59707.81381168181
ETHUSD,1641566062,3113.7837939554715
BTCUSD,1641574472,59727.3721959137
XPRUSD,1641580941,0.47328230298416885
EURUSD,1641616836,1.1255088020201
BATUSD,1641631461,0.1541828629928679
EURUSD,1641637218,1.1256979647703858
CADUSD,1641640513,0.8026847333699395
EURUSD,1641646597,1.1234296779875
EURUSD,1641664802,1.1226644800460281
BTCUSD,1641692263,59755.483955344804
XPRUSD,1641734186,0.4743873447310246
EURUSD,1641752081,1.124032422117712
BATUSD,1641790459,0.1532472619860079
XPRUSD,1641803663,0.47567337521568687
ETHUSD,1641811649,3116.2707878474293
BTCUSD,1641820943,59772.54577442432
BATUSD,1641895565,0.1536921706632433
CADUSD,1641906953,0.8041085107131101
BTCUSD,1641921917,59794.21896336857
BATUSD,1641930602,0.1541224004031076
BTCUSD,1641968259,59809.81741694163
CADUSD,1642000032,0.8033065729386485
CADUSD,1642028146,0.8021198285724219
CADUSD,1642044359,0.8002417380417517
BATUSD,1642061607,0.15341580100796734
EURUSD,1642072716,1.123751984131796
ETHUSD,1642097396,3114.73482063831
BATUSD,1642115801,0.15458602891164253
BTCUSD,1642132478,59822.46303132804
CADUSD,1642155728,0.8013989632211095
CADUSD,1642164045,0.8005647777783234
ETHUSD,1642239306,3111.5966825608866
BATUSD,1642244026,0.1565104362576229
CADUSD,1642257888,0.802507694812284
BTCUSD,1642274548,59847.86571625468
XPRUSD,1642277970,0.4743555842839246
ETHUSD,1642279384,3113.95745833357
BTCUSD,1642298529,59868.10304939753
XPRUSD,1642312762,0.47568349195549214
XPRUSD,1642313618,0.47724506435053243
XPRUSD,1642320900,0.4762852461472343
CADUSD,1642365169,0.8038376002982649
ETHUSD,1642375414,3108.0572959211736
BATUSD,1642381251,0.15584751459602764
CADUSD,1642401016,0.8025859599282081
EURUSD,1642407974,1.1215130282264638
ETHUSD,1642437802,3099.2096498512074
BTCUSD,1642460982,59901.110639112456
EURUSD,1642464188,1.1220842591551856
EURUSD,1642519989,1.1223783245801122
BATUSD,1642648779,0.15565215725129955
BATUSD,1642667612,0.1549166013724389
XPRUSD,1642668272,0.4773460400982559
BTCUSD,1642670972,59908.80463901069
CADUSD,1642672820,0.8019177814456364
BATUSD,1642676043,0.15483323110504854
EURUSD,1642677071,1.1237023445627063
XPRUSD,1642684479,0.4778579296704254
XPRUSD,1642709748,0.4765197129021182
CADUSD,1642753670,0.8031536493217906
XPRUSD,1642808869,0.4757880080047503
EURUSD,1642819822,1.1231941374611942
ETHUSD,1642825737,3101.3821371004324
BTCUSD,1642866704,59925.90380884782
XPRUSD,1642872076,0.4760831316330449
XPRUSD,1642887884,0.4748503828555728
XPRUSD,1642903985,0.4768905174174903
BTCUSD,1642956340,59947.18498579211
CADUSD,1642993140,0.8017097733959205
XPRUSD,1642999202,0.4790981606348793
CADUSD,1643019130,0.8033321492030279
BTCUSD,1643039973,59971.55300214486
BATUSD,1643043839,0.15642059456685503
CADUSD,1643057220,0.805239644432787
BATUSD,1643066483,0.15726321605433616
BTCUSD,1643070028,59992.79710860602
XPRUSD,1643100268,0.47680947049072475
ETHUSD,1643147489,3099.782412897682
XPRUSD,1643200099,0.4781547855461348
CADUSD,1643245309,0.8040351992300433
BATUSD,1643245554,0.15777983018146488
ETHUSD,1643261828,3095.1599337090547
BTCUSD,1643270927,60010.05397309772
BATUSD,1643278684,0.15686949980617354
EURUSD,1643386060,1.1234817295662307
XPRUSD,1643419728,0.48056192529968766
BATUSD,1643474672,0.15713097464655695
CADUSD,1643487129,0.8035938779990389
ETHUSD,1643536881,3102.5176365531383
ETHUSD,1643540887,3107.3555854429565
XPRUSD,1643543348,0.48275983555439667
EURUSD,1643588184,1.1239129634690614
CADUSD,1643631861,0.8043999183002948
XPRUSD,1643634730,0.4856239501100048
BTCUSD,1643646404,60027.93979133165
ETHUSD,1643652867,3101.51498772791
BATUSD,1643669644,0.15662204984741548
CADUSD,1643670412,0.8041691173263242
XPRUSD,1643676322,0.48696965285433785
BATUSD,1643686766,0.1580307247646629
XPRUSD,1643713413,0.4867618018816181
EURUSD,1643728898,1.122733311695647
BTCUSD,1643731156,60062.75384509407
EURUSD,1643751180,1.122551959003899
BTCUSD,1643807504,60078.74574407243
BATUSD,1643814555,0.15770592506831307
BTCUSD,1643825648,60100.62927549292
BATUSD,1643826244,0.1595232958410293
ETHUSD,1643861880,3106.9255887159825
BTCUSD,1643875770,60124.665275556465
CADUSD,1643890233,0.8026559722745087
CADUSD,1643916811,0.801918569305515
BATUSD,1643938641,0.15973535651565374
EURUSD,1643994415,1.1230749711572325
BATUSD,1644010798,0.15887731408829117
ETHUSD,1644027479,3100.6690545302067
EURUSD,1644044109,1.1234146125460258
ETHUSD,1644085330,3103.2757307743072
BATUSD,1644085866,0.15888936988046848
ETHUSD,1644086532,3098.0088077496994
XPRUSD,1644101232,0.4869606288689077
CADUSD,1644109488,0.8012103958918061
CADUSD,1644117801,0.8018935286093224
EURUSD,1644123665,1.1227527121414957
EURUSD,1644159910,1.1222600067003223
ETHUSD,1644227483,3094.7474028723414
XPRUSD,1644247058,0.4883383521658615
BTCUSD,1644249192,60151.314323801074
ETHUSD,1644268445,3092.5510813191245
ETHUSD,1644281845,3098.4412999521555
BTCUSD,1644288806,60162.923741045706
XPRUSD,1644298602,0.48823835602885096
EURUSD,1644309543,1.1227459615284536
CADUSD,1644314315,0.8014031740521627
BTCUSD,1644377637,60186.62083364697
EURUSD,1644390878,1.1235875309536774
BATUSD,1644425898,0.16088033023725734
BTCUSD,1644428781,60210.77231271128
XPRUSD,1644462865,0.4849800831677251
BTCUSD,1644468569,60207.955111189636
CADUSD,1644471184,0.801796531720094
BTCUSD,1644481196,60203.95250154247
EURUSD,1644534213,1.1237741712481366
XPRUSD,1644540862,0.4880225751915534
XPRUSD,1644617775,0.48809542063061256
XPRUSD,1644619690,0.49123353216999815
BTCUSD,1644633626,60224.16994565675
BTCUSD,1644666040,60243.05317895299
EURUSD,1644692656,1.1241030589541716
EURUSD,1644716147,1.123143803589164
ETHUSD,1644726383,3100.527410612981
EURUSD,1644830763,1.1243177224678753
ETHUSD,1644848534,3096.159160272761
ETHUSD,1644863060,3101.444325789098
CADUSD,1644864688,0.801620273452413
BTCUSD,1644921761,60240.451988695524
XPRUSD,1644942389,0.4898142864916426
XPRUSD,1644966919,0.4885630050870725
CADUSD,1644986368,0.8022758223388768
BATUSD,1645058498,0.1601398283712857
XPRUSD,1645086430,0.4889416017547276
EURUSD,1645127973,1.125103437169187
CADUSD,1645191856,0.8017871421901513
BATUSD,1645240003,0.16120521170786734
XPRUSD,1645263896,0.4875525033984432
BTCUSD,1645276880,60257.638750244914
ETHUSD,1645332316,3100.313833208104
EURUSD,1645378187,1.1262250642128782
BATUSD,1645380160,0.16302805465263712
EURUSD,1645412074,1.1243668921584211
ETHUSD,1645428124,3103.158688982919
BTCUSD,1645498927,60276.625412531714
CADUSD,1645502259,0.8011266091272867
ETHUSD,1645559368,3111.5313919687374
BATUSD,1645567843,0.16208099798559916
ETHUSD,1645585536,3113.60765433938
EURUSD,1645598121,1.124246989999699
ETHUSD,1645637781,3116.695694716421
EURUSD,1645639589,1.1235743008544317
BATUSD,1645644602,0.16212634204442108
XPRUSD,1645680372,0.48781179175804545
BTCUSD,1645693495,60286.58415846336
BTCUSD,1645702136,60315.087657083706
BTCUSD,1645748584,60331.278683928074
XPRUSD,1645761410,0.4868116723324249
ETHUSD,1645813277,3115.111985786069
XPRUSD,1645817164,0.484101283748368
XPRUSD,1645834120,0.4815138885045629
ETHUSD,1645857083,3104.5031370683837
EURUSD,1645859185,1.1235867842188667
CADUSD,1645879918,0.8026886234946249
BATUSD,1645918818,0.16227408825088901
CADUSD,1645923438,0.8048262457009041
ETHUSD,1645923553,3109.854485896753
XPRUSD,1645929266,0.48271596104173164
CADUSD,1645939250,0.8051337051003705
ETHUSD,1645977946,3109.0007866940855
EURUSD,1645983432,1.1225109693044706
ETHUSD,1645998160,3111.3893708846877
ETHUSD,1646001605,3110.727784205017
ETHUSD,1646014078,3111.7292877849186
BTCUSD,1646050507,60353.357247535976
BATUSD,1646065505,0.16172691280598234
BATUSD,1646096358,0.16174071848052607
EURUSD,1646104121,1.1218376160368853
EURUSD,1646141086,1.120443475183634
XPRUSD,1646142887,0.48647450904710865
CADUSD,1646158868,0.80671763112308
XPRUSD,1646215920,0.4835717183840823
BTCUSD,1646236586,60365.26917558985
ETHUSD,1646245174,3116.881878991058
CADUSD,1646254401,0.8058563065093179
CADUSD,1646273971,0.8070095082161178
XPRUSD,1646374806,0.4841655364402131
ETHUSD,1646375237,3121.1818935817428
BTCUSD,1646411754,60392.13642584948
BATUSD,1646450222,0.16179069089280415
EURUSD,1646453819,1.1201610089534157
ETHUSD,1646459710,3121.3450980887014
EURUSD,1646483866,1.120905163282551
CADUSD,1646518569,0.8076572782167517
ETHUSD,1646520239,3122.5871897742586
XPRUSD,1646542986,0.484091464099455
EURUSD,1646577485,1.1216309570017262
BATUSD,1646621594,0.1624291185533203
BTCUSD,1646678519,60421.94406465557
BATUSD,1646728966,0.16094956146507747
BATUSD,1646736169,0.15752844898707782
EURUSD,1646803234,1.1201780104290648
ETHUSD,1646806313,3117.713609946647
ETHUSD,1646821397,3112.6221494707797
XPRUSD,1646866828,0.48613000170513154
ETHUSD,1646908713,3113.8296329732702
ETHUSD,1646914981,3116.588008990065
BATUSD,1646921737,0.1564086340314728
BTCUSD,1646943652,60435.21351864612
EURUSD,1646999956,1.1221938349248193
XPRUSD,1647020600,0.4838379893405067
BATUSD,1647039130,0.15635668058462845
BTCUSD,1647039613,60455.02969757328
ETHUSD,1647080029,3107.5484023511744
BATUSD,1647089601,0.15774154781798397
EURUSD,1647092236,1.1231646495220498
XPRUSD,1647113212,0.48243616722704646
CADUSD,1647122677,0.8084276442654136
XPRUSD,1647131546,0.4857424109275555
BATUSD,1647236489,0.1572534235614692
ETHUSD,1647283654,3108.8069616760213
CADUSD,1647302431,0.8078316117594126
BATUSD,1647362029,0.15689015385512542
CADUSD,1647409314,0.8082801967007355
EURUSD,1647409340,1.1238191226965506
ETHUSD,1647427410,3112.0594606159757
EURUSD,1647455866,1.1239655548486598
BATUSD,1647495591,0.15692491456755323
BATUSD,1647538358,0.159217283977749
BTCUSD,1647555629,60475.20508497013
BATUSD,1647591143,0.16012323300068423
XPRUSD,1647598185,0.48782105349351484
ETHUSD,1647622044,3109.7689344773607
EURUSD,1647626442,1.12445380020291
EURUSD,1647632637,1.1257552414308707
ETHUSD,1647635745,3112.805726133953
BATUSD,1647658745,0.16025171573417485
CADUSD,1647681169,0.80879699983163
ETHUSD,1647685269,3107.8287719766668
XPRUSD,1647735994,0.489228946557347
BTCUSD,1647737297,60475.29849067692
EURUSD,1647771091,1.1264974870211668
BATUSD,1647796270,0.16064748730788816
ETHUSD,1647801758,3105.6996428476436
EURUSD,1647818201,1.1264663029661015
BATUSD,1647833760,0.16111326897007444
BATUSD,1647858458,0.16158554385187165
BTCUSD,1647891499,60508.52842419685
CADUSD,1647897345,0.8076527209732127
XPRUSD,1647975968,0.48895329038068625
ETHUSD,1648006050,3103.654424620062
EURUSD,1648007243,1.1266353627788928
BATUSD,1648037065,0.16207405753547244
EURUSD,1648038019,1.1261312936543062
CADUSD,1648049825,0.8063092981477767
CADUSD,1648061390,0.8059352207659897
EURUSD,1648081981,1.1268687309307
XPRUSD,1648112906,0.4873076464739676
EURUSD,1648114281,1.1242666233140481
ETHUSD,1648123428,3108.474684472099
BATUSD,1648130574,0.16295218588198768
EURUSD,1648130584,1.1237097721891067
XPRUSD,1648148373,0.4883217492768467
ETHUSD,1648165575,3108.305872182151
EURUSD,1648184246,1.123784472541875
BTCUSD,1648185738,60538.196796247445
XPRUSD,1648232920,0.4909693393887693
EURUSD,1648243343,1.1240201429438295
BATUSD,1648305954,0.16442110708707786
BTCUSD,1648345231,60556.895076981506
CADUSD,1648405105,0.8043760761988886
EURUSD,1648421388,1.1255238925821665
ETHUSD,1648433762,3112.5681781105636
BATUSD,1648435357,0.16483726059195597
CADUSD,1648452004,0.8049592027155449
EURUSD,1648468836,1.125701565216071
BATUSD,1648497040,0.16442171011036336
CADUSD,1648510005,0.8052137313123109
CADUSD,1648594206,0.8053282310558226
BATUSD,1648617648,0.164770482844951
BTCUSD,1648623456,60579.59668964304
EURUSD,1648641701,1.12581343089698
EURUSD,1648641983,1.1253757227401147
XPRUSD,1648682341,0.4905328508133147
ETHUSD,1648690632,3110.401543168953
XPRUSD,1648717513,0.4888851940372048
CADUSD,1648734334,0.8056506669755575
BTCUSD,1648800292,60606.78984180384
BATUSD,1648801847,0.16637018704264403
BATUSD,1648808235,0.16876461755553732
XPRUSD,1648825197,0.4899483591423102
BATUSD,1648831340,0.16794675458100589
XPRUSD,1648836626,0.48914013366771475
BATUSD,1648839377,0.16625634208843873
BTCUSD,1648840313,60620.31482759204
BATUSD,1648874355,0.16416100601981518
EURUSD,1648939367,1.1259742527633487
BATUSD,1648954459,0.1645361766294073
BATUSD,1649007041,0.16338882256536347
EURUSD,1649017491,1.1276844627560896
CADUSD,1649023406,0.8063615911128484
BTCUSD,1649064192,60637.271005870105
ETHUSD,1649087163,3109.780939912524
ETHUSD,1649090113,3106.505842668077
BATUSD,1649120981,0.1634843910862858
XPRUSD,1649149012,0.4871528725682536
EURUSD,1649150503,1.1270787424316244
EURUSD,1649255442,1.1277535657882518
XPRUSD,1649262795,0.48949116308486684
XPRUSD,1649263481,0.488918561945031
BTCUSD,1649266035,60655.28347096715
ETHUSD,1649269470,3113.5257193205452
CADUSD,1649281304,0.8068904425143342
EURUSD,1649304373,1.1261292014760964
ETHUSD,1649305488,3109.1994166400914
EURUSD,1649341132,1.1266891301808921
BTCUSD,1649350636,60673.34059662609
EURUSD,1649363279,1.1272963691628424
ETHUSD,1649382924,3103.8143122378096
XPRUSD,1649403365,0.4895353268638939
BATUSD,1649429466,0.16437454894936823
CADUSD,1649431758,0.8058426609893765
EURUSD,1649432949,1.1282523433137936
CADUSD,1649438646,0.8072728720635032
BATUSD,1649470504,0.16347158100823195
BTCUSD,1649487333,60686.565204524624
ETHUSD,1649516524,3100.054392419721
BTCUSD,1649521835,60716.37003285774
XPRUSD,1649556325,0.488377825943432
BTCUSD,1649570449,60718.37223777922
XPRUSD,1649590669,0.4887447913236145
BATUSD,1649596521,0.16277071590284897
ETHUSD,1649629134,3101.1438028449106
ETHUSD,1649630405,3105.459330824429
CADUSD,1649637509,0.807708364754303
BATUSD,1649654360,0.1636618789295854
BTCUSD,1649679475,60745.799749542086
XPRUSD,1649711186,0.4881501444511028
EURUSD,1649713075,1.1295896786681126
ETHUSD,1649719255,3117.438107156498
CADUSD,1649765067,0.8073464587329126
XPRUSD,1649765475,0.487597364144975
BATUSD,1649807485,0.16418487097085216
BATUSD,1649870280,0.16550201536595813
ETHUSD,1649875747,3108.458600537958
XPRUSD,1649918136,0.48332786869411476
EURUSD,1649924238,1.1316195604100459
CADUSD,1649924841,0.805115575652576
EURUSD,1649927973,1.1303884120990748
BATUSD,1649972443,0.1656533457329217
CADUSD,1650030871,0.8058108527051141
EURUSD,1650043193,1.130118087596417
ETHUSD,1650069260,3111.6686247187085
XPRUSD,1650088654,0.48260676802788827
EURUSD,1650110071,1.1293129973125906
CADUSD,1650136913,0.8053360509171048
BTCUSD,1650147839,60763.92763820681
CADUSD,1650151769,0.8055067020524569
ETHUSD,1650180057,3108.8452715326025
BATUSD,1650202184,0.1641584100552285
BATUSD,1650233580,0.1639699302669438
CADUSD,1650252472,0.8047860898436395
ETHUSD,1650259948,3111.578464840936
CADUSD,1650274867,0.8026992935285119
BATUSD,1650350400,0.1622512906325224
ETHUSD,1650363907,3112.995903232423
EURUSD,1650365566,1.129314287157377
BTCUSD,1650366839,60784.09955943447
BATUSD,1650438007,0.16255013234561366
ETHUSD,1650458519,3116.9353187551956
CADUSD,1650521403,0.8022070605073535
EURUSD,1650547470,1.1290600117587328
EURUSD,1650547801,1.1290683737468374
EURUSD,1650563344,1.1282686594767002
ETHUSD,1650573116,3108.8411477399504
CADUSD,1650607167,0.8029853564766412
ETHUSD,1650650214,3109.2924159486015
EURUSD,1650687032,1.1286509162023561
ETHUSD,1650735249,3110.281485345557
BTCUSD,1650739153,60803.086825617145
BTCUSD,1650751157,60835.347355353035
XPRUSD,1650808057,0.486331892029828
BATUSD,1650808626,0.1630267534959648
CADUSD,1650829364,0.802765009478845
XPRUSD,1650830016,0.49038934683245344
ETHUSD,1650852400,3110.305638555361
CADUSD,1650866328,0.8019849435135105
BATUSD,1650869835,0.161809084528666
ETHUSD,1650875430,3113.0159723842153
ETHUSD,1650883365,3114.3540016457614
BTCUSD,1650928625,60827.248740598014
EURUSD,1650929938,1.130965455519275
BATUSD,1650944783,0.1628480817726367
EURUSD,1650952630,1.1325721442897134
BTCUSD,1650979091,60848.48651814685
CADUSD,1650984806,0.8020807283553546
BATUSD,1651001687,0.16295539647288615
EURUSD,1651032816,1.1344175805419139
BTCUSD,1651072269,60857.82241784077
CADUSD,1651091025,0.8013448990854355
CADUSD,1651113471,0.8015869969877605
CADUSD,1651131408,0.8002404447774271
ETHUSD,1651145507,3111.4921236480695
EURUSD,1651148772,1.1339440016002489
ETHUSD,1651157140,3119.5112058832606
XPRUSD,1651213726,0.4914317492909815
BATUSD,1651214423,0.16247350829141755
BATUSD,1651223897,0.16373488536614564
EURUSD,1651231468,1.1340429857780285
BATUSD,1651240259,0.16520697184303507
CADUSD,1651249464,0.8000983384990772
CADUSD,1651254676,0.8007498886364259
BTCUSD,1651265926,60883.04826039652
BATUSD,1651272617,0.1642530234007661
BATUSD,1651293858,0.1649025149556161
BTCUSD,1651298800,60903.74795896049
BTCUSD,1651303827,60934.72385058684
BATUSD,1651303977,0.1644361855866484
EURUSD,1651315416,1.135026446780057
BTCUSD,1651327025,60973.787478828155
CADUSD,1651338320,0.801565598968445
BATUSD,1651338680,0.1644860663883588
ETHUSD,1651343453,3112.754861523494
XPRUSD,1651348727,0.4927187271745796
CADUSD,1651356516,0.8018109922549634
BTCUSD,1651357065,60977.54509766181
ETHUSD,1651397013,3114.0839719953024
ETHUSD,1651456024,3116.9690628698595
BATUSD,1651472141,0.16314122143198184
BTCUSD,1651482606,61002.62603813151
BTCUSD,1651484148,61011.694937264474
EURUSD,1651493143,1.1346473722504429
XPRUSD,1651500109,0.49579246857720005
CADUSD,1651502078,0.801348032378651
XPRUSD,1651504577,0.4936635172213702
XPRUSD,1651548845,0.4933340371032055
ETHUSD,1651550801,3119.9354724186323
BATUSD,1651612671,0.1638013612961038
EURUSD,1651631999,1.1342723164382729
BTCUSD,1651637917,61023.29668306907
ETHUSD,1651674158,3123.4973208296033
CADUSD,1651677791,0.7984712789751047
CADUSD,1651705581,0.7993370805272403
XPRUSD,1651711257,0.4941048741163918
BTCUSD,1651743659,61046.34465723143
XPRUSD,1651757487,0.4949660313921769
CADUSD,1651787609,0.797718486822429
ETHUSD,1651791246,3113.878725351118
ETHUSD,1651791252,3115.898738024223
CADUSD,1651813761,0.7985872493574054
XPRUSD,1651893403,0.4978160173243149
BATUSD,1651909977,0.16288922451843146
EURUSD,1651942784,1.1337836268769428
XPRUSD,1651947261,0.4969090609980441
EURUSD,1651961440,1.1353496929136695
BATUSD,1651977260,0.16442817963163886
XPRUSD,1651994911,0.49428387025976134
XPRUSD,1651996785,0.4972676722713486
BATUSD,1651997405,0.16473372899531444
ETHUSD,1651998181,3119.779537209337
XPRUSD,1652014260,0.49586327892538246
CADUSD,1652036405,0.8008148210139138
XPRUSD,1652068008,0.493947558560654
EURUSD,1652128283,1.1347456319668612
BTCUSD,1652145878,61063.18071079039
XPRUSD,1652182196,0.4953545979013363
BATUSD,1652188346,0.1633847423780055
XPRUSD,1652198208,0.494328524811097
BATUSD,1652228141,0.1630355323331796
ETHUSD,1652242550,3119.061183658391
BTCUSD,1652254405,61094.753421730195
BTCUSD,1652261266,61124.24436114125
ETHUSD,1652267138,3117.989895319081
BATUSD,1652292074,0.16483391955974452
XPRUSD,1652320491,0.4951572390335113
BTCUSD,1652328205,61128.03780990703
CADUSD,1652336489,0.8017888451042775
BATUSD,1652337053,0.16378820659128665
ETHUSD,1652345881,3118.702637944634
EURUSD,1652350948,1.1356462469952353
CADUSD,1652351782,0.8014521997228642
CADUSD,1652395503,0.8003830165161923
EURUSD,1652411890,1.1360656823635198
CADUSD,1652447804,0.8003978440514335
BATUSD,1652481248,0.16513352995369532
EURUSD,1652521887,1.1352075914631716
EURUSD,1652583892,1.135416146486679
ETHUSD,1652637351,3112.835052635838
ETHUSD,1652640592,3116.403739233901
XPRUSD,1652661408,0.4943317953683045
BATUSD,1652663230,0.1643845822838635
ETHUSD,1652663357,3115.3346918035686
CADUSD,1652673959,0.8008832040599677
CADUSD,1652709926,0.8014225823556802
XPRUSD,1652780710,0.49791416002369654
BATUSD,1652797847,0.16659443545847194
BTCUSD,1652800799,61142.436699566446
ETHUSD,1652833102,3107.1870856248297
BTCUSD,1652879988,61154.90561727716
ETHUSD,1652882657,3105.0978419494854
XPRUSD,1652930831,0.4986820774648504
CADUSD,1652939395,0.8010921669099758
EURUSD,1652941339,1.1350432962303427
ETHUSD,1652965639,3111.912780883539
BTCUSD,1652973275,61167.00220985087
CADUSD,1653014651,0.8003639563736135
EURUSD,1653032866,1.1361435696755808
EURUSD,1653046334,1.136217183185355
EURUSD,1653053993,1.135551798663705
ETHUSD,1653056017,3117.4223546890566
BTCUSD,1653098327,61186.60284406658
BTCUSD,1653122215,61200.13465183769
XPRUSD,1653122217,0.4966743316112982
BATUSD,1653123698,0.16729828732748814
XPRUSD,1653125641,0.4955396435880921
XPRUSD,1653138593,0.49628039200751084
CADUSD,1653145566,0.8000473261631508
BATUSD,1653163672,0.16865706463941693
XPRUSD,1653194873,0.498000564349355
EURUSD,1653206706,1.1343114547522555
BATUSD,1653251878,0.1679971711861607
EURUSD,1653260218,1.1343024468559528
EURUSD,1653268841,1.1359727748859485
BATUSD,1653297061,0.1691878732739852
BTCUSD,1653305703,61220.206555622164
EURUSD,1653306212,1.1366989505476037
CADUSD,1653324341,0.7993597538703261
BTCUSD,1653340023,61236.94537310675
CADUSD,1653341766,0.7999582940384476
BATUSD,1653345030,0.16960126071501677
BTCUSD,1653355834,61282.778482002075
EURUSD,1653363380,1.1368910866846509
ETHUSD,1653404494,3123.1195760632204
XPRUSD,1653425099,0.4974545465696433
EURUSD,1653436237,1.1383283596603349
BTCUSD,1653462799,61300.42440150872
XPRUSD,1653520582,0.5007504299528525
EURUSD,1653560324,1.1394513062711658
XPRUSD,1653570802,0.5009111575192357
CADUSD,1653576957,0.798842189636011
BATUSD,1653600997,0.16907190099874453
CADUSD,1653604439,0.7998715746130498
ETHUSD,1653636735,3121.0618548208545
BATUSD,1653640983,0.16764394130609872
XPRUSD,1653667144,0.502917735357227
XPRUSD,1653747523,0.5034760958114087
XPRUSD,1653774079,0.502348086746655
ETHUSD,1653776481,3123.71136663853
ETHUSD,1653785435,3125.850935148397
XPRUSD,1653790856,0.5040522900752279
BATUSD,1653801418,0.1696428458846987
EURUSD,1653815585,1.1393907317276415
EURUSD,1653833538,1.1398454508754494
BATUSD,1653850087,0.17120864108654046
XPRUSD,1653850489,0.5041141679107529
XPRUSD,1653856241,0.506513047949382
BTCUSD,1653856897,61314.9249677972
XPRUSD,1653859992,0.5093274519677234
EURUSD,1653873393,1.139166032677084
ETHUSD,1653877841,3138.626660807105
BTCUSD,1653885729,61328.51671875192
EURUSD,1653894513,1.1389884738491007
EURUSD,1653928110,1.1392139833125794
BATUSD,1653978239,0.17455286964846578
EURUSD,1653990923,1.1410646223979446
BTCUSD,1654000499,61363.55530784139
ETHUSD,1654003027,3135.041610975644
EURUSD,1654011220,1.1403788383050315
BTCUSD,1654058409,61369.346014397954
XPRUSD,1654063081,0.5083755134608763
ETHUSD,1654093601,3141.4569111278374
ETHUSD,1654097848,3145.394773689638
CADUSD,1654123267,0.8002295505875985
ETHUSD,1654151505,3146.474674013264
EURUSD,1654154435,1.141268729093202
BTCUSD,1654166236,61381.9922641055
BTCUSD,1654179198,61393.88918504737
BTCUSD,1654180275,61404.50011677874
XPRUSD,1654193171,0.5111452289210197
XPRUSD,1654204493,0.5134900675862946
BTCUSD,1654223049,61427.79985296435
CADUSD,1654246032,0.7997652156567736
BATUSD,1654254160,0.1756842572939083
BATUSD,1654268472,0.17637893286051495
ETHUSD,1654274386,3151.1911581560134
XPRUSD,1654277966,0.5123514949132755
CADUSD,1654313206,0.8003950997327655
EURUSD,1654322280,1.141794637007203
CADUSD,1654326977,0.8006475793589755
BATUSD,1654342237,0.17557486556561985
CADUSD,1654362396,0.7999375820916464
CADUSD,1654368009,0.7989959323832274
EURUSD,1654401396,1.1419277361739926
XPRUSD,1654415872,0.5147671918605221
XPRUSD,1654462565,0.5142160832084144
BATUSD,1654503338,0.1763183339946529
ETHUSD,1654535008,3155.0064413966215
CADUSD,1654543333,0.8001143150507671
EURUSD,1654550690,1.1414228543682836
BTCUSD,1654572558,61444.57941484857
BATUSD,1654591530,0.17725847650609436
ETHUSD,1654621692,3155.2650385983156
ETHUSD,1654645864,3151.078208649776
XPRUSD,1654648145,0.5134139936301401
ETHUSD,1654673770,3155.0204302280554
BATUSD,1654710053,0.1779506775970777
XPRUSD,1654711589,0.5153718333427774
XPRUSD,1654777590,0.5133179716407085
BTCUSD,1654785600,61457.67410934743
EURUSD,1654787069,1.1411983383031186
CADUSD,1654791767,0.8006438440372493
ETHUSD,1654817992,3163.737591615461
EURUSD,1654822238,1.1418827298322793
XPRUSD,1654828623,0.5134274492839167
ETHUSD,1654840346,3166.875557785817
XPRUSD,1654861434,0.515326671003
XPRUSD,1654864724,0.5121480823412479
CADUSD,1654919431,0.8002810275986987
BTCUSD,1654921750,61491.01867230442
ETHUSD,1654922685,3168.729686433849
BTCUSD,1654966248,61509.42020838689
XPRUSD,1655037957,0.5154611094018842
CADUSD,1655044001,0.8002988011017927
XPRUSD,1655047152,0.5114049185526827
BTCUSD,1655069152,61526.165510946725
BATUSD,1655073479,0.17867242202208172
BATUSD,1655127261,0.1782594903010667
ETHUSD,1655128819,3169.827049424105
EURUSD,1655144339,1.140999774938512
XPRUSD,1655214787,0.5098894348737872
BATUSD,1655241222,0.17873832420247948
ETHUSD,1655243235,3158.478330245488
BTCUSD,1655264483,61550.142138823794
BTCUSD,1655275129,61567.6704233048
CADUSD,1655275140,0.7995944235835701
BATUSD,1655284611,0.17801899529841936
BTCUSD,1655315502,61584.15726002224
XPRUSD,1655328681,0.5085987297387539
CADUSD,1655378363,0.7996996480076035
BTCUSD,1655389918,61606.47256753783
CADUSD,1655423595,0.7994574945090593
CADUSD,1655480684,0.7982072727679268
EURUSD,1655484566,1.1385910496863534
BATUSD,1655484783,0.17762426432749323
CADUSD,1655501588,0.7993321555803206
ETHUSD,1655508951,3152.446376390569
BTCUSD,1655541758,61626.510125805646
CADUSD,1655624091,0.7999257641321446
CADUSD,1655668929,0.8005199449955204
ETHUSD,1655678126,3153.159297711983
EURUSD,1655695493,1.1388265494197976
ETHUSD,1655736942,3159.510769996456
BATUSD,1655740133,0.1784004967034736
CADUSD,1655742454,0.8004900019576182
BATUSD,1655764249,0.17850777100126858
CADUSD,1655801969,0.8000711521498752
CADUSD,1655842315,0.7997869879835163
BTCUSD,1655856548,61656.965436788116
BATUSD,1655875646,0.1799881112262659
BATUSD,1655878571,0.18156291431832053
XPRUSD,1655884602,0.510550126500532
EURUSD,1655900215,1.138209131210343
XPRUSD,1655909838,0.5099200398558017
XPRUSD,1655945236,0.5121664075335436
XPRUSD,1655970721,0.5142416562395193
XPRUSD,1655986272,0.5166039733558498
BATUSD,1655988145,0.18166813674020232
BATUSD,1655997177,0.18146752231721114
BTCUSD,1656042895,61664.01883001968
BATUSD,1656049381,0.18158835491998296
XPRUSD,1656086656,0.5139936794154162
BTCUSD,1656109128,61701.96286768665
BATUSD,1656125925,0.18086741213970023
XPRUSD,1656146187,0.5161371411619968
ETHUSD,1656165919,3165.0697590173595
EURUSD,1656166840,1.1385785934990649
CADUSD,1656170098,0.8011475315142341
BTCUSD,1656173279,61741.1557973621
CADUSD,1656215838,0.8007374532776255
BTCUSD,1656259846,61750.88003177764
EURUSD,1656281523,1.1382372281766562
BATUSD,1656283189,0.18261038996510187
ETHUSD,1656297610,3165.0118578633637
BATUSD,1656301567,0.18363020241915223
EURUSD,1656346849,1.1386014645917202
CADUSD,1656357276,0.8012398430983478
EURUSD,1656395611,1.1378163588065264
EURUSD,1656432327,1.138634544032472
XPRUSD,1656438307,0.5151111178106615
CADUSD,1656453933,0.8008738131694223
BTCUSD,1656476478,61773.10898521439
EURUSD,1656477742,1.137368179886837
ETHUSD,1656506853,3156.49776779839
BTCUSD,1656513756,61800.03635763217
BTCUSD,1656558654,61810.78160590684
CADUSD,1656599535,0.8006805909657125
BATUSD,1656623874,0.18287641692370704
BTCUSD,1656651395,61816.78793588697
BATUSD,1656674502,0.1845533353742714
XPRUSD,1656675043,0.5141594753836789
ETHUSD,1656699284,3154.8403042136442
BTCUSD,1656732581,61847.120625682655
CADUSD,1656746133,0.8007366869838607
XPRUSD,1656765432,0.5137864572328201
ETHUSD,1656794268,3151.4857782999084
BATUSD,1656797017,0.18402053953008457
BTCUSD,1656797858,61891.35645621731
XPRUSD,1656846561,0.5149877953879369
BATUSD,1656871500,0.1836982675315945
EURUSD,1656879610,1.13743172079832
BATUSD,1656884891,0.18424164520412675
BATUSD,1656916068,0.18398746968049398
BATUSD,1656938162,0.1842352228221793
BTCUSD,1656969199,61904.29768585067
BTCUSD,1657008845,61928.78221709659
BATUSD,1657012419,0.18530682064441087
CADUSD,1657028078,0.799510145948084
BATUSD,1657030915,0.1836860870526316
XPRUSD,1657033951,0.5150594020661934
XPRUSD,1657046546,0.5134189325353551
EURUSD,1657065282,1.1384125180404199
EURUSD,1657076998,1.1390571228284976
EURUSD,1657144445,1.136693555736279
XPRUSD,1657148344,0.511011204115527
BTCUSD,1657184604,61935.996581458494
BTCUSD,1657227677,61955.2661664947
EURUSD,1657232079,1.135624293438765
BTCUSD,1657293361,61960.85727461147
ETHUSD,1657295508,3146.4742059440305
EURUSD,1657338782,1.1350844626489027
XPRUSD,1657342546,0.5102311475842329
ETHUSD,1657362208,3143.417377488846
ETHUSD,1657419130,3141.1370764043277
EURUSD,1657423581,1.136237015777269
BTCUSD,1657427749,61976.097347188756
BATUSD,1657430356,0.18363126749002115
BTCUSD,1657440603,61991.584913252555
BATUSD,1657504529,0.18446786889034017
CADUSD,1657581587,0.7994663236177448
BATUSD,1657587649,0.1849700507078335
EURUSD,1657657325,1.1359480441931629
EURUSD,1657680554,1.1362122532010206
EURUSD,1657724877,1.137863474959216
CADUSD,1657730829,0.7985441458489865
BTCUSD,1657737108,62027.01178048357
XPRUSD,1657743406,0.5156624272497218
XPRUSD,1657764481,0.5157635481142617
EURUSD,1657767988,1.1368293219003762
ETHUSD,1657778623,3141.803749757402
EURUSD,1657805345,1.137433664561004
CADUSD,1657829451,0.7986083257986403
EURUSD,1657838289,1.1377484963272866
EURUSD,1657849323,1.1359888197794275
ETHUSD,1657859753,3141.108759655599
BTCUSD,1657901661,62052.09573679596
XPRUSD,1657931352,0.5132579960519854
BATUSD,1657936877,0.18637796155886258
CADUSD,1657971946,0.7980854084875678
ETHUSD,1657998923,3145.3881351504174
CADUSD,1657999273,0.7999250061025236
BTCUSD,1658066953,62074.51104656862
BTCUSD,1658068191,62110.52607653847
CADUSD,1658086552,0.7999575767837923
XPRUSD,1658118347,0.5121346586648526
CADUSD,1658143410,0.800874599894062
BTCUSD,1658183565,62141.17161399726
ETHUSD,1658186508,3156.7372889058925
XPRUSD,1658197165,0.5094493490770835
EURUSD,1658237603,1.1359750578454335
BATUSD,1658245120,0.1861660256673419
EURUSD,1658245515,1.135354044637784
EURUSD,1658256549,1.1343183574965825
BATUSD,1658295727,0.185966636070809
CADUSD,1658317305,0.8002058297965582
BATUSD,1658322594,0.18691253692197263
BATUSD,1658339661,0.1869531112974948
ETHUSD,1658342122,3158.739645064833
EURUSD,1658384445,1.1341579040228855
BTCUSD,1658421065,62167.71074520938
CADUSD,1658455864,0.7999160330553516
CADUSD,1658494785,0.7999251258660831
BTCUSD,1658501867,62192.33208077177
BATUSD,1658515812,0.18704573586038006
ETHUSD,1658516793,3160.2895404918113
BTCUSD,1658521998,62197.26855814056
XPRUSD,1658528343,0.5095977379599044
BTCUSD,1658582032,62210.40766908602
ETHUSD,1658613164,3159.736645138312
EURUSD,1658690962,1.1339709242007145
BTCUSD,1658713793,62215.34622986647
ETHUSD,1658727002,3163.6964166860344
BTCUSD,1658736893,62228.229130649546
ETHUSD,1658755101,3168.0696731250423
BTCUSD,1658798414,62236.44111712106
BTCUSD,1658843983,62265.65998677015
XPRUSD,1658853051,0.5106470691845142
BATUSD,1658956262,0.18750761704399496
BTCUSD,1658970558,62275.87216383148
ETHUSD,1658990765,3160.4729658410834
BATUSD,1658997750,0.18722452809322299
BATUSD,1659026840,0.18946720404829456
CADUSD,1659038608,0.8018136249744203
BTCUSD,1659058560,62320.33078668014
EURUSD,1659060833,1.1340559789740992
EURUSD,1659071777,1.1356628631367802
BATUSD,1659072797,0.190059450637047
ETHUSD,1659079967,3154.731815992642
CADUSD,1659151235,0.801653399276147
ETHUSD,1659175410,3150.0582337126766
ETHUSD,1659192909,3151.075788469427
BATUSD,1659193275,0.19053519367317237
EURUSD,1659203728,1.1350288547892944
EURUSD,1659252740,1.1346810607181728
ETHUSD,1659254503,3158.7098808859246
BTCUSD,1659312792,62337.60597682465
CADUSD,1659348793,0.8026414813316685
ETHUSD,1659353633,3154.822701901597
BATUSD,1659415495,0.19073933107158633
ETHUSD,1659426040,3149.310326067491
BATUSD,1659462287,0.1907497131312764
CADUSD,1659464097,0.8026420888698572
XPRUSD,1659501839,0.5120240049947132
EURUSD,1659518251,1.1360252390177397
EURUSD,1659530090,1.1370606178571896
BTCUSD,1659533602,62366.20668841504
EURUSD,1659568912,1.136782419386007
XPRUSD,1659578919,0.50975240423048
BTCUSD,1659600677,62384.752628366055
EURUSD,1659620671,1.134758955123344
BATUSD,1659624791,0.18903181927084195
CADUSD,1659657285,0.8033109697878792
EURUSD,1659719216,1.1344494650348977
EURUSD,1659725975,1.1330617957974778
BATUSD,1659740912,0.18744876300479207
ETHUSD,1659779347,3143.1161796196625
ETHUSD,1659814532,3144.746312680083
XPRUSD,1659872567,0.5075077349948112
CADUSD,1659894909,0.8039889637093616
ETHUSD,1659951629,3142.101159222846
EURUSD,1659962544,1.1327243775825868
CADUSD,1660015797,0.8047241152989253
ETHUSD,1660027900,3140.461227065723
BTCUSD,1660038868,62401.96011618673
ETHUSD,1660054787,3138.3678441493953
ETHUSD,1660063160,3145.249392945105
BTCUSD,1660064080,62416.54127736937
BATUSD,1660064165,0.18702137476771497
EURUSD,1660098282,1.1358318387464397
BATUSD,1660129349,0.18756395159653796
XPRUSD,1660135932,0.5093039589276976
BATUSD,1660160135,0.18717798701574245
BATUSD,1660169500,0.18781456898138144
ETHUSD,1660175273,3137.0559158915985
BTCUSD,1660181598,62434.46660163698
EURUSD,1660202163,1.1381366564919277
XPRUSD,1660218820,0.5099868863069925
BTCUSD,1660227019,62446.96259450774
BTCUSD,1660232361,62476.38205347227
BTCUSD,1660263933,62505.60151917005
BTCUSD,1660290680,62537.07164050253
EURUSD,1660350728,1.1381558219639278
ETHUSD,1660434481,3144.279789618772
BTCUSD,1660500207,62555.50919461701
BTCUSD,1660509604,62589.822032402444
BTCUSD,1660515012,62618.336534248876
EURUSD,1660519064,1.1395814115647673
BATUSD,1660523013,0.18731089519934804
ETHUSD,1660560563,3147.4509629965773
XPRUSD,1660577522,0.5095091330492171
XPRUSD,1660584942,0.5088083929192775
ETHUSD,1660586744,3148.05415870521
BATUSD,1660612654,0.1883462766373438
XPRUSD,1660627364,0.5094332964477699
EURUSD,1660634678,1.14097874444433
XPRUSD,1660645874,0.5088110533169354
BATUSD,1660691693,0.1886889474112162
XPRUSD,1660715828,0.5086670967244231
CADUSD,1660787732,0.8051073410815169
ETHUSD,1660789433,3148.5124535992527
XPRUSD,1660798113,0.5057097158451006
BTCUSD,1660799658,62638.462343476735
EURUSD,1660808283,1.1416369338966714
CADUSD,1660852484,0.8047817899943251
BTCUSD,1660856077,62655.49633772238
XPRUSD,1660871625,0.5056085203444143
XPRUSD,1660909796,0.5063419251305488
EURUSD,1660920352,1.1430519006435134
BATUSD,1660945233,0.187874218452876
EURUSD,1660951225,1.1430605470154056
BATUSD,1661006461,0.18906510824190276
BTCUSD,1661109020,62671.08400244849
EURUSD,1661166135,1.142493216687876
CADUSD,1661176582,0.8061419490917913
XPRUSD,1661188113,0.5072088188255858
EURUSD,1661226913,1.1430703822848862
ETHUSD,1661262154,3149.6713850253495
CADUSD,1661281667,0.8068693252450424
XPRUSD,1661296657,0.5091181119926464
CADUSD,1661307349,0.8073736922821357
BTCUSD,1661316275,62703.29479990989
ETHUSD,1661358432,3145.4071990235934
EURUSD,1661359085,1.1413156483935476
BTCUSD,1661401433,62727.006705609114
BTCUSD,1661406998,62752.66764668704
ETHUSD,1661415707,3145.458537297241
BATUSD,1661450487,0.1875035825389218
CADUSD,1661464127,0.8075552615753213
XPRUSD,1661470084,0.5107022037208249
BATUSD,1661471762,0.18831320201851331
ETHUSD,1661518128,3140.7270583982145
BTCUSD,1661539257,62760.608063906504
BTCUSD,1661554129,62775.13206724638
XPRUSD,1661555850,0.5090727544382018
ETHUSD,1661559938,3135.430808068928
BATUSD,1661570358,0.1897169916956064
ETHUSD,1661586902,3136.234215602077
BTCUSD,1661600800,62798.192798523756
EURUSD,1661648094,1.1407847663817334
EURUSD,1661654241,1.138027710705087
BTCUSD,1661708685,62811.26545562338
BATUSD,1661821769,0.18951003292288382
BTCUSD,1661856622,62816.34611596432
EURUSD,1661858318,1.139598312829213
XPRUSD,1661865225,0.5102325351505078
BTCUSD,1661889859,62849.1106231055
ETHUSD,1661897209,3132.420505714111
ETHUSD,1661899251,3130.649070978242
ETHUSD,1661910304,3123.013923455319
CADUSD,1661912046,0.806529681664976
BTCUSD,1661914379,62865.58945920918
ETHUSD,1661933583,3122.2308813333375
EURUSD,1661972990,1.1400399645717563
BATUSD,1661980901,0.1912364211546414
ETHUSD,1661990740,3114.4527862048285
ETHUSD,1661991918,3114.111311376536
BATUSD,1662002297,0.19004970448270803
BATUSD,1662062121,0.19071527305484318
CADUSD,1662083942,0.8073825518345008
CADUSD,1662100589,0.8073251388097739
BTCUSD,1662124439,62892.939445349795
CADUSD,1662132511,0.8072650875611882
ETHUSD,1662148579,3116.2643987182173
BTCUSD,1662150281,62917.5967838038
ETHUSD,1662214604,3113.8207797957357
ETHUSD,1662233247,3117.070979385572
BATUSD,1662312195,0.19049003265153142
ETHUSD,1662334033,3121.239542135907
XPRUSD,1662373321,0.5092342354839655
CADUSD,1662379230,0.8085872345155831
BATUSD,1662380876,0.19060676066909438
BATUSD,1662394805,0.19116540236037707
ETHUSD,1662399603,3126.974858719177
BTCUSD,1662399978,62914.23313429724
CADUSD,1662400537,0.8081730154728315
BTCUSD,1662465200,62943.06773277048
BATUSD,1662491973,0.19253165770436192
BTCUSD,1662547679,62951.238742838446
ETHUSD,1662616137,3127.2852658754045
ETHUSD,1662644051,3123.840189737297
BATUSD,1662708683,0.19289526827142328
XPRUSD,1662769122,0.5089021096225472
BTCUSD,1662845933,62968.21650641641
ETHUSD,1662896294,3120.7935232814907
ETHUSD,1662905740,3117.882240500757
ETHUSD,1662907069,3122.766134667589
XPRUSD,1662921551,0.5091065115152129
ETHUSD,1662925452,3122.4821801981207
BATUSD,1662940938,0.1933916954639956
BATUSD,1662959970,0.19508420934978557
CADUSD,1662962142,0.8079346436008924
EURUSD,1662966151,1.1413079169033327
ETHUSD,1662981961,3147.8339196468364
ETHUSD,1662984871,3147.401666074125
EURUSD,1662998101,1.1415479057154039
ETHUSD,1663075644,3148.0457019956275
XPRUSD,1663077958,0.5077942275330537
EURUSD,1663083130,1.1423443074755726
CADUSD,1663096871,0.80609283070947
BTCUSD,1663171609,63008.82298756301
BATUSD,1663204669,0.19433767164580332
ETHUSD,1663206769,3144.1679792358264
EURUSD,1663229545,1.1419319001999169
EURUSD,1663253570,1.1424306017935244
XPRUSD,1663261876,0.5086231351214521
EURUSD,1663293494,1.141481073743113
XPRUSD,1663295322,0.5070837871410574
EURUSD,1663303709,1.143027007662983
XPRUSD,1663327333,0.5048523469940879
ETHUSD,1663332371,3148.3819833233324
BTCUSD,1663365826,63025.03614911623
EURUSD,1663398374,1.1442092172702787
ETHUSD,1663405418,3154.0558353008846
CADUSD,1663491563,0.8068689098584096
XPRUSD,1663507657,0.5048757363519218
BATUSD,1663513460,0.19536929217393534
ETHUSD,1663514501,3149.3164833393057
ETHUSD,1663536416,3147.383054211909
EURUSD,1663553342,1.144920433684852
ETHUSD,1663562365,3151.0122656102017
BATUSD,1663564378,0.19591401753014445
BTCUSD,1663577228,63024.64943007116
EURUSD,1663594735,1.1463985406722361
XPRUSD,1663603517,0.5061688409370478
CADUSD,1663622824,0.8060176125374289
CADUSD,1663641367,0.8044608025523976
CADUSD,1663647898,0.803309801832129
CADUSD,1663653818,0.8029015057390474
BATUSD,1663675730,0.19717288004432398
XPRUSD,1663682769,0.5040817249617945
CADUSD,1663718698,0.8026684244533067
ETHUSD,1663722597,3159.3358269177957
BTCUSD,1663738850,63039.87579327534
BTCUSD,1663782166,63055.828723107
CADUSD,1663782542,0.8015227802050626
CADUSD,1663784768,0.8013768507291421
BTCUSD,1663789537,63082.90288639415
ETHUSD,1663793796,3160.109473280294
EURUSD,1663813330,1.1461742492038032
CADUSD,1663846940,0.8015673080938763
EURUSD,1663862135,1.1458050101464778
XPRUSD,1663907470,0.5008312814332997
BTCUSD,1663910597,63114.16840756532
XPRUSD,1663929871,0.4980079850028829
XPRUSD,1663950948,0.5011931628856396
CADUSD,1663970781,0.8003632762324924
BTCUSD,1664037698,63141.34771911649
CADUSD,1664053241,0.8002701074217189
BTCUSD,1664070354,63154.82405131419
EURUSD,1664093546,1.1460769346622517
BATUSD,1664101048,0.1963028161103395
BTCUSD,1664110497,63161.72099373574
ETHUSD,1664222456,3169.777413319604
ETHUSD,1664223922,3172.227907297045
ETHUSD,1664225884,3162.6319723652914
BATUSD,1664236885,0.19562899748189883
ETHUSD,1664255243,3171.9027183529906
ETHUSD,1664260777,3171.8307652593026
BTCUSD,1664268958,63192.65269310973
BTCUSD,1664279912,63225.675285138845
CADUSD,1664280156,0.8009793855050882
CADUSD,1664299104,0.8011665127923907
ETHUSD,1664303369,3176.3468499323944
ETHUSD,1664323939,3174.456596374122
EURUSD,1664350069,1.1459583400999456
ETHUSD,1664364342,3167.152891756643
ETHUSD,1664379301,3161.6143277202195
BTCUSD,1664381246,63249.97586602236
XPRUSD,1664387354,0.49821381580886437
BATUSD,1664398505,0.19566380969617397
EURUSD,1664403279,1.1460572594925413
BATUSD,1664439805,0.19772008799496643
EURUSD,1664461327,1.1456151582130232
BATUSD,1664475085,0.19713605121834235
BTCUSD,1664526791,63279.45032304566
CADUSD,1664533316,0.8012883051442619
XPRUSD,1664538550,0.496092471991192
CADUSD,1664606008,0.8007877934230115
BATUSD,1664610336,0.19793367537707157
BTCUSD,1664639313,63313.36777090675
EURUSD,1664727645,1.1469392001985899
XPRUSD,1664728384,0.4950026386761256
BTCUSD,1664807803,63341.47523006615
XPRUSD,1664813932,0.49224489189851073
ETHUSD,1664816952,3161.50389624848
CADUSD,1664862857,0.8002768782207839
CADUSD,1664879759,0.7988303549577389
BTCUSD,1664883898,63348.53676853275
EURUSD,1664893290,1.1471609109500744
EURUSD,1664894866,1.1480331548585418
XPRUSD,1664956507,0.49381441546845145
XPRUSD,1664963290,0.49555344049134703
CADUSD,1665049576,0.7982820086846344
BTCUSD,1665077341,63374.25719387814
EURUSD,1665077771,1.1484194692985876
BATUSD,1665090107,0.19859284128427296
CADUSD,1665146729,0.7986766272969555
CADUSD,1665177469,0.798849148292891
BTCUSD,1665177980,63385.87084762777
BTCUSD,1665207446,63423.06492351192
ETHUSD,1665215009,3159.7081631955066
ETHUSD,1665253881,3157.007122316231
EURUSD,1665269624,1.148409467260412
EURUSD,1665287444,1.1481411634886505
CADUSD,1665311176,0.7995952486947085
BATUSD,1665321208,0.19924480289870955
CADUSD,1665324113,0.8008628662997231
BATUSD,1665340418,0.20045986792645484
EURUSD,1665343225,1.1483596803198408
EURUSD,1665367375,1.1490838945441246
XPRUSD,1665369591,0.49280992155745584
EURUSD,1665414827,1.1486291060300777
XPRUSD,1665477946,0.4937090132432382
EURUSD,1665484139,1.1473428575064268
BATUSD,1665505116,0.20063078515016258
EURUSD,1665526881,1.1477565661971607
XPRUSD,1665533749,0.493756357218687
EURUSD,1665580017,1.1491093734420574
BTCUSD,1665620709,63453.52842512569
XPRUSD,1665627001,0.497883397528944
BATUSD,1665641376,0.19980636608543234
BTCUSD,1665644436,63461.46664322946
CADUSD,1665660216,0.8011672677498718
CADUSD,1665663465,0.7999453802517458
CADUSD,1665688284,0.8010513462120742
CADUSD,1665698862,0.8019095633273572
BATUSD,1665726165,0.20070951022432892
ETHUSD,1665727716,3163.6685648500197
CADUSD,1665735603,0.8009299608479756
ETHUSD,1665758048,3164.834032683664
ETHUSD,1665762839,3165.2415937913743
ETHUSD,1665771448,3166.5017337657464
BATUSD,1665784102,0.19997486480747823
XPRUSD,1665784416,0.4984431100288488
EURUSD,1665784599,1.1510591031417552
EURUSD,1665806241,1.1511826433863748
CADUSD,1665832265,0.8023157103706337
BATUSD,1665850240,0.1992478375768481
BTCUSD,1665869602,63491.61845024568
ETHUSD,1665903813,3161.9177180304023
EURUSD,1665918906,1.1484495473507437
BATUSD,1665929052,0.1999621829549733
BTCUSD,1665950117,63502.31959559066
BTCUSD,1665973518,63530.62210924627
BTCUSD,1665977928,63543.89601476109
CADUSD,1666004659,0.8007602094587342
XPRUSD,1666053861,0.49948443473297666
BTCUSD,1666081245,63575.66271893585
BATUSD,1666155939,0.20149885794974198
CADUSD,1666166772,0.7997180882853054
EURUSD,1666174040,1.1486524638850375
ETHUSD,1666233189,3154.2264589669794
BTCUSD,1666235660,63603.24222988021
EURUSD,1666250632,1.1479618914308525
BTCUSD,1666283905,63635.95113122915
CADUSD,1666334376,0.8000280022532036
XPRUSD,1666350837,0.4996581222824878
ETHUSD,1666364386,3150.3257640207335
CADUSD,1666427588,0.798560586971671
ETHUSD,1666481891,3153.3020172390297
CADUSD,1666499075,0.7978414428447591
BTCUSD,1666508903,63669.065451943985
ETHUSD,1666524642,3163.7226910515956
BATUSD,1666560653,0.20095800497929542
CADUSD,1666566490,0.7992060973947768
CADUSD,1666594845,0.7994826721088786
BTCUSD,1666598281,63692.95602735053
EURUSD,1666625847,1.1491747920782671
XPRUSD,1666647646,0.4990412062044672
XPRUSD,1666657684,0.49845720291831835
EURUSD,1666738393,1.1497736324658283
ETHUSD,1666750821,3167.049007004517
XPRUSD,1666772417,0.4967122403609026
CADUSD,1666793867,0.7991785755375044
EURUSD,1666819372,1.1486358285402989
CADUSD,1666825173,0.800124475823399
ETHUSD,1666826105,3166.6446400231366
XPRUSD,1666861769,0.49741780357787846
EURUSD,1666863844,1.1488621523975293
EURUSD,1666890180,1.1489506154491589
BATUSD,1666909069,0.19969566277012502
ETHUSD,1666914334,3168.149064873959
BTCUSD,1666958361,63705.321000738775
XPRUSD,1666962887,0.49829663427767545
ETHUSD,1666982034,3172.7803726513534
XPRUSD,1666984855,0.49680525010713245
BTCUSD,1666990207,63731.718092630224
XPRUSD,1667006695,0.4984251387191464
EURUSD,1667022768,1.1487445375846135
CADUSD,1667086816,0.8011931105818022
BATUSD,1667147590,0.20117185892452252
BATUSD,1667151330,0.20185851290277113
EURUSD,1667163867,1.1496036586657696
BATUSD,1667191617,0.20122006544178422
XPRUSD,1667214001,0.4982988289349286
CADUSD,1667225607,0.8006012089256704
BTCUSD,1667232817,63751.013231315635
BTCUSD,1667275077,63776.782839814085
CADUSD,1667275522,0.8008690772159508
ETHUSD,1667294408,3174.1856863094267
EURUSD,1667383588,1.1498716831433022
XPRUSD,1667435015,0.49631660148979084
XPRUSD,1667465608,0.49822931924057234
BTCUSD,1667478371,63806.5208689833
XPRUSD,1667486992,0.49683490948159814
XPRUSD,1667492049,0.5007757279058237
BTCUSD,1667507291,63832.6645405035
XPRUSD,1667509734,0.5035738153783774
BTCUSD,1667544836,63863.5471509691
ETHUSD,1667562630,3170.4985220617978
ETHUSD,1667563007,3174.697884339023
BATUSD,1667564549,0.20285521040998644
ETHUSD,1667582935,3182.0844901809546
BATUSD,1667638578,0.20210344934038632
BTCUSD,1667664344,63882.30799362849
EURUSD,1667686944,1.1493361714155632
BTCUSD,1667700220,63918.8579759685
CADUSD,1667709960,0.8002516690562687
XPRUSD,1667737328,0.5089946436725714
BATUSD,1667748518,0.20304301024416513
ETHUSD,1667794143,3193.7087059928467
BATUSD,1667796378,0.20383135209818187
BTCUSD,1667811695,63920.53821881303
BATUSD,1667815511,0.2039554883931035
BTCUSD,1667823208,63938.086084579416
BTCUSD,1667831387,63950.447104752115
XPRUSD,1667843631,0.511019145552513
BTCUSD,1667883012,63956.959373168436
BTCUSD,1667927854,63984.14280731821
XPRUSD,1667970375,0.5144904261975592
XPRUSD,1667978769,0.5151128446867923
ETHUSD,1667989624,3198.7839101571453
CADUSD,1668020111,0.8001137704217405
ETHUSD,1668026386,3202.308164768366
EURUSD,1668028175,1.1487273946107872
CADUSD,1668039469,0.8006074787075426
XPRUSD,1668043640,0.5157087364815082
BATUSD,1668083832,0.20633026619790998
CADUSD,1668102992,0.8008678340974716
BTCUSD,1668121240,63995.01953373288
BATUSD,1668158963,0.2058283053360529
XPRUSD,1668172199,0.5167495180617078
CADUSD,1668209136,0.801022018583216
BATUSD,1668220743,0.20458365771596587
ETHUSD,1668259271,3208.3725288388077
EURUSD,1668262674,1.1472691407099167
BATUSD,1668345792,0.2059512168928146
XPRUSD,1668356478,0.514376778207242
EURUSD,1668371865,1.1481638223139385
ETHUSD,1668394822,3207.817582934902
XPRUSD,1668420917,0.5126210022522384
BATUSD,1668469334,0.20415126425285354
EURUSD,1668481721,1.1485417407218876
XPRUSD,1668482474,0.5129516637439759
EURUSD,1668513545,1.1484148717788605
CADUSD,1668519727,0.801286667913864
ETHUSD,1668555796,3213.38367847063
CADUSD,1668563805,0.8000934376566646
EURUSD,1668614670,1.1488854882429216
EURUSD,1668623260,1.149260116550875
CADUSD,1668624435,0.8024955534669592
BTCUSD,1668649548,64017.693402649704
BATUSD,1668654068,0.20325523903367748
ETHUSD,1668662857,3205.724765956221
XPRUSD,1668682007,0.5115954425355734
BATUSD,1668701112,0.2048636302649759
BATUSD,1668733807,0.20558953928636267
CADUSD,1668738718,0.8027482278345928
ETHUSD,1668817199,3207.7384854190686
BTCUSD,1668821039,64034.311923887464
BATUSD,1668823870,0.20542503832581538
ETHUSD,1668834750,3204.2708610143695
EURUSD,1668860836,1.1498367467398247
XPRUSD,1668860871,0.5131301570107731
CADUSD,1668891560,0.8038999707173462
BATUSD,1668892116,0.20364290071192698
BTCUSD,1668951339,64037.74820334361
BTCUSD,1668978765,64051.554350467915
CADUSD,1669005048,0.8042978730031409
EURUSD,1669006896,1.1510971390601983
ETHUSD,1669007055,3198.6602942377654
BTCUSD,1669020805,64056.17062390105
CADUSD,1669025705,0.8046432456624111
XPRUSD,1669055797,0.5146119304224793
CADUSD,1669074719,0.8029613961338591
XPRUSD,1669125163,0.5152462096654771
CADUSD,1669199960,0.8030965286279804
BATUSD,1669208203,0.20343300003170744
CADUSD,1669223127,0.8032039003021897
CADUSD,1669237492,0.8040533588838754
XPRUSD,1669253660,0.512874877314456
EURUSD,1669265694,1.1504131525919048
EURUSD,1669294913,1.1507710698917923
ETHUSD,1669345739,3196.7994448735394
BATUSD,1669350557,0.2029729010350072
XPRUSD,1669387351,0.5108115254914616
XPRUSD,1669408272,0.5128474313752169
CADUSD,1669473221,0.8041734473417117
XPRUSD,1669504771,0.5108483140509991
XPRUSD,1669507729,0.5132484577332916
BATUSD,1669528642,0.2013587976603522
ETHUSD,1669530229,3197.884474898652
EURUSD,1669550692,1.1497038188430535
CADUSD,1669553461,0.8039478454997651
XPRUSD,1669563720,0.5128127196764318
EURUSD,1669572133,1.1497756629695746
ETHUSD,1669593315,3198.035127394658
EURUSD,1669621446,1.1479748896644453
XPRUSD,1669639423,0.5117284290437536
BTCUSD,1669653866,64075.30162346543
ETHUSD,1669656553,3183.5834590448903
ETHUSD,1669659663,3189.4099747548994
XPRUSD,1669663708,0.512286848743986
BTCUSD,1669699701,64103.80052433197
ETHUSD,1669711181,3190.8773198138533
XPRUSD,1669770108,0.5095071452224947
BATUSD,1669812449,0.20090818123038406
BTCUSD,1669814876,64129.87611989618
XPRUSD,1669815915,0.5111274570493295
BTCUSD,1669841438,64141.44348822925
BATUSD,1669843591,0.20203386881199742
BATUSD,1669844799,0.2036054063054881
ETHUSD,1669859323,3186.958266956381
BATUSD,1669869055,0.20393971561909183
CADUSD,1669869218,0.8039645576081805
CADUSD,1669869299,0.8014801210451543
XPRUSD,1669913081,0.508655685145861
XPRUSD,1669925536,0.5081024955227351
CADUSD,1669927701,0.8002612162319236
XPRUSD,1669950805,0.5084345471506267
CADUSD,1670011816,0.8006206773018327
EURUSD,1670011942,1.1488724557022663
BTCUSD,1670021036,64162.630424725765
ETHUSD,1670021153,3180.6329160077357
XPRUSD,1670026964,0.5088912482986716
BATUSD,1670115410,0.20326180485040957
ETHUSD,1670124492,3183.943843197329
BATUSD,1670140579,0.20558763115277806
BTCUSD,1670174408,64178.281663792695
CADUSD,1670181082,0.8024782341313266
EURUSD,1670190126,1.1496228040782956
CADUSD,1670191794,0.8039772516169313
ETHUSD,1670248560,3179.7208543918
BATUSD,1670266084,0.20483557246023654
EURUSD,1670364211,1.1511209312008315
XPRUSD,1670374460,0.5097382540312363
BTCUSD,1670418787,64186.109978750086
XPRUSD,1670426128,0.5105361403136225
XPRUSD,1670450911,0.5109411056763704
CADUSD,1670469294,0.8057810433455903
BTCUSD,1670521590,64203.512880751
XPRUSD,1670522429,0.5115195252521835
EURUSD,1670532204,1.1505383628295627
BATUSD,1670543648,0.205608482708741
CADUSD,1670575722,0.8065117953152413
BATUSD,1670605540,0.20526559645403078
CADUSD,1670607635,0.8063435378435636
XPRUSD,1670617041,0.5120446416133188
EURUSD,1670617124,1.151779717164365
BTCUSD,1670638586,64216.23341053267
BTCUSD,1670647102,64232.6534985507
EURUSD,1670686052,1.1510444934959314
BTCUSD,1670709921,64258.3098535935
XPRUSD,1670716298,0.5088147853551813
ETHUSD,1670727599,3179.844633469674
ETHUSD,1670732799,3186.565139515076
EURUSD,1670787850,1.1498660139371608
CADUSD,1670788059,0.804975995850437
BATUSD,1670830576,0.20491995539563523
BATUSD,1670841196,0.2060388264012089
BATUSD,1670851043,0.2047564056692763
ETHUSD,1670871006,3190.040731618903
ETHUSD,1670875197,3189.4673774502185
XPRUSD,1670900820,0.5080883038952764
BTCUSD,1670913982,64279.315871485254
XPRUSD,1670915499,0.5075899777882128
CADUSD,1670925252,0.8047993890017041
ETHUSD,1670930676,3192.104171979748
EURUSD,1670931630,1.1500666319276964
BTCUSD,1670932841,64285.81397590152
BATUSD,1670936445,0.20359937552100094
EURUSD,1670971208,1.1477064191479158
EURUSD,1671029227,1.1494401994079937
CADUSD,1671032814,0.8049633818025981
BTCUSD,1671045181,64324.96160529305
XPRUSD,1671048775,0.5059169165349106
EURUSD,1671086342,1.1479467099387748
ETHUSD,1671153615,3198.2681379071414
ETHUSD,1671182444,3196.61408957351
EURUSD,1671183348,1.1474704196568744
ETHUSD,1671183953,3197.5381342225874
XPRUSD,1671184079,0.5030751530363495
XPRUSD,1671185481,0.5013425976330445
BTCUSD,1671191566,64345.28565061212
EURUSD,1671230066,1.1480037307968676
ETHUSD,1671259967,3189.6554218210636
ETHUSD,1671262329,3203.186033129114
BTCUSD,1671279402,64363.46280253741
ETHUSD,1671284064,3205.444013514817
XPRUSD,1671331879,0.5014135016186618
EURUSD,1671336559,1.1483138853292405
BATUSD,1671350863,0.20459018108473936
CADUSD,1671370625,0.8049732469887302
ETHUSD,1671381994,3208.15957748597
BTCUSD,1671409420,64376.24786913876
BTCUSD,1671418138,64409.02012771774
BTCUSD,1671430421,64421.743712579904
BTCUSD,1671432180,64454.38046650566
BATUSD,1671462962,0.20530790732372722
XPRUSD,1671476065,0.5010326912789373
CADUSD,1671485580,0.8054130980251113
CADUSD,1671496231,0.804997551290286
BATUSD,1671506039,0.20594819384481755
ETHUSD,1671519042,3221.9390485557637
BTCUSD,1671531219,64462.69292048214
ETHUSD,1671551543,3230.1586855842233
XPRUSD,1671555969,0.5027372862597231
CADUSD,1671605090,0.8040141165082159
EURUSD,1671610814,1.1490879725094298
EURUSD,1671617522,1.1487021154661834
EURUSD,1671627066,1.1485554985474427
BTCUSD,1671641847,64493.02783743553
EURUSD,1671662832,1.1497936933714317
BTCUSD,1671671200,64512.90128648003
XPRUSD,1671677552,0.5015543352112737
EURUSD,1671684233,1.1500938335212312
BATUSD,1671725176,0.20754335448098524
BTCUSD,1671731396,64538.04928239335
ETHUSD,1671738490,3221.77412561431
BATUSD,1671740692,0.20751183118601657
ETHUSD,1671779789,3228.001704403008
BATUSD,1671787068,0.2088276629939686
CADUSD,1671813942,0.8045889209253508
XPRUSD,1671865560,0.4995744177795406
EURUSD,1671867969,1.1513671370871066
ETHUSD,1671875025,3226.8157108868973
EURUSD,1671881416,1.1519183229320635
XPRUSD,1671896640,0.4995512880678698
EURUSD,1671908994,1.1504307644991718
ETHUSD,1671910721,3231.200905559641
CADUSD,1671913423,0.8052307985185432
ETHUSD,1671920304,3232.8817791632205
ETHUSD,1671971085,3235.6937114301286
CADUSD,1671991928,0.8052571114157666
BTCUSD,1671995277,64555.584956176324
EURUSD,1672000487,1.1502880290897517
BTCUSD,1672027598,64579.28923939169
BATUSD,1672053135,0.20772913828567824
XPRUSD,1672067881,0.49789205040444146
CADUSD,1672084949,0.8058583358774991
BATUSD,1672132105,0.207681321153586
ETHUSD,1672152340,3242.510842379825
BATUSD,1672187872,0.20993195381264496
EURUSD,1672209102,1.1485346348410326
ETHUSD,1672251778,3240.0561938122637
BATUSD,1672284408,0.2124286668332793
BTCUSD,1672315099,64606.45828218489
CADUSD,1672330595,0.8055336723851223
BATUSD,1672337070,0.21211947918898472
BTCUSD,1672363982,64629.42547854518
EURUSD,1672410592,1.1493822744407025
BTCUSD,1672412973,64660.05509128513
CADUSD,1672436793,0.8052942524307236
XPRUSD,1672449922,0.49625802177280676
ETHUSD,1672458322,3246.5399199090857
EURUSD,1672467013,1.1496562401929677
XPRUSD,1672482609,0.49808083644052037
BTCUSD,1672494890,64695.52307340852
XPRUSD,1672521376,0.49717810131294543
ETHUSD,1672528463,3249.953345968556
BTCUSD,1672557303,64736.69106130544
EURUSD,1672563094,1.1493805434071351
EURUSD,1672572948,1.1498143247572663
CADUSD,1672581639,0.8042971165271732
BTCUSD,1672598137,64771.468894058504
BTCUSD,1672598453,64813.773481842545
EURUSD,1672602219,1.1497679942114256
XPRUSD,1672632904,0.498487011932329
XPRUSD,1672659547,0.4971284831334607
BTCUSD,1672661452,64840.25046414187
BTCUSD,1672670150,64857.799618844954
XPRUSD,1672703045,0.49771983675660986
BATUSD,1672705055,0.21340620854228454
ETHUSD,1672726720,3255.552281631767
ETHUSD,1672791135,3255.6903453938926
CADUSD,1672803416,0.8050458496559321
BTCUSD,1672825611,64878.79521264906
ETHUSD,1672854803,3247.7453820705987
CADUSD,1672856852,0.8046947395087063
XPRUSD,1672859381,0.49766263421035734
XPRUSD,1672878973,0.4988354049215002
XPRUSD,1672921271,0.4995822149824013
EURUSD,1672952442,1.1498446213851332
ETHUSD,1672977761,3255.709142136984
CADUSD,1673054309,0.8040701894683238
BTCUSD,1673148813,64903.562290889065
EURUSD,1673151471,1.149764263848837
BATUSD,1673173411,0.21389292950482724
BTCUSD,1673174356,64912.27923845667
CADUSD,1673184245,0.8038862004426636
CADUSD,1673194401,0.8021371435140787
CADUSD,1673214369,0.8012992184172456
EURUSD,1673216510,1.149487554657643
BATUSD,1673252125,0.21394853998880542
BATUSD,1673254204,0.21306170746559988
BTCUSD,1673272795,64937.76101601882
XPRUSD,1673393249,0.49963470067807586
XPRUSD,1673425307,0.49967213825121465
BATUSD,1673504398,0.2127189342805419
BTCUSD,1673520693,64953.476052872385
ETHUSD,1673549981,3260.559237803749
CADUSD,1673562596,0.800478903136523
XPRUSD,1673581936,0.5030178179756782
ETHUSD,1673602266,3256.2853266733036
BTCUSD,1673637096,64984.006473052315
CADUSD,1673671856,0.7993317172244181
BTCUSD,1673684713,64995.61912504491
CADUSD,1673684771,0.7972517346284408
ETHUSD,1673710401,3257.276219017259
BATUSD,1673714279,0.2132304444492794
BATUSD,1673755225,0.21349073371317487
EURUSD,1673788097,1.1497573517833526
CADUSD,1673802616,0.7985310383766536
XPRUSD,1673828944,0.5066955323006012
XPRUSD,1673887667,0.5069123621412417
EURUSD,1673947396,1.1509797859072035
EURUSD,1673974859,1.151182334426527
BATUSD,1673998303,0.2117554535945183
BTCUSD,1674013310,65023.023600381246
ETHUSD,1674060016,3258.08389490916
BTCUSD,1674123312,65039.12768883359
CADUSD,1674125944,0.7968302608494214
EURUSD,1674128027,1.1521554157922835
ETHUSD,1674132313,3257.1356550656733
EURUSD,1674154143,1.1517255627769938
XPRUSD,1674192163,0.5090361159759179
BTCUSD,1674198935,65073.785332832405
XPRUSD,1674200955,0.5084503547279037
EURUSD,1674212074,1.1523642650737704
EURUSD,1674235988,1.1542176864829266
XPRUSD,1674265896,0.5056367161456601
XPRUSD,1674340277,0.5059825976865862
BATUSD,1674343281,0.2117509409276122
BTCUSD,1674349669,65105.9112380517
EURUSD,1674385060,1.155239722666278
BATUSD,1674388480,0.2104171189064172
BTCUSD,1674467817,65133.88480829836
XPRUSD,1674469556,0.5093848429518849
BATUSD,1674480499,0.20911331100784858
EURUSD,1674496493,1.15603903365893
CADUSD,1674520407,0.7984201045320065
BTCUSD,1674608766,65152.870894869826
EURUSD,1674625730,1.1555758232005
XPRUSD,1674661625,0.508803917435042
BATUSD,1674684963,0.20914137580699527
BTCUSD,1674697997,65159.06883391699
ETHUSD,1674705615,3260.1485371733474
ETHUSD,1674724734,3255.1972382465683
CADUSD,1674725518,0.7969278739248921
ETHUSD,1674753009,3257.1073598106077
EURUSD,1674791492,1.155576342229848
CADUSD,1674816876,0.7957090795536608
BATUSD,1674849464,0.20814908029511497
BATUSD,1674854970,0.207822418511588
BTCUSD,1674893909,65179.08625766436
BTCUSD,1674899625,65194.129784048775
EURUSD,1674945775,1.1552847050162252
BTCUSD,1674950206,65215.16845248196
BATUSD,1674952548,0.20845031221159516
CADUSD,1674973254,0.795436875989245
ETHUSD,1675033723,3258.627836780777
EURUSD,1675036735,1.1558965076311527
EURUSD,1675102326,1.1548540574610955
EURUSD,1675129080,1.1548942292153523
CADUSD,1675149243,0.7956876413611407
XPRUSD,1675178759,0.51097654332692
XPRUSD,1675193804,0.5127314778989945
EURUSD,1675196870,1.1530354557702396
XPRUSD,1675209560,0.5126528707435155
ETHUSD,1675229136,3254.3657015454546
BATUSD,1675233557,0.20949417123527034
BATUSD,1675252546,0.20712400924549892
XPRUSD,1675276035,0.5151233248773777
CADUSD,1675290434,0.7945046003071475
CADUSD,1675312893,0.795891192683316
ETHUSD,1675317411,3252.7095209142994
ETHUSD,1675342104,3254.2572616374273
XPRUSD,1675346218,0.5139114700978105
XPRUSD,1675366147,0.5119347914058199
ETHUSD,1675371161,3257.997998202754
BTCUSD,1675387389,65245.430532853956
EURUSD,1675400918,1.154962786279015
XPRUSD,1675407418,0.5107581684249465
CADUSD,1675464967,0.7970055221963139
BTCUSD,1675497389,65263.419961183085
EURUSD,1675506964,1.1557813013617535
CADUSD,1675524926,0.7978635268298521
BTCUSD,1675535036,65277.67849617412
BTCUSD,1675539810,65276.65110986213
ETHUSD,1675554941,3248.577032159204
XPRUSD,1675560564,0.5110610674776467
EURUSD,1675574210,1.1565644087886235
XPRUSD,1675584566,0.509340438567916
BTCUSD,1675593784,65285.694182721265
CADUSD,1675612906,0.7974963264315286
BTCUSD,1675643498,65322.48455915088
BATUSD,1675652331,0.20661260965313538
XPRUSD,1675661707,0.5095027940872684
XPRUSD,1675668219,0.5087510579985388
ETHUSD,1675725505,3250.509583127065
BATUSD,1675732935,0.20648054217228928
XPRUSD,1675747875,0.5062034186203549
EURUSD,1675751592,1.157518224667794
BTCUSD,1675802846,65340.35281772043
EURUSD,1675804102,1.1582258152985916
CADUSD,1675811141,0.7968446039452901
ETHUSD,1675817696,3251.0918026967684
XPRUSD,1675844994,0.5071162339733023
CADUSD,1675859304,0.797288829429927
BTCUSD,1675889556,65358.5299228787
CADUSD,1675924092,0.7972019430880313
BATUSD,1675925305,0.2070495995504434
ETHUSD,1675929258,3258.8027957933955
CADUSD,1675945025,0.7971765935202177
XPRUSD,1675947441,0.5099980816496752
EURUSD,1675961938,1.1591336046807816
BATUSD,1675968552,0.20751639528991425
EURUSD,1675970278,1.1595676877200474
XPRUSD,1675980164,0.5099248110853284
CADUSD,1676002672,0.7948333026564088
ETHUSD,1676011118,3265.4095140906315
XPRUSD,1676050454,0.5092802686762182
CADUSD,1676069768,0.7954690504851617
ETHUSD,1676127253,3270.3064362500404
BTCUSD,1676128232,65387.57767007968
EURUSD,1676150939,1.1586211950425027
BATUSD,1676156867,0.20810453996453596
XPRUSD,1676182913,0.5077793731240365
XPRUSD,1676188055,0.5110332591176061
BATUSD,1676196776,0.2089086532586955
EURUSD,1676205638,1.1575962068843046
EURUSD,1676210301,1.157749645600946
BTCUSD,1676254864,65428.700933817076
XPRUSD,1676261304,0.5111548476277166
BATUSD,1676272542,0.20824233765357736
BATUSD,1676309593,0.2077198072121628
BATUSD,1676411801,0.20662589628821715
EURUSD,1676417560,1.1575704613872708
CADUSD,1676445951,0.7972053781529709
EURUSD,1676475279,1.156986458093492
XPRUSD,1676503141,0.5119222199003853
XPRUSD,1676547280,0.5090742909479343
CADUSD,1676564451,0.7990431190039893
EURUSD,1676574263,1.1584668532947575
BTCUSD,1676585711,65441.36099899509
EURUSD,1676588332,1.1580289103990247
XPRUSD,1676597431,0.5104589088578562
BTCUSD,1676601961,65460.763802064524
CADUSD,1676605430,0.7990131845560903
BATUSD,1676646005,0.2066937074774692
EURUSD,1676657769,1.1575506813341827
ETHUSD,1676685797,3272.008284791668
CADUSD,1676704163,0.7985672595570312
EURUSD,1676709070,1.1586048543446965
BTCUSD,1676745105,65483.414869650005
XPRUSD,1676784723,0.5099515199801876
BATUSD,1676794612,0.207744858381348
EURUSD,1676797341,1.158938138363493
BATUSD,1676816239,0.2071050828365068
CADUSD,1676818292,0.7984492025448976
BATUSD,1676823968,0.2064562310367481
BATUSD,1676828247,0.20485905821958722
EURUSD,1676831236,1.159568235423821
CADUSD,1676840442,0.7983628263339643
BTCUSD,1676863824,65513.71110729513
XPRUSD,1676875603,0.5087281808456396
XPRUSD,1676879474,0.5066585664335533
ETHUSD,1676886799,3266.6107937278234
XPRUSD,1676900036,0.5105170547526587
EURUSD,1676934373,1.161952183950493
BTCUSD,1676949040,65535.310268825764
CADUSD,1676949901,0.7970295859836609
BTCUSD,1676953098,65558.66728418802
BATUSD,1676961658,0.20271624300851046
ETHUSD,1676966757,3269.458271794437
CADUSD,1677015738,0.7972811082323567
EURUSD,1677016053,1.159972552641096
XPRUSD,1677020669,0.5085550096040379
BTCUSD,1677036392,65583.27543203549
EURUSD,1677072919,1.1585048974451042
ETHUSD,1677129309,3268.943040674823
BTCUSD,1677148922,65597.52664880209
EURUSD,1677164764,1.1563353816427877
XPRUSD,1677183393,0.5097024663501749
BTCUSD,1677201076,65606.76874336967
BATUSD,1677237365,0.20285314419251324
BTCUSD,1677244808,65630.11699752005
XPRUSD,1677254539,0.5140014312989549
BATUSD,1677254690,0.20354943205611478
BTCUSD,1677279585,65647.12814474512
BTCUSD,1677344383,65650.7774201622
CADUSD,1677381337,0.7962118159913427
CADUSD,1677389674,0.7961990367141956
CADUSD,1677421834,0.7969603251569125
BATUSD,1677451876,0.20345825306439502
BTCUSD,1677465879,65666.18033097858
XPRUSD,1677469316,0.5147614792804013
XPRUSD,1677498468,0.5160053043551326
BATUSD,1677503927,0.202792702834525
CADUSD,1677518269,0.7967475708634737
CADUSD,1677522042,0.7964768308325595
BTCUSD,1677531821,65694.57640935577
EURUSD,1677559375,1.1567012740906266
CADUSD,1677572955,0.7952498661938138
BATUSD,1677598381,0.2042441595071024
ETHUSD,1677609476,3274.783256246014
EURUSD,1677612147,1.156573769350868
ETHUSD,1677659928,3285.8145105858744
CADUSD,1677663339,0.7951309219215336
XPRUSD,1677665245,0.5132212434123318
ETHUSD,1677667204,3290.307129478933
XPRUSD,1677682048,0.5196726724463763
ETHUSD,1677682152,3289.0938553103056
BATUSD,1677753522,0.20502903043951867
XPRUSD,1677756369,0.5189295651736999
BTCUSD,1677759800,65728.202545942
CADUSD,1677883337,0.7955293241866621
EURUSD,1677898734,1.1568761790008908
XPRUSD,1677934883,0.5243029196132959
XPRUSD,1677935475,0.5257660486376015
EURUSD,1677945826,1.1569256372256205
BATUSD,1677963696,0.20540967238584207
BATUSD,1677970326,0.20641173217934627
EURUSD,1677974094,1.158475400158919
BTCUSD,1677974460,65767.87542485748
ETHUSD,1678016580,3291.9591353168303
ETHUSD,1678050082,3292.4966293406083
BATUSD,1678050688,0.2071705102761952
BTCUSD,1678062598,65806.9139788623
EURUSD,1678088670,1.1581233519477774
XPRUSD,1678093648,0.523186473225541
BATUSD,1678094699,0.2068037545641649
ETHUSD,1678097701,3300.7659910691664
ETHUSD,1678110629,3296.7105658760383
ETHUSD,1678118517,3307.388575300739
BATUSD,1678135931,0.20645764320340096
BATUSD,1678164944,0.20617924764950932
CADUSD,1678166551,0.7948153957504759
CADUSD,1678191115,0.7962621166909407
BTCUSD,1678215336,65813.80062302544
CADUSD,1678218983,0.7954330931219135
BATUSD,1678243842,0.2034478724862005
BATUSD,1678267568,0.20561155834207837
BTCUSD,1678300347,65823.44153311783
ETHUSD,1678361217,3316.223524519677
BTCUSD,1678373479,65853.49561504231
XPRUSD,1678378213,0.5242907533105738
BATUSD,1678379040,0.20666463596868284
ETHUSD,1678380031,3316.268765392913
CADUSD,1678384505,0.7937064328686283
BTCUSD,1678390005,65874.1212324052
EURUSD,1678425790,1.157450214842302
XPRUSD,1678512367,0.5255121993227728
EURUSD,1678542004,1.156767822954668
EURUSD,1678555360,1.1567188913605502
XPRUSD,1678558529,0.526973851170731
ETHUSD,1678562485,3315.5145893552935
BATUSD,1678572070,0.20648849139959366
BTCUSD,1678574390,65913.91294201658
XPRUSD,1678583851,0.5266497793334762
BTCUSD,1678621964,65935.63731856352
ETHUSD,1678626290,3316.9955096056824
XPRUSD,1678634375,0.5286847943813777
XPRUSD,1678637860,0.5301281232245564
BTCUSD,1678645699,65948.32907888632
EURUSD,1678654930,1.155673429245576
XPRUSD,1678658054,0.5326427355013019
BATUSD,1678747258,0.20681797614103245
ETHUSD,1678786865,3315.73791812511
XPRUSD,1678824193,0.5339584116995816
BATUSD,1678838793,0.2061553483678399
EURUSD,1678864030,1.156710045410262
BTCUSD,1678949893,65960.4412325972
BTCUSD,1679043443,65962.75157893934
XPRUSD,1679046010,0.5349472753511745
BATUSD,1679056272,0.2049837099387336
BATUSD,1679064964,0.20359009426206845
ETHUSD,1679066986,3304.33429714793
BTCUSD,1679110827,65996.12067522005
CADUSD,1679117078,0.7932326128222643
EURUSD,1679151029,1.1564923651322145
BTCUSD,1679170984,66014.1751835833
CADUSD,1679236353,0.792433659557219
EURUSD,1679243225,1.1560750651932106
ETHUSD,1679277998,3306.5443974890118
BATUSD,1679279783,0.20271643189498975
CADUSD,1679291385,0.7923029179290013
BATUSD,1679298392,0.2035228349843958
ETHUSD,1679304083,3303.340373473343
ETHUSD,1679310940,3305.5255762354373
ETHUSD,1679322065,3311.865187554124
CADUSD,1679333967,0.7925131295943684
CADUSD,1679367783,0.7921532792054763
XPRUSD,1679518563,0.533999989712454
BTCUSD,1679536527,66043.159008829
XPRUSD,1679555842,0.5355375589618078
CADUSD,1679564339,0.7915266604701369
XPRUSD,1679580971,0.5351525245275992
XPRUSD,1679590262,0.5347099352074247
CADUSD,1679594079,0.7918459462724675
EURUSD,1679610278,1.1555411672163916
ETHUSD,1679612804,3312.94581378888
BTCUSD,1679676044,66060.63825458917
CADUSD,1679717077,0.7926975814729491
XPRUSD,1679743321,0.5329551944520521
BTCUSD,1679745329,66067.89926011539
ETHUSD,1679750881,3309.9695146393765
CADUSD,1679776080,0.7929916802655438
ETHUSD,1679817180,3315.39869202837
CADUSD,1679839047,0.7901092591953542
ETHUSD,1679840588,3311.2513206414746
XPRUSD,1679876263,0.5323633249000042
BTCUSD,1679881725,66077.27642712464
XPRUSD,1679953467,0.5340436468175842
BTCUSD,1679966840,66088.17151867878
BATUSD,1680007929,0.203068932205426
XPRUSD,1680041846,0.5383176123779343
EURUSD,1680044558,1.1552004921265373
BTCUSD,1680062732,66112.14508392196
ETHUSD,1680071639,3306.0743394728065
BATUSD,1680083026,0.20338202382689763
ETHUSD,1680095663,3304.4520784104843
CADUSD,1680126639,0.7890715538432089
CADUSD,1680149918,0.7893664894138807
BTCUSD,1680199429,66126.80459899161
ETHUSD,1680203543,3303.645069556348
CADUSD,1680214974,0.7899690827090284
BATUSD,1680243821,0.20277614090431725
ETHUSD,1680274255,3318.29619308641
CADUSD,1680285163,0.7891059441576709
BATUSD,1680285772,0.20349534324333135
EURUSD,1680305313,1.1553773398245744
BATUSD,1680380389,0.2037996761240178
EURUSD,1680439075,1.1558242072193545
ETHUSD,1680524693,3314.640372290256
BTCUSD,1680542833,66161.17767202634
EURUSD,1680547503,1.1548126126865133
CADUSD,1680626816,0.7881651486090253
ETHUSD,1680639782,3302.8105230892243
ETHUSD,1680651403,3308.781767914657
EURUSD,1680672344,1.1533829362357264
EURUSD,1680687220,1.1535223953691418
EURUSD,1680713302,1.1532929872115092
ETHUSD,1680750225,3311.5675701898917
ETHUSD,1680762209,3316.809211048079
XPRUSD,1680780396,0.5386762157048841
CADUSD,1680787235,0.7884488159390349
ETHUSD,1680795185,3326.5808245318526
BATUSD,1680805881,0.20165310174542248
BTCUSD,1680809032,66175.08125707784
XPRUSD,1680843094,0.5431827796338791
BATUSD,1680891488,0.20164477490815594
ETHUSD,1680905238,3335.616572262709
BTCUSD,1680919143,66185.2672721561
XPRUSD,1680966296,0.543314549154171
BTCUSD,1680997928,66211.72147576582
XPRUSD,1681038439,0.5437668827755431
EURUSD,1681133216,1.152956551931747
XPRUSD,1681192995,0.5461322999127032
BTCUSD,1681202497,66234.17213756462
EURUSD,1681215149,1.1522586483953183
EURUSD,1681233959,1.1520081993633877
BTCUSD,1681337601,66268.42702156128
CADUSD,1681388740,0.7867039828018525
BTCUSD,1681500291,66291.33111361391
ETHUSD,1681530138,3335.715581365267
EURUSD,1681545578,1.1521390500971689
XPRUSD,1681552264,0.5450206019324503
XPRUSD,1681565740,0.5448837277951892
EURUSD,1681582818,1.1530351328829864
EURUSD,1681630409,1.1514138851166003
XPRUSD,1681646338,0.5451135368498706
BATUSD,1681646541,0.20306073474560155
BTCUSD,1681650101,66322.46151568834
CADUSD,1681653171,0.786260282515666
XPRUSD,1681683538,0.5455921965412417
XPRUSD,1681692325,0.5432195911560044
BTCUSD,1681706066,66348.17370220947
BTCUSD,1681741472,66367.39807391183
BATUSD,1681748976,0.20069268930870765
ETHUSD,1681758722,3337.025592483531
XPRUSD,1681770359,0.5395934662073925
XPRUSD,1681778325,0.5404265264922221
BTCUSD,1681779703,66395.38824403778
ETHUSD,1681795560,3328.30834507
BATUSD,1681808031,0.2004761274953798
ETHUSD,1681818316,3326.6932732248474
BTCUSD,1681845041,66429.10391746843
BTCUSD,1681928758,66439.82598503359
XPRUSD,1681946906,0.5404011195781613
ETHUSD,1681967345,3321.876314095053
XPRUSD,1681981719,0.5399465219623512
CADUSD,1681997296,0.7854941055044163
BATUSD,1682032739,0.20116956907949554
XPRUSD,1682045601,0.5411315139246058
ETHUSD,1682053755,3317.3164829176476
ETHUSD,1682079502,3321.490561485824
CADUSD,1682086787,0.7859848023648403
ETHUSD,1682095697,3326.9019951016176
BATUSD,1682117176,0.20062336019974333
CADUSD,1682124154,0.7873710106556804
CADUSD,1682124467,0.787192645906006
CADUSD,1682134888,0.7874036124329088
EURUSD,1682158034,1.15098466469684
ETHUSD,1682218327,3320.1457024053448
XPRUSD,1682220182,0.5430784032671578
XPRUSD,1682261883,0.5423658121156574
EURUSD,1682301115,1.1503414401569227
ETHUSD,1682306814,3312.1551946716845
XPRUSD,1682333525,0.5456515562861269
BTCUSD,1682336230,66456.99390711644
BATUSD,1682356193,0.20066152649751273
EURUSD,1682378575,1.1500507464242964
CADUSD,1682389479,0.7864617225440556
BATUSD,1682390499,0.2014890713980197
BTCUSD,1682391463,66490.00754501087
ETHUSD,1682416971,3313.5425319406595
EURUSD,1682442396,1.1504111271525945
CADUSD,1682469638,0.7862014255703258
BTCUSD,1682470388,66516.05885265252
BTCUSD,1682471355,66530.44277696275
XPRUSD,1682514304,0.5435765246916254
CADUSD,1682527022,0.7866380640317725
BTCUSD,1682528976,66537.73495206262
BTCUSD,1682557170,66571.36537198295
XPRUSD,1682573115,0.5458718522151188
ETHUSD,1682576413,3308.2207322187187
XPRUSD,1682600122,0.5441676599211062
XPRUSD,1682614794,0.5433874956863849
EURUSD,1682633372,1.150914292244937
BTCUSD,1682656993,66588.74169372421
BTCUSD,1682673411,66617.488084306
CADUSD,1682712774,0.7851810562774333
CADUSD,1682714195,0.7845335256260163
BTCUSD,1682718185,66631.62391078644
XPRUSD,1682719744,0.5427877334490019
BTCUSD,1682720174,66651.32053401666
EURUSD,1682744609,1.1516522351509397
EURUSD,1682756639,1.1510423310474507
BATUSD,1682776484,0.20126752542533768
BATUSD,1682779660,0.19971365157401003
ETHUSD,1682787217,3309.8704766346127
CADUSD,1682827438,0.783671260155416
BTCUSD,1682832187,66681.00210729723
EURUSD,1683004456,1.1522005233319594
BTCUSD,1683027971,66690.09609282041
BATUSD,1683052771,0.20201898966691426
XPRUSD,1683064471,0.5419243330238925
BTCUSD,1683105807,66716.21616514576
EURUSD,1683116432,1.1527930417026802
BTCUSD,1683144713,66751.09620813154
BTCUSD,1683152658,66750.83019080103
BATUSD,1683164744,0.20063307321524063
ETHUSD,1683177909,3315.311100334386
BATUSD,1683184382,0.20072789572212144
ETHUSD,1683213076,3320.9170196905216
BTCUSD,1683245511,66776.6331289247
BATUSD,1683255168,0.19892708179379964
CADUSD,1683296094,0.7836747374817545
BTCUSD,1683347044,66796.84419821759
BTCUSD,1683356632,66820.74658929948
BATUSD,1683357803,0.19905894240952215
EURUSD,1683392844,1.1527011814082027
ETHUSD,1683402410,3317.36052666001
CADUSD,1683409787,0.7823499528781881
ETHUSD,1683414605,3315.8511110413747
CADUSD,1683430782,0.7804073211438433
ETHUSD,1683516403,3314.897686990683
ETHUSD,1683548152,3320.48180978934
BATUSD,1683554472,0.198400425380286
BTCUSD,1683572774,66857.71223829199
BTCUSD,1683592749,66894.14110590218
BATUSD,1683625695,0.19987476356489287
BATUSD,1683632337,0.19898269858902945
BATUSD,1683675770,0.1997264730908075
BTCUSD,1683691607,66899.19545407472
ETHUSD,1683698081,3323.1320530822863
ETHUSD,1683852825,3325.6945202464067
EURUSD,1683902438,1.1524987341948754
EURUSD,1684012119,1.1521674016554773
CADUSD,1684031055,0.7795474251365547
CADUSD,1684133453,0.7790623487332768
ETHUSD,1684163505,3317.860487227474
EURUSD,1684177611,1.152774793151309
ETHUSD,1684187253,3324.971694821503
BATUSD,1684208250,0.20117336643595438
BATUSD,1684225384,0.19947455394790278
CADUSD,1684276530,0.7783671460668319
EURUSD,1684311531,1.1516578403877595
BATUSD,1684335961,0.2011291423153977
ETHUSD,1684370145,3322.5852254840524
ETHUSD,1684415143,3326.602089995582
XPRUSD,1684424150,0.5404549321970603
ETHUSD,1684453778,3327.2040631090135
EURUSD,1684473259,1.1507496082852098
BTCUSD,1684490557,66903.37635782157
CADUSD,1684520292,0.7785181377444435
XPRUSD,1684594077,0.5383840796791338
BATUSD,1684599610,0.20011228142826976
ETHUSD,1684650114,3327.306327653312
BATUSD,1684678719,0.20115746063862613
BTCUSD,1684714168,66920.71747640465
BTCUSD,1684725274,66950.924195097
XPRUSD,1684728612,0.536817607298563
EURUSD,1684733129,1.1523652218958458
XPRUSD,1684741634,0.5380247809758484
BTCUSD,1684833342,66971.96385711546
BATUSD,1684840810,0.2020757246999178
ETHUSD,1684864799,3321.8503935056738
CADUSD,1684865839,0.778877363111291
ETHUSD,1684874950,3318.6283240777584
EURUSD,1684887867,1.1515894328192455
CADUSD,1684914227,0.7799148244734989
BTCUSD,1684920288,66994.24278520561
EURUSD,1684929461,1.1507563839255095
BTCUSD,1684930006,67017.99388910802
BATUSD,1684944874,0.20133546297430646
ETHUSD,1684959345,3323.5799703108114
XPRUSD,1684986895,0.536668787663002
BTCUSD,1684989465,67027.97070270267
XPRUSD,1685033623,0.5398720727916247
BATUSD,1685043009,0.2010805409802926
ETHUSD,1685057847,3320.0064502613322
BATUSD,1685070835,0.20144675912444832
XPRUSD,1685104368,0.5391132135303572
BATUSD,1685139697,0.2010005873321264
CADUSD,1685149510,0.7809765744036401
EURUSD,1685155669,1.151647325509057
EURUSD,1685165110,1.1498461249914513
BTCUSD,1685169963,67049.3039670098
BATUSD,1685192426,0.20157977798691584
CADUSD,1685206389,0.7818844246341813
XPRUSD,1685208463,0.5400378105008621
XPRUSD,1685222573,0.5398439164864892
CADUSD,1685247729,0.7830047303329764
EURUSD,1685259845,1.1501705312095303
EURUSD,1685274668,1.1500434698151838
BATUSD,1685274718,0.20103493170248518
CADUSD,1685282098,0.7828750806337956
CADUSD,1685289323,0.785303646896406
EURUSD,1685291550,1.1501841441610046
ETHUSD,1685347347,3322.301331170901
BTCUSD,1685369200,67050.76831572098
XPRUSD,1685375790,0.5394218645312476
ETHUSD,1685377300,3312.2321588933364
ETHUSD,1685379029,3312.4169431237106
EURUSD,1685390736,1.1494040657569875
BATUSD,1685410430,0.20172682012659007
XPRUSD,1685476344,0.5373960941766208
BATUSD,1685489417,0.20162362246761842
XPRUSD,1685499980,0.5313495717652035
CADUSD,1685522012,0.7866967976501011
ETHUSD,1685523632,3307.911806470048
XPRUSD,1685672786,0.5343357352591592
XPRUSD,1685734610,0.5379968423192697
BATUSD,1685785199,0.2020403531391057
CADUSD,1685804680,0.7863536338811012
BATUSD,1685853856,0.20162296844851532
CADUSD,1685884391,0.7870692133974032
EURUSD,1685891120,1.1488839283594885
XPRUSD,1685938363,0.5393375695673386
BATUSD,1685998011,0.20170136851374
BATUSD,1686003081,0.203147377370287
ETHUSD,1686027080,3307.647658887083
CADUSD,1686050926,0.7860945870348759
BATUSD,1686100830,0.20309035513891738
EURUSD,1686114058,1.1469362644057088
EURUSD,1686133965,1.1478921768180048
XPRUSD,1686155173,0.540360324681542
XPRUSD,1686159998,0.5365331890332443
BTCUSD,1686165366,67064.99834320294
XPRUSD,1686186093,0.5363825320477266
EURUSD,1686204803,1.1482989301431177
CADUSD,1686223187,0.7858620295674874
CADUSD,1686235376,0.7871257342559004
EURUSD,1686263697,1.1467820796729178
XPRUSD,1686335836,0.5382049227334106
BTCUSD,1686339828,67085.23951419743
EURUSD,1686367425,1.150095061017782
BATUSD,1686371845,0.2042607034427227
ETHUSD,1686396282,3300.388047340114
XPRUSD,1686409958,0.5380807675840814
EURUSD,1686467145,1.149290005241194
ETHUSD,1686493682,3303.3113210465085
CADUSD,1686582151,0.7869292300294125
CADUSD,1686584279,0.7863436657132483
EURUSD,1686596931,1.149936627930707
EURUSD,1686618433,1.1487665024159242
CADUSD,1686632029,0.7867685451904068
ETHUSD,1686640152,3303.3316515147094
BTCUSD,1686665895,67099.37332694048
EURUSD,1686673738,1.1474056785763496
XPRUSD,1686685675,0.5392675853317012
XPRUSD,1686694975,0.5364547727282362
BATUSD,1686701051,0.20380713744927262
BTCUSD,1686707104,67131.98920429236
CADUSD,1686713706,0.7885169576094283
XPRUSD,1686730761,0.5406310400445768
BATUSD,1686745076,0.20353530116466356
EURUSD,1686754600,1.1464936154049672
XPRUSD,1686762969,0.5397532792513755
XPRUSD,1686765519,0.5406112501418756
BATUSD,1686808395,0.202686788827901
EURUSD,1686813966,1.1475155123197782
CADUSD,1686821575,0.7879184173277771
CADUSD,1686910823,0.7870271543646334
CADUSD,1686953550,0.7883246923341012
EURUSD,1686956003,1.146966055010473
BTCUSD,1686972759,67168.8466217182
BTCUSD,1686979439,67184.93499904186
BTCUSD,1686979771,67217.74616624921
CADUSD,1687015545,0.7883071562417997
ETHUSD,1687031707,3294.5264239811063
CADUSD,1687032415,0.78792532401113
BATUSD,1687043695,0.2031524331342059
CADUSD,1687049614,0.7878899641810968
CADUSD,1687087167,0.7893118301713806
CADUSD,1687089039,0.7898738953065271
BATUSD,1687113799,0.2020701868794394
CADUSD,1687150624,0.7882490097285689
XPRUSD,1687185075,0.5398805366324807
EURUSD,1687188007,1.1476488006456955
BTCUSD,1687223007,67224.9945383381
XPRUSD,1687253362,0.544092531782592
BATUSD,1687258144,0.20247490654702135
BATUSD,1687299438,0.20322870665163523
BTCUSD,1687336090,67245.58079677945
XPRUSD,1687452196,0.5439003448780568
BTCUSD,1687468325,67270.70494597472
XPRUSD,1687488555,0.5512843988509651
EURUSD,1687514846,1.1473555983561756
ETHUSD,1687565423,3296.96194258574
XPRUSD,1687606522,0.5513797848437926
CADUSD,1687668397,0.7883963876686737
BATUSD,1687709648,0.2038985586931236
XPRUSD,1687736727,0.5492088417053852
XPRUSD,1687752115,0.5531110031226157
CADUSD,1687761269,0.7881366203480717
XPRUSD,1687761964,0.5538060829242066
EURUSD,1687848547,1.1458349379909976
BTCUSD,1687918066,67285.73938500877
BATUSD,1687929687,0.20461495644510183
BATUSD,1687966553,0.20421403904914046
BTCUSD,1687997875,67301.9412309102
ETHUSD,1688019399,3297.859866979691
ETHUSD,1688097165,3301.5957415515486
CADUSD,1688108007,0.7889902281878028
EURUSD,1688150209,1.1448577247621046
BTCUSD,1688168100,67305.88475424977
ETHUSD,1688174112,3301.9008844938166
BTCUSD,1688179060,67324.88459288057
XPRUSD,1688189897,0.5561186344519381
EURUSD,1688204862,1.1464785190316205
BTCUSD,1688230211,67338.27899526578
BATUSD,1688266549,0.20470986505176608
EURUSD,1688269824,1.145915821837255
BATUSD,1688279079,0.20584249447537425
BATUSD,1688288131,0.20666790956272532
BATUSD,1688296083,0.20774175789921703
BTCUSD,1688296544,67361.44218672955
XPRUSD,1688385048,0.5557006698120884
XPRUSD,1688389790,0.5560350762805871
BTCUSD,1688394737,67371.10884824875
CADUSD,1688426416,0.7892574016974109
BTCUSD,1688434170,67419.75928638346
CADUSD,1688437114,0.7908458308411014
BTCUSD,1688444502,67433.571636221
EURUSD,1688493074,1.1457081125628112
XPRUSD,1688504295,0.5582857409141601
CADUSD,1688513077,0.7908513318457063
ETHUSD,1688513380,3301.8585084318747
EURUSD,1688545964,1.1455816640945797
XPRUSD,1688616328,0.5604160680711173
BATUSD,1688616696,0.20602268998133139
ETHUSD,1688627349,3301.1117282769324
EURUSD,1688627932,1.145598814740127
XPRUSD,1688654568,0.5592628121400068
XPRUSD,1688721240,0.5605878025138067
XPRUSD,1688721561,0.5591894736635397
BTCUSD,1688738448,67465.84155346542
BTCUSD,1688747688,67486.46716325053
XPRUSD,1688762114,0.5555296578158977
CADUSD,1688769578,0.790085760604275
XPRUSD,1688792794,0.5533986926761506
CADUSD,1688823101,0.7889123661027199
BATUSD,1688882037,0.20547433191338726
CADUSD,1688885225,0.788332341081702
CADUSD,1688918601,0.7883298447751915
CADUSD,1688936315,0.7881888943188641
ETHUSD,1688941258,3299.1572451162283
EURUSD,1688952161,1.1444514036600641
BATUSD,1688953903,0.20579126866694936
EURUSD,1688974915,1.1458192088073977
ETHUSD,1688990161,3297.0121271075373
BTCUSD,1688991673,67512.95969576876
BATUSD,1689017389,0.20616412746834498
BTCUSD,1689038554,67533.8128995408
ETHUSD,1689045199,3288.7613586914977
CADUSD,1689048839,0.7883109859395725
CADUSD,1689085519,0.7881298428447797
ETHUSD,1689112591,3289.1201571457514
ETHUSD,1689144757,3286.9107870881753
EURUSD,1689169991,1.1453271054881609
BATUSD,1689191094,0.2051361914039769
XPRUSD,1689193914,0.5510678115500923
XPRUSD,1689195181,0.5522165662149501
CADUSD,1689260613,0.7875506929926581
EURUSD,1689277241,1.1462463780362102
XPRUSD,1689300967,0.5542001745203075
ETHUSD,1689320042,3296.193933173843
ETHUSD,1689325439,3305.389429335024
BATUSD,1689337432,0.2062766892702776
CADUSD,1689340614,0.7882446282984734
XPRUSD,1689342344,0.5547297002704669
XPRUSD,1689367682,0.5551084774868154
XPRUSD,1689388800,0.557148664929982
BATUSD,1689467984,0.20538516273532548
BATUSD,1689486424,0.20552433367952733
ETHUSD,1689487512,3307.0872544601084
ETHUSD,1689489342,3310.4615294691703
ETHUSD,1689543657,3311.5056469650044
ETHUSD,1689567843,3306.037450767196
ETHUSD,1689644794,3307.964886668224
ETHUSD,1689646311,3299.3493667138423
BTCUSD,1689656491,67539.78178384648
EURUSD,1689661087,1.1468526437947673
BATUSD,1689666070,0.20647407584140587
BTCUSD,1689691945,67560.576189095
CADUSD,1689695526,0.7865787801356277
BATUSD,1689695738,0.20780727344109473
ETHUSD,1689700044,3301.4071909474637
EURUSD,1689701937,1.147504287404505
XPRUSD,1689712529,0.5584712732591236
XPRUSD,1689746558,0.5591765932449713
XPRUSD,1689748012,0.560619903046229
EURUSD,1689751598,1.1468792011972344
ETHUSD,1689756262,3307.389207401656
CADUSD,1689757937,0.7853533266224096
BTCUSD,1689772801,67592.36828148866
BTCUSD,1689863320,67601.36665257787
XPRUSD,1689982507,0.5599576883352553
ETHUSD,1689986558,3298.0493889462764
EURUSD,1689997621,1.1472704339368625
EURUSD,1690009108,1.147935803170932
XPRUSD,1690026891,0.5573047134446795
BATUSD,1690092926,0.2081025676029775
CADUSD,1690100352,0.7842709372327178
EURUSD,1690121995,1.1469012551713003
ETHUSD,1690124508,3304.8288534202634
EURUSD,1690128742,1.1475478348090908
ETHUSD,1690140316,3297.996139765544
ETHUSD,1690151966,3304.6720419416065
BATUSD,1690157207,0.20783507745625496
ETHUSD,1690189649,3306.537185874683
CADUSD,1690191878,0.7844095310315053
EURUSD,1690207753,1.1483898612647943
ETHUSD,1690222516,3309.4902305635915
XPRUSD,1690241917,0.5575829579171274
EURUSD,1690261003,1.1487849446218257
BATUSD,1690262767,0.20624617361567624
EURUSD,1690312397,1.1487187111052126
ETHUSD,1690334415,3307.1642407145123
EURUSD,1690336135,1.1493449026486109
ETHUSD,1690349927,3308.338167092366
ETHUSD,1690388212,3310.3203378891303
CADUSD,1690389374,0.7835295675507142
BTCUSD,1690400808,67616.61202036071
EURUSD,1690401966,1.1479506805015292
EURUSD,1690414774,1.1474970741634245
ETHUSD,1690424732,3306.9333779783133
ETHUSD,1690425607,3304.5895622085063
ETHUSD,1690482952,3300.173821402821
ETHUSD,1690483478,3303.369931724965
CADUSD,1690487524,0.7817191517809328
EURUSD,1690520232,1.1474425607673358
EURUSD,1690521671,1.1497694393700422
BTCUSD,1690548477,67641.66308099996
BATUSD,1690576507,0.20543011127065233
EURUSD,1690587822,1.1483022974055332
BTCUSD,1690629655,67660.0250728742
EURUSD,1690634529,1.1459768099992707
EURUSD,1690674633,1.145558609866576
XPRUSD,1690678293,0.5569741550252792
CADUSD,1690682739,0.7825314675189554
EURUSD,1690686977,1.1452515806417476
XPRUSD,1690707991,0.5556552227977065
ETHUSD,1690710866,3299.623403487894
BATUSD,1690716232,0.20402500615039
XPRUSD,1690718631,0.5559005323864794
ETHUSD,1690724092,3299.133400718868
BTCUSD,1690732499,67682.52884065328
XPRUSD,1690739245,0.5527340327719608
BATUSD,1690747091,0.20515627667922354
XPRUSD,1690756405,0.5537178500564107
CADUSD,1690763414,0.7824676008406978
ETHUSD,1690789048,3302.964362049503
EURUSD,1690799619,1.145904393949814
BATUSD,1690802068,0.2054367379170106
EURUSD,1690821942,1.1457543386584195
ETHUSD,1690862315,3305.27818454043
EURUSD,1690868179,1.1454939437449219
CADUSD,1690878547,0.7816283798686645
CADUSD,1690882524,0.7805069360216176
CADUSD,1690906843,0.7796040817364456
XPRUSD,1690915478,0.554015393839645
BTCUSD,1690925806,67710.95016402552
CADUSD,1690947939,0.7798297642929439
CADUSD,1690959083,0.7794658856355516
BTCUSD,1690965954,67736.56429154445
BTCUSD,1690966460,67754.08671002851
ETHUSD,1690985239,3305.4334778149564
ETHUSD,1691001451,3303.57282498313
EURUSD,1691060628,1.1452746846810147
BATUSD,1691075639,0.20612898557239906
BATUSD,1691100380,0.2058094804758907
ETHUSD,1691108854,3310.0810237524693
XPRUSD,1691136844,0.5544203444752454
BATUSD,1691163070,0.2045274993455819
XPRUSD,1691165828,0.5525128460450889
CADUSD,1691198440,0.780670545750462
ETHUSD,1691210354,3307.5886450811427
BTCUSD,1691224492,67772.02571445587
XPRUSD,1691229053,0.5544511766427282
BTCUSD,1691231272,67803.09956229125
BATUSD,1691250779,0.2048702270033333
EURUSD,1691252925,1.1440977691267469
ETHUSD,1691261930,3303.647278507068
ETHUSD,1691332799,3306.5836138930144
BATUSD,1691336204,0.20507861831277502
CADUSD,1691344760,0.7789694856546648
CADUSD,1691351299,0.7779375564235081
ETHUSD,1691357887,3307.486485659682
BATUSD,1691361415,0.20497349628926598
BATUSD,1691369424,0.20623790110167814
CADUSD,1691395315,0.7786756458216318
XPRUSD,1691398812,0.5502848268151503
EURUSD,1691410097,1.143088191898477
ETHUSD,1691412434,3307.872747030909
BTCUSD,1691479307,67836.21659646978
BATUSD,1691506032,0.2044707532981598
EURUSD,1691508533,1.14348620402983
EURUSD,1691546087,1.1436762259045805
EURUSD,1691549585,1.1433661973833666
EURUSD,1691550256,1.1432133837620397
XPRUSD,1691560592,0.5475452863957553
ETHUSD,1691605779,3302.370525021871
BTCUSD,1691614870,67856.99617155854
EURUSD,1691625490,1.144094002522564
BATUSD,1691629579,0.20489878477173606
CADUSD,1691630965,0.779206698676828
BATUSD,1691644629,0.2058780342771659
ETHUSD,1691654735,3302.7605333680112
BATUSD,1691656341,0.20514210533928756
CADUSD,1691674474,0.7795796112242489
XPRUSD,1691677371,0.5494064933358376
EURUSD,1691689183,1.1449944461296173
EURUSD,1691695867,1.1454302777365637
EURUSD,1691696840,1.1437877612110032
BTCUSD,1691712127,67881.52924185076
BTCUSD,1691719969,67900.45690207453
ETHUSD,1691720345,3301.386033692434
BTCUSD,1691726096,67916.73915345644
BTCUSD,1691743290,67936.83209049229
EURUSD,1691773171,1.1448745997641834
BTCUSD,1691799558,67942.26480066268
BTCUSD,1691815655,67966.52793443731
BTCUSD,1691840603,67968.53114614997
ETHUSD,1691859632,3306.6799638233347
BTCUSD,1691976950,68013.77099015801
BATUSD,1691977250,0.20561325682693685
EURUSD,1692029469,1.1452322949752891
BATUSD,1692049944,0.20547650190445088
EURUSD,1692057223,1.1458042701445312
BTCUSD,1692066143,68039.33113242647
BATUSD,1692066210,0.2055432248559829
XPRUSD,1692150305,0.5464702918436654
BATUSD,1692170279,0.2046563171234406
ETHUSD,1692202115,3311.4129160366383
CADUSD,1692215875,0.7802010314197962
EURUSD,1692229241,1.1463410189387977
CADUSD,1692237651,0.7795501045219069
ETHUSD,1692243032,3304.884079666481
CADUSD,1692253406,0.779510606091962
BATUSD,1692259599,0.2039041732259081
BTCUSD,1692266805,68067.6988972843
EURUSD,1692294477,1.1479623923836677
BATUSD,1692315319,0.2044362247051193
BTCUSD,1692355474,68089.52914280686
BTCUSD,1692364749,68125.5907029011
BATUSD,1692379510,0.20453754658232842
EURUSD,1692428972,1.1488063530946924
BTCUSD,1692429051,68163.48110739904
EURUSD,1692435877,1.1466614899156118
EURUSD,1692464782,1.1468633883524837
XPRUSD,1692473667,0.5487672593114591
BATUSD,1692501035,0.20428380780720665
BATUSD,1692523448,0.2040849081675239
BTCUSD,1692527292,68198.82058500737
BTCUSD,1692603521,68227.59941741412
XPRUSD,1692615105,0.5481542148576458
EURUSD,1692656194,1.1466152599385744
XPRUSD,1692664475,0.5489308899619297
BATUSD,1692683701,0.20361761569903764
CADUSD,1692697491,0.78054037043025
BTCUSD,1692716906,68248.52894887506
XPRUSD,1692733929,0.5526425726218697
BATUSD,1692734140,0.20333201774633874
EURUSD,1692739432,1.1461138141577414
BTCUSD,1692789505,68290.12600090956
BTCUSD,1692794577,68316.21947783566
BTCUSD,1692801967,68353.07290384502
BTCUSD,1692830511,68367.19871759845
CADUSD,1692841908,0.7782051941707857
CADUSD,1692860143,0.7786516894999262
XPRUSD,1692906292,0.5486873156898162
CADUSD,1692923223,0.7794353545591831
ETHUSD,1692923694,3298.6615479824045
BTCUSD,1692931710,68392.90212538498
BTCUSD,1692933108,68406.76992928876
CADUSD,1692934490,0.7789121113169274
XPRUSD,1693025464,0.5485192025071319
BTCUSD,1693025735,68440.01823084966
ETHUSD,1693053000,3307.070130610567
XPRUSD,1693059342,0.5531964419560758
ETHUSD,1693112373,3299.6674608535914
CADUSD,1693129465,0.7780434729878596
CADUSD,1693132289,0.779852298367484
ETHUSD,1693155257,3297.1468862139545
CADUSD,1693169060,0.7802798234219916
XPRUSD,1693191012,0.5513470979232822
BATUSD,1693203883,0.20364498480152263
BTCUSD,1693213073,68474.03347849078
XPRUSD,1693213451,0.5515522820238392
XPRUSD,1693270197,0.550282899641367
EURUSD,1693309189,1.146171017397016
XPRUSD,1693351403,0.5515264058429121
BTCUSD,1693382255,68504.464260536
XPRUSD,1693385011,0.5476782850498841
BATUSD,1693396371,0.20418760672692904
BATUSD,1693423956,0.2043704236417494
BTCUSD,1693425966,68505.37703224069
EURUSD,1693436012,1.1467056490385095
EURUSD,1693453902,1.145648236730774
CADUSD,1693460691,0.7800366108512873
XPRUSD,1693461404,0.5471081513469036
BATUSD,1693504176,0.20413715873876526
CADUSD,1693524145,0.7807826757200252
BATUSD,1693553261,0.2064110214894904
ETHUSD,1693556903,3295.423859598447
XPRUSD,1693585702,0.5504937187574875
BATUSD,1693589416,0.204994592179227
EURUSD,1693628038,1.1466925589280332
EURUSD,1693643581,1.1463283850848698
ETHUSD,1693649555,3299.840850534045
CADUSD,1693686964,0.7795907204906964
EURUSD,1693715494,1.1458573341690088
BTCUSD,1693797189,68513.00768285521
XPRUSD,1693805284,0.5513977624211818
CADUSD,1693820099,0.7799347153508617
ETHUSD,1693822067,3306.804991867939
BATUSD,1693824693,0.2044463920696062
EURUSD,1693828297,1.1460489381957186
ETHUSD,1693865144,3309.6377654817948
XPRUSD,1693892654,0.5520484813294378
BATUSD,1693919793,0.20529523636890656
CADUSD,1693941556,0.7784193720392035
XPRUSD,1693948988,0.5515906818039131
CADUSD,1693981278,0.7778174133471301
BTCUSD,1694035616,68549.89489662339
BTCUSD,1694067128,68556.99716412333
XPRUSD,1694083882,0.5509302233096333
BTCUSD,1694090318,68579.39965714024
EURUSD,1694122844,1.1459709688065018
EURUSD,1694157997,1.146669708434073
ETHUSD,1694168912,3312.712863266347
BATUSD,1694175258,0.206060214726178
EURUSD,1694207740,1.1475159316482397
BTCUSD,1694231387,68602.0017960697
ETHUSD,1694239470,3313.7743157257564
CADUSD,1694252415,0.7780715912014552
BTCUSD,1694252688,68631.08906574297
ETHUSD,1694277539,3295.804541611514
EURUSD,1694303611,1.147005582020775
CADUSD,1694326806,0.7797043280600571
EURUSD,1694346776,1.146228740637623
XPRUSD,1694368433,0.5557078542265239
BTCUSD,1694377352,68637.38988775914
CADUSD,1694394819,0.7809669306917596
BATUSD,1694394930,0.2053696248982894
BATUSD,1694418101,0.2060960252311903
ETHUSD,1694446854,3293.803506373667
BTCUSD,1694486921,68667.86777074107
EURUSD,1694527777,1.146393786817942
ETHUSD,1694550150,3298.5839488454435
EURUSD,1694552657,1.144961717279296
BTCUSD,1694569604,68686.27561614208
EURUSD,1694626744,1.1437474308069149
BTCUSD,1694639299,68699.95824889961
EURUSD,1694683364,1.1440703654339377
CADUSD,1694694758,0.7798674757192696
EURUSD,1694698986,1.1453739960002787
BTCUSD,1694716917,68712.50323115502
XPRUSD,1694730194,0.5546558982423425
BTCUSD,1694732833,68737.43124240582
BTCUSD,1694775646,68757.69689616289
BATUSD,1694781453,0.20679161371662586
XPRUSD,1694817772,0.5586919241691126
EURUSD,1694823164,1.1462857944881681
BTCUSD,1694840380,68771.1817243886
XPRUSD,1694860664,0.5620053822624517
ETHUSD,1694901704,3293.6782083040866
BTCUSD,1694938869,68784.01965381662
BTCUSD,1694957509,68803.47853270016
XPRUSD,1694977381,0.5639780805475658
CADUSD,1694999003,0.779354945521001
EURUSD,1695008864,1.1468953029570148
BATUSD,1695016034,0.20841441227187635
EURUSD,1695062486,1.146571175730527
BATUSD,1695065559,0.21168283439640986
BTCUSD,1695066642,68806.70729871617
EURUSD,1695069715,1.1479935970936996
EURUSD,1695104353,1.1476235976862403
CADUSD,1695142437,0.7802184222284599
BATUSD,1695179294,0.21058141195670319
EURUSD,1695185782,1.1481129438802842
BTCUSD,1695186547,68832.05636446188
EURUSD,1695188248,1.1484968770391797
CADUSD,1695194055,0.7793376960073828
EURUSD,1695196077,1.15004829455539
XPRUSD,1695220889,0.5662364648979394
BTCUSD,1695248957,68867.69933103358
EURUSD,1695275862,1.1506111007097604
ETHUSD,1695276414,3291.3095246473035
ETHUSD,1695282539,3294.5161385978345
ETHUSD,1695286069,3291.406089777753
CADUSD,1695291885,0.7799578900791905
BATUSD,1695325965,0.2118893613763877
EURUSD,1695337537,1.1492817538472946
CADUSD,1695346773,0.7789360959437046
XPRUSD,1695354809,0.5685375239346012
EURUSD,1695368159,1.1483818146115095
XPRUSD,1695380427,0.5712139618023593
BATUSD,1695404430,0.2126520868681333
XPRUSD,1695411366,0.5699167019777098
XPRUSD,1695414782,0.5719901302319814
ETHUSD,1695424006,3286.8990524641517
ETHUSD,1695463435,3294.7786055131596
BATUSD,1695468646,0.21423490530722833
BATUSD,1695470125,0.21452921141661893
CADUSD,1695471478,0.7792955096415012
BTCUSD,1695473223,68893.11216234686
BTCUSD,1695486186,68918.29861259939
BATUSD,1695495822,0.21532720778397732
ETHUSD,1695502699,3297.5277839245264
XPRUSD,1695532907,0.5737418347521752
EURUSD,1695535703,1.1463773492551188
EURUSD,1695544898,1.1468184031193591
ETHUSD,1695557567,3295.827794743341
ETHUSD,1695573458,3291.2245721860704
ETHUSD,1695593645,3303.4281895311174
CADUSD,1695646718,0.7790196674854856
ETHUSD,1695655213,3299.761778344694
BATUSD,1695666690,0.21536268626169466
XPRUSD,1695675546,0.5703615340490893
BATUSD,1695729837,0.21834648769311615
ETHUSD,1695748534,3300.125814423362
BTCUSD,1695770487,68936.84531972391
XPRUSD,1695779515,0.5681433032067282
CADUSD,1695839756,0.7782573935410758
ETHUSD,1695841607,3299.408074240014
ETHUSD,1695869267,3303.4873504999214
ETHUSD,1695905967,3304.2940993184366
BTCUSD,1695951206,68963.15660924347
CADUSD,1695953425,0.7775211188103182
ETHUSD,1695955415,3307.956620986554
BTCUSD,1695990508,68985.73384242406
BTCUSD,1696017481,68989.83587155028
EURUSD,1696043265,1.1475747744087008
XPRUSD,1696043661,0.5679308151304141
XPRUSD,1696063040,0.5700711995997081
EURUSD,1696109227,1.1466668372220536
EURUSD,1696121608,1.1471985168222358
XPRUSD,1696136292,0.5681363542893325
XPRUSD,1696165204,0.5703426553575759
BATUSD,1696169013,0.21861126849723977
BATUSD,1696190856,0.2191693814429271
CADUSD,1696201526,0.779236436204269
BTCUSD,1696216845,69002.97162970508
ETHUSD,1696219752,3314.183828073524
ETHUSD,1696245259,3311.650268725889
BATUSD,1696280980,0.21920173009459754
CADUSD,1696298296,0.779079350595136
BATUSD,1696340701,0.2201514629861921
BATUSD,1696358709,0.22066107678039373
XPRUSD,1696389572,0.5695294785426324
XPRUSD,1696459221,0.5719962608714481
BATUSD,1696464353,0.22035756037578466
BATUSD,1696490203,0.22065719218922983
EURUSD,1696513089,1.1451612369653892
EURUSD,1696548539,1.1464245917632825
BATUSD,1696555179,0.22069848690163932
ETHUSD,1696564688,3306.6609524941227
ETHUSD,1696580033,3303.391386942919
BTCUSD,1696601050,69019.93408708525
CADUSD,1696611276,0.779174878115181
BTCUSD,1696616057,69066.52583431854
CADUSD,1696633928,0.7792346388562681
EURUSD,1696639729,1.1459059126296376
ETHUSD,1696681867,3310.133275747109
ETHUSD,1696710058,3311.853510268798
EURUSD,1696714656,1.1466662175627342
CADUSD,1696735746,0.7794260692879255
BTCUSD,1696745059,69100.65300148253
CADUSD,1696755541,0.7805065455585998
EURUSD,1696795661,1.1471383544505271
ETHUSD,1696795707,3317.5947941832287
BTCUSD,1696828404,69129.57747989254
BATUSD,1696851691,0.21986164002172365
XPRUSD,1696858368,0.5699676797023148
CADUSD,1696865536,0.781618252703903
BTCUSD,1696888044,69144.47472332424
ETHUSD,1696897781,3315.784223132476
CADUSD,1696897788,0.7812037611367671
BTCUSD,1696936182,69155.29832101171
CADUSD,1696991729,0.7804183330425468
EURUSD,1696996141,1.1482974187913433
CADUSD,1697001333,0.781179548696017
XPRUSD,1697010077,0.5710863265899563
BTCUSD,1697063736,69167.10702168097
BATUSD,1697068416,0.21995104571684185
ETHUSD,1697069317,3312.043181954981
XPRUSD,1697085576,0.5712841367717066
EURUSD,1697113271,1.1492293728638017
EURUSD,1697115826,1.1492563735924788
EURUSD,1697138871,1.1491876990190186
ETHUSD,1697174725,3322.2574719122913
BTCUSD,1697192949,69201.5361573402
ETHUSD,1697205851,3323.6600335996495
BTCUSD,1697253957,69224.03778368389
XPRUSD,1697283888,0.5738581610316617
BATUSD,1697317249,0.2225449944613568
EURUSD,1697333103,1.149323736732298
BTCUSD,1697334326,69249.58647160504
ETHUSD,1697355112,3319.5467962622333
CADUSD,1697376765,0.781435578453175
CADUSD,1697382636,0.7819311819975663
XPRUSD,1697413089,0.5728292061146623
EURUSD,1697445305,1.148398928176971
XPRUSD,1697506519,0.5705158173409112
CADUSD,1697529565,0.7824937051531536
EURUSD,1697538030,1.1482986676883276
BTCUSD,1697552642,69273.46604150848
BATUSD,1697562859,0.22237268544423772
CADUSD,1697569017,0.7818202977071712
XPRUSD,1697635660,0.5702478633083725
XPRUSD,1697678540,0.5725206725496085
BTCUSD,1697717692,69280.43602938691
XPRUSD,1697766913,0.5712843611582697
BTCUSD,1697797680,69330.91199759535
EURUSD,1697803868,1.1488182662442874
ETHUSD,1697845395,3318.720735694703
EURUSD,1697879239,1.1513037311075984
ETHUSD,1697886506,3315.341245141793
BATUSD,1697922203,0.2225187708896856
EURUSD,1697936572,1.1486243548888304
EURUSD,1697970919,1.1495976063720499
BATUSD,1697984950,0.22005510701423803
CADUSD,1698008158,0.7830161672044483
XPRUSD,1698028048,0.5772441698352534
XPRUSD,1698088889,0.575546119253457
BTCUSD,1698090922,69355.23855260514
ETHUSD,1698093936,3314.4321602875166
BATUSD,1698096063,0.21943880996051682
XPRUSD,1698121585,0.5746409108907736
XPRUSD,1698136046,0.5748334956928031
BATUSD,1698173421,0.21904836743170708
BTCUSD,1698185252,69378.93648506077
EURUSD,1698211820,1.1503944320543358
EURUSD,1698259863,1.149143302287141
BATUSD,1698261926,0.2183253786112723
BTCUSD,1698270918,69375.7043638453
BATUSD,1698331678,0.21708515962980307
EURUSD,1698343334,1.1482520834598522
CADUSD,1698360891,0.7820588489023546
XPRUSD,1698373068,0.5731361047900358
CADUSD,1698419642,0.7826822213473984
BATUSD,1698471545,0.2182157118964188
XPRUSD,1698557282,0.5716446171803496
XPRUSD,1698562825,0.5719524479208707
ETHUSD,1698581086,3320.880505532579
BTCUSD,1698587488,69409.83493375093
ETHUSD,1698587769,3319.1120474541644
CADUSD,1698589805,0.7817378475640125
BTCUSD,1698591066,69439.09078593267
CADUSD,1698610512,0.78283869475117
EURUSD,1698649839,1.1460460955335732
BATUSD,1698711314,0.21990401008366398
BATUSD,1698718122,0.21922312588563692
XPRUSD,1698720978,0.5722248007823246
XPRUSD,1698721886,0.5735828151230524
BTCUSD,1698731479,69459.49214176311
EURUSD,1698741646,1.1456626243233252
BATUSD,1698750551,0.21873806125945963
ETHUSD,1698771599,3323.4783772691335
CADUSD,1698797606,0.7837113017561853
BTCUSD,1698839364,69480.15926287648
EURUSD,1698840193,1.1471401359878737
CADUSD,1698885439,0.7833410682293037
EURUSD,1698891211,1.1484320549066922
EURUSD,1698900313,1.1497793688301678
ETHUSD,1698921119,3326.1911956352906
BTCUSD,1698937917,69493.64370803325
XPRUSD,1698965602,0.5755378646129274
BATUSD,1698970110,0.21771929388493236
CADUSD,1699014082,0.783074044530838
BATUSD,1699067729,0.21763460882769042
BATUSD,1699075815,0.21613716638513578
EURUSD,1699084954,1.1510139824839725
EURUSD,1699090422,1.151391476365877
BATUSD,1699093803,0.21552606201083988
XPRUSD,1699094775,0.573282680733727
BATUSD,1699108798,0.21512936846852387
BATUSD,1699112551,0.21640733793298586
BTCUSD,1699138975,69507.31665917665
ETHUSD,1699163616,3321.1633427222146
EURUSD,1699188913,1.1519638136380943
XPRUSD,1699200315,0.5738139168798712
BTCUSD,1699206868,69518.93507078086
XPRUSD,1699208541,0.5756643226345046
BTCUSD,1699218138,69549.34166704987
EURUSD,1699227117,1.1511863416116015
XPRUSD,1699250594,0.5788448050098841
CADUSD,1699258470,0.7823366669897589
CADUSD,1699262244,0.7828640330811736
ETHUSD,1699276650,3313.741279906763
XPRUSD,1699290847,0.5795137565439815
XPRUSD,1699294190,0.5808772158701544
EURUSD,1699302070,1.1502185890507226
BTCUSD,1699304646,69560.40084243937
EURUSD,1699312651,1.149948451244346
CADUSD,1699323089,0.7829734386543382
XPRUSD,1699354462,0.5816263051135623
BATUSD,1699359904,0.21812874101465843
XPRUSD,1699376800,0.5779218907643752
EURUSD,1699380580,1.1499124856025493
BATUSD,1699389367,0.21818478737105199
XPRUSD,1699437043,0.5796030939964223
EURUSD,1699440107,1.1509451873963759
BTCUSD,1699457053,69598.3796426805
XPRUSD,1699489372,0.5804488970647269
BTCUSD,1699490587,69615.91206152049
CADUSD,1699504213,0.7841565564950429
BATUSD,1699518180,0.21922187404978138
ETHUSD,1699556947,3322.006912567138
BTCUSD,1699559597,69627.02757120263
BATUSD,1699564776,0.221578362247472
EURUSD,1699632079,1.1508983188806323
EURUSD,1699653963,1.1492416015924576
BATUSD,1699662136,0.2228023331675439
CADUSD,1699718016,0.7840503142673328
BTCUSD,1699759221,69648.67023795254
ETHUSD,1699783747,3316.455424497694
BTCUSD,1699879699,69687.07177244901
BATUSD,1699887402,0.22183783304324162
CADUSD,1699895728,0.7841570266565897
XPRUSD,1699917440,0.5810528296612496
XPRUSD,1699945183,0.579178937658374
ETHUSD,1699947200,3317.795586328364
BATUSD,1699948891,0.22226811595860158
EURUSD,1699965615,1.1503600281151434
BTCUSD,1699966214,69701.31830376129
EURUSD,1699967910,1.1501283316446833
ETHUSD,1699987921,3307.974245864795
BTCUSD,1700025597,69709.46963574529
BTCUSD,1700044708,69747.06905916485
BTCUSD,1700076552,69793.56566682366
BTCUSD,1700085550,69824.21929369621
BTCUSD,1700109387,69841.73131796556
XPRUSD,1700144630,0.5787166344766955
EURUSD,1700194802,1.1508861225678721
CADUSD,1700274401,0.7837526366215635
BATUSD,1700280766,0.22365190782427008
BTCUSD,1700284054,69875.6078052774
BATUSD,1700287652,0.22258239642111388
CADUSD,1700288107,0.7828419335951667
XPRUSD,1700297498,0.5728117514481145
CADUSD,1700369430,0.7823801754458677
BATUSD,1700376869,0.22333019597864012
ETHUSD,1700407254,3311.7228075561025
ETHUSD,1700412242,3318.9364807690367
BATUSD,1700415248,0.22256009134151333
BTCUSD,1700428356,69889.2496957097
BATUSD,1700429295,0.22189757362491894
ETHUSD,1700465313,3317.5948009839035
CADUSD,1700485608,0.7813442683140747
BATUSD,1700527874,0.22237153472100812
XPRUSD,1700534332,0.5726071767127418
EURUSD,1700534976,1.1519517409641635
XPRUSD,1700567953,0.5771330270981129
ETHUSD,1700645216,3325.252510969215
ETHUSD,1700704093,3327.266563449141
BTCUSD,1700720689,69913.75559472143
XPRUSD,1700736397,0.5780951660267806
EURUSD,1700740523,1.1510117543109517
BATUSD,1700761297,0.2225550522561628
EURUSD,1700776780,1.1534318605980405
BATUSD,1700797881,0.22205019832792658
ETHUSD,1700819189,3322.236113065035
CADUSD,1700850771,0.781172136952399
EURUSD,1700870222,1.1543264519453384
ETHUSD,1700871001,3315.598354539568
XPRUSD,1700883115,0.5792840362378624
EURUSD,1700910920,1.1546718460199648
BTCUSD,1700941954,69933.91332273939
BATUSD,1700976796,0.2221916323075803
ETHUSD,1701035106,3320.1625883285988
ETHUSD,1701050266,3312.161635112506
CADUSD,1701071060,0.7812541952117066
BATUSD,1701092328,0.222522381667846
CADUSD,1701108849,0.7814705097098564
BTCUSD,1701120489,69953.49360231632
EURUSD,1701132737,1.1532511614152798
CADUSD,1701151477,0.778854696911899
BATUSD,1701213404,0.22469175707563815
XPRUSD,1701233448,0.5805337848165136
ETHUSD,1701235813,3302.678578033251
ETHUSD,1701250992,3298.208054487913
CADUSD,1701275716,0.7798308925075923
BATUSD,1701281694,0.2261986411119392
CADUSD,1701286508,0.7794399955748411
BATUSD,1701295332,0.22543237170908237
BTCUSD,1701328835,69967.47749023042
EURUSD,1701360069,1.1530117396890567
BTCUSD,1701370429,69983.41507231323
ETHUSD,1701396563,3300.492234379045
ETHUSD,1701403839,3306.4840148161948
CADUSD,1701438569,0.7800761126174965
BATUSD,1701453598,0.22468392200536635
XPRUSD,1701466960,0.5828141012740546
XPRUSD,1701511502,0.5824207390815844
EURUSD,1701530405,1.152812332528203
CADUSD,1701533350,0.7815092621500197
CADUSD,1701534998,0.7822794711930158
BATUSD,1701547272,0.22595132280380195
BTCUSD,1701556333,69985.6739139036
XPRUSD,1701582949,0.5782472955146578
CADUSD,1701590243,0.7822480457670671
BATUSD,1701595737,0.22725498603641975
BTCUSD,1701605987,70012.50222594438
EURUSD,1701621260,1.1545788111514874
ETHUSD,1701633236,3309.194902094541
BATUSD,1701671413,0.22826033588244482
ETHUSD,1701691118,3317.868759991457
BTCUSD,1701717426,70022.22070408621
EURUSD,1701725175,1.1563132373961915
ETHUSD,1701755988,3318.939513780837
EURUSD,1701808636,1.1592687190814635
BATUSD,1701813311,0.22880025741091803
EURUSD,1701871760,1.1582182594185189
CADUSD,1701873741,0.783750090473368
ETHUSD,1701907258,3323.720179918246
ETHUSD,1701970972,3322.1576525121313
BATUSD,1701982009,0.23118313062036017
CADUSD,1702012484,0.7828827705261762
CADUSD,1702026781,0.7833790154956418
BATUSD,1702028792,0.22874016556420323
BATUSD,1702049522,0.22927494757559347
CADUSD,1702061767,0.7834669459967504
EURUSD,1702069753,1.1584481583620314
BATUSD,1702102256,0.2291700302743546
CADUSD,1702115970,0.7841602559074814
XPRUSD,1702117082,0.576859519050648
EURUSD,1702153835,1.1581942930100757
ETHUSD,1702261466,3328.30035669565
XPRUSD,1702266272,0.5727044546392261
BATUSD,1702291767,0.2281440305102103
BATUSD,1702300608,0.22904007711038893
ETHUSD,1702305673,3331.0697686514004
ETHUSD,1702327746,3330.128494499864
XPRUSD,1702396709,0.5709541361578213
EURUSD,1702413172,1.158625117160573
XPRUSD,1702423100,0.568874731432273
EURUSD,1702430637,1.1587063565430913
ETHUSD,1702460222,3326.9017614439676
BTCUSD,1702482551,70054.21945076903
ETHUSD,1702508425,3330.669673842302
CADUSD,1702523009,0.7840545814311201
BATUSD,1702535068,0.22847225301987698
EURUSD,1702546364,1.1599182722409755
BATUSD,1702562292,0.22858229496409505
ETHUSD,1702572174,3334.871377578317
BATUSD,1702592035,0.22942366730987834
ETHUSD,1702606372,3345.002739471881
XPRUSD,1702632106,0.5708706929471006
BATUSD,1702637956,0.23060104122458824
BTCUSD,1702655905,70059.7108126161
CADUSD,1702657849,0.7852060954169044
EURUSD,1702665547,1.1595410773775117
EURUSD,1702679075,1.1587062814456157
BATUSD,1702691974,0.23075647346065525
XPRUSD,1702710047,0.5676181587835774
EURUSD,1702716141,1.1581805641827148
XPRUSD,1702744601,0.5627613110264544
CADUSD,1702755664,0.7844644447186926
ETHUSD,1702758130,3343.547248296841
BATUSD,1702813526,0.23145794704143918
XPRUSD,1702861186,0.5625200301712818
EURUSD,1702864649,1.157646748373528
BATUSD,1702868923,0.23167347937569135
EURUSD,1702912427,1.1576772090910554
BATUSD,1702921031,0.23351231360371633
BATUSD,1702943646,0.23448818157281684
EURUSD,1702964558,1.1557438888219906
XPRUSD,1702972986,0.5614793133616512
BTCUSD,1703021293,70068.03101941277
BTCUSD,1703042587,70076.78539827638
BATUSD,1703056737,0.23539425262940694
ETHUSD,1703091045,3336.781118008473
BTCUSD,1703130148,70113.62105280971
CADUSD,1703149316,0.7850761759915109
CADUSD,1703155929,0.7852625492992469
XPRUSD,1703173965,0.5653065140263317
CADUSD,1703185932,0.7857943418123723
BTCUSD,1703219245,70143.61369005796
ETHUSD,1703224296,3341.6965754798052
BATUSD,1703231182,0.23656692873148677
EURUSD,1703248041,1.155168013170893
CADUSD,1703258306,0.7859450759478807
ETHUSD,1703271281,3336.5882557174937
XPRUSD,1703306347,0.5636520597433424
EURUSD,1703343113,1.1569894856840792
EURUSD,1703372999,1.1552977138954512
EURUSD,1703405129,1.1561722097809575
CADUSD,1703458130,0.7869747033172844
EURUSD,1703473426,1.1547382599413645
ETHUSD,1703490336,3336.852764513195
EURUSD,1703500780,1.1545501643228175
CADUSD,1703545361,0.7870479677430238
BATUSD,1703568907,0.23623768690724073
XPRUSD,1703651084,0.5587773312312841
BTCUSD,1703653275,70155.61923569998
XPRUSD,1703678597,0.5553121588098925
BTCUSD,1703686471,70160.18593070633
ETHUSD,1703692847,3338.1092873382186
EURUSD,1703709097,1.1546537545077924
ETHUSD,1703723106,3339.715447936563
ETHUSD,1703724394,3339.170868723702
EURUSD,1703730602,1.1539162725802845
BATUSD,1703758265,0.2367096028072304
ETHUSD,1703786912,3340.963754285986
EURUSD,1703794858,1.1534901424796407
BATUSD,1703810139,0.23472061912158276
BTCUSD,1703887608,70158.21327930712
BATUSD,1703892152,0.23622477959033245
BTCUSD,1703962210,70180.31192590555
ETHUSD,1704036574,3343.810210519998
BTCUSD,1704041309,70205.327248508
BATUSD,1704060999,0.23546025749669725
BTCUSD,1704119700,70228.05866446474
EURUSD,1704151989,1.15254667219305
CADUSD,1704160574,0.7865135970412298
EURUSD,1704164558,1.1517194906404047
BATUSD,1704175247,0.23433013134544728
BATUSD,1704181554,0.23480018373530936
CADUSD,1704209348,0.7857226932840361
CADUSD,1704212552,0.7845584440658095
EURUSD,1704230338,1.1503747690310213
BTCUSD,1704240242,70246.94699047865
BATUSD,1704248693,0.23530733849066776
BATUSD,1704307719,0.2350885889990986
ETHUSD,1704333265,3341.3439949176113
CADUSD,1704339424,0.7844118083887716
EURUSD,1704343200,1.1517737750711692
EURUSD,1704352863,1.1502919561259057
BATUSD,1704359979,0.23682655521221996
ETHUSD,1704414365,3340.3603493595333
CADUSD,1704430164,0.7857384074101422
EURUSD,1704449490,1.1504385838887814
BTCUSD,1704452787,70271.8025961863
BTCUSD,1704456610,70265.34930343225
XPRUSD,1704460627,0.5545492179965705
XPRUSD,1704483433,0.5535360705460497
CADUSD,1704496300,0.7849244629047397
XPRUSD,1704506324,0.5558828936725962
XPRUSD,1704535634,0.5593278022064605
ETHUSD,1704576658,3341.2665807738076
CADUSD,1704587869,0.786413999387034
XPRUSD,1704606163,0.5558044390442402
EURUSD,1704606365,1.151384234538195
BATUSD,1704614785,0.23800638089287104
ETHUSD,1704658430,3329.701590498666
EURUSD,1704696829,1.1522242858510543
EURUSD,1704702695,1.1535271685899748
BTCUSD,1704778312,70282.26039058398
BTCUSD,1704838050,70297.59697711385
BATUSD,1704848202,0.23878946064632525
XPRUSD,1704864217,0.5544354556087582
BTCUSD,1704871020,70338.30093171862
BATUSD,1704891529,0.2387160156844221
EURUSD,1704903879,1.1554575407267098
BATUSD,1704931350,0.23668987502848512
XPRUSD,1704932973,0.5539174298972359
ETHUSD,1704952333,3334.5448088344524
CADUSD,1704980834,0.7862077946363105
ETHUSD,1705017485,3342.3220255776787
CADUSD,1705038389,0.7845110544364152
BATUSD,1705043412,0.23776535328777945
XPRUSD,1705052697,0.552141201126383
XPRUSD,1705093735,0.5505476007997425
BTCUSD,1705112509,70367.93066980835
EURUSD,1705135393,1.1550941476274972
BTCUSD,1705136689,70386.2477817529
ETHUSD,1705174398,3334.781206682069
BTCUSD,1705188446,70392.42229210555
BATUSD,1705211678,0.23837991821127402
EURUSD,1705232626,1.1550843028733129
ETHUSD,1705264168,3334.4709580275385
