user_id,currency,timestamp,delta
9b889da5-cd5e-4fea-9680-e4aef39193ad,EUR,1599654997,-3.1658547649183033
93becbec-6a43-428a-a1ce-6b096c956ca7,BAT,1599658651,-8.208726920256312
a02bd628-3dc5-46ba-98eb-42abbce82ad3,BAT,1599665270,9.9797430547762
f41feb3a-a469-487a-bc9d-59a0dfd89c29,USD,1599667719,-0.3694679363941695
7d6a9d9e-25b5-4ce1-b8bd-087f702725cc,BAT,1599676988,-3.57392424314485
f41feb3a-a469-487a-bc9d-59a0dfd89c29,BTC,1599684455,-1.440223306508825
3063533e-d3d2-46ca-91f5-6168c95c9835,ETH,1599692071,0.882769461634938
4b2f64c2-d6b2-421b-a6af-685573cd7f56,BAT,1599696974,-6.354720958507332
a61e005c-af0a-4820-8cd1-8029218fb066,EUR,1599701947,6.503750241923779
ec22ff9f-6f33-4055-bc53-7ee7d8b51c05,BTC,1599709853,3.6640900621151378
d1bfeb51-cf4e-43b4-af30-434bf70a7e5f,BTC,1599719384,9.785485933908816
79b2b699-e758-48a8-bc3b-379fa77bb478,BTC,1599723398,3.3916416073038924
75845357-d843-4036-841a-d2e6088b72ce,BTC,1599749061,-4.782355097325473
beed12b3-f39a-43dc-bee6-721a89c0a937,XPR,1599756279,-9.860781811264602
fe3b675f-21d2-4b79-b25f-45150d0e837a,ETH,1599758801,-9.895432773872113
fe3b675f-21d2-4b79-b25f-45150d0e837a,EUR,1599760633,-6.092703498950924
27ad712a-9148-4b34-83ec-8bae3ea4cdbf,BTC,1599788587,-0.6511290268119829
e2b54159-2bf7-4b89-850b-9f1c680b6bbe,EUR,1599812809,-4.746075421558162
75845357-d843-4036-841a-d2e6088b72ce,USD,1599815754,6.41530682082934
c98bc1a8-6926-4a59-83c9-09de99a905b4,USD,1599816257,1.6859888667170466
3063533e-d3d2-46ca-91f5-6168c95c9835,ETH,1599840252,1.2173093269632336
3063533e-d3d2-46ca-91f5-6168c95c9835,BAT,1599849329,-1.8562505220585912
75845357-d843-4036-841a-d2e6088b72ce,CAD,1599856755,-5.09867160768901
f41feb3a-a469-487a-bc9d-59a0dfd89c29,USD,1599856842,0.6830989000166738
f41feb3a-a469-487a-bc9d-59a0dfd89c29,ETH,1599865126,-9.222502938635282
75845357-d843-4036-841a-d2e6088b72ce,ETH,1599865387,3.96235235146354
93becbec-6a43-428a-a1ce-6b096c956ca7,EUR,1599889710,1.7127376577558486
75845357-d843-4036-841a-d2e6088b72ce,ETH,1599902338,-9.624055240631561
9287b4ea-2911-45b2-8da7-cc3ca70cb118,ETH,1599910409,9.666286077081065
f41feb3a-a469-487a-bc9d-59a0dfd89c29,USD,1599918784,7.775429411110995
9287b4ea-2911-45b2-8da7-cc3ca70cb118,USD,1599919768,0.4283080539437556
f41feb3a-a469-487a-bc9d-59a0dfd89c29,USD,1599932680,-4.287492287833798
a61e005c-af0a-4820-8cd1-8029218fb066,BTC,1599940412,0.2576546974380083
93becbec-6a43-428a-a1ce-6b096c956ca7,ETH,1599947879,-6.333917868092122
ec22ff9f-6f33-4055-bc53-7ee7d8b51c05,BTC,1599952466,-8.477590969494969
7e26da7f-3fe1-4790-a9bf-147bf2a852ec,ETH,1599955819,7.206419381086448
f30a7fba-468c-4b04-aac4-8cf836652573,BTC,1599992905,-6.05740926574885
3caf1a3a-46cf-4c91-b352-9ea9f0c571ec,BTC,1599994169,0.13246265689708814
9287b4ea-2911-45b2-8da7-cc3ca70cb118,EUR,1599996496,9.607397032646055
e2b54159-2bf7-4b89-850b-9f1c680b6bbe,XPR,1600017032,-6.997409970858202
335809b4-e5f6-4eeb-872d-539052a9546d,EUR,1600030958,5.4528965371541975
1e6d232e-11f4-4cd6-9eb4-020af5d6a1fb,BTC,1600031429,-6.926490682784616
e2b54159-2bf7-4b89-850b-9f1c680b6bbe,USD,1600032498,-5.065043685666664
a947e704-dbd7-430b-adf4-7039824b8d63,EUR,1600040607,5.059378597527608
5d47c0f3-920d-49f5-b9b3-5afeca5ece24,ETH,1600065003,1.3594175490531786
987eae8b-a10b-4a88-a437-37a982f5acb5,BTC,1600065330,-7.967869635319378
fe3b675f-21d2-4b79-b25f-45150d0e837a,BTC,1600082115,-1.7035139173398317
ec22ff9f-6f33-4055-bc53-7ee7d8b51c05,BAT,1600089349,-3.8534841107280453
fe3b675f-21d2-4b79-b25f-45150d0e837a,USD,1600099037,8.5381704174134
f8259c81-0d30-436b-bb3e-156cc731e641,USD,1600105143,-1.155578645435817
92934d8d-a4cc-456f-97ca-c77f528c6bda,ETH,1600107445,-2.2726279268916354
f41feb3a-a469-487a-bc9d-59a0dfd89c29,EUR,1600123535,-4.443042493397891
cb1a5abb-9cf9-4e37-91ab-83d3959b1277,EUR,1600145536,-3.7242115789184567
9287b4ea-2911-45b2-8da7-cc3ca70cb118,ETH,1600158083,-9.17408702984349
ab77e7b3-19cf-4680-a47f-28b90448335c,ETH,1600161081,-2.449642797123288
9287b4ea-2911-45b2-8da7-cc3ca70cb118,EUR,1600189163,-1.323862482563456
fe3b675f-21d2-4b79-b25f-45150d0e837a,BTC,1600194834,5.481925039129024
beed12b3-f39a-43dc-bee6-721a89c0a937,EUR,1600204354,-1.412269278260661
d137f350-8287-42e4-99aa-cd56cb77aa8f,ETH,1600205740,-0.8164814951307484
78db312b-071d-41d4-8ed6-d46411f44aa4,EUR,1600234735,7.793116001174262
fe3b675f-21d2-4b79-b25f-45150d0e837a,EUR,1600251414,-2.7910890986716774
fe3b675f-21d2-4b79-b25f-45150d0e837a,ETH,1600271437,7.710679200102234
a29da963-12ff-433b-9872-cf9533a3f170,BTC,1600278814,-6.784166935906821
f30a7fba-468c-4b04-aac4-8cf836652573,EUR,1600304268,-3.7903541780367744
044ebe23-2980-4172-aa8b-f59e48b07343,USD,1600335510,4.779198788112462
75845357-d843-4036-841a-d2e6088b72ce,BTC,1600347156,3.2711718688783176
4b2f64c2-d6b2-421b-a6af-685573cd7f56,EUR,1600349067,-6.522926856589095
ec22ff9f-6f33-4055-bc53-7ee7d8b51c05,ETH,1600353563,-1.3522844754906576
9287b4ea-2911-45b2-8da7-cc3ca70cb118,USD,1600370598,6.7768685481502935
e2b54159-2bf7-4b89-850b-9f1c680b6bbe,BTC,1600382767,5.550860728454698
6044e2ef-8425-487c-b8bf-b88a87cc43f9,BTC,1600392969,0.38975024195942787
beed12b3-f39a-43dc-bee6-721a89c0a937,USD,1600394633,2.045803533533997
f89443b9-1dfe-427e-b718-8846f977bf51,BTC,1600395111,-1.9504782396260651
3063533e-d3d2-46ca-91f5-6168c95c9835,USD,1600395617,-2.1952366158956167
c85a849b-72dd-43a9-9b24-4815240184b4,EUR,1600429327,-0.11795420717471039
f89443b9-1dfe-427e-b718-8846f977bf51,BTC,1600438489,9.83239493170959
ec22ff9f-6f33-4055-bc53-7ee7d8b51c05,EUR,1600439407,-9.835350641982503
ec22ff9f-6f33-4055-bc53-7ee7d8b51c05,BTC,1600456467,6.210705411473828
945d4c4d-4281-4ff9-a6fe-de9dfd858f72,BTC,1600461667,7.830842397298124
75845357-d843-4036-841a-d2e6088b72ce,BTC,1600465527,-7.869638450771628
d216d37c-df5d-4c8d-a79d-8cb1f7dbc0f7,ETH,1600466098,-6.3291578710214065
c98bc1a8-6926-4a59-83c9-09de99a905b4,ETH,1600474731,-4.021654595459232
93becbec-6a43-428a-a1ce-6b096c956ca7,CAD,1600480930,9.81591701317247
ec22ff9f-6f33-4055-bc53-7ee7d8b51c05,EUR,1600503100,-9.948137420282247
f2bd38cb-310b-457e-8cb1-c8b5bb589288,BTC,1600509962,8.076289793579747
93becbec-6a43-428a-a1ce-6b096c956ca7,EUR,1600527440,1.221249467605407
fe3b675f-21d2-4b79-b25f-45150d0e837a,EUR,1600532711,4.320190262285644
f41feb3a-a469-487a-bc9d-59a0dfd89c29,EUR,1600532789,-6.0458404662703895
75845357-d843-4036-841a-d2e6088b72ce,EUR,1600542108,-1.0857117762030342
ec22ff9f-6f33-4055-bc53-7ee7d8b51c05,BTC,1600543255,-1.224026938477774
93becbec-6a43-428a-a1ce-6b096c956ca7,ETH,1600555127,6.225300781213615
9287b4ea-2911-45b2-8da7-cc3ca70cb118,ETH,1600569784,7.409572681675691
e2b54159-2bf7-4b89-850b-9f1c680b6bbe,USD,1600575042,4.516306706909889
c12908fd-8688-4926-8453-c480b5ecb48a,EUR,1600584253,7.796417390531264
beed12b3-f39a-43dc-bee6-721a89c0a937,USD,1600603037,-8.407435024753074
beed12b3-f39a-43dc-bee6-721a89c0a937,EUR,1600618114,-1.9499124467820046
e2b54159-2bf7-4b89-850b-9f1c680b6bbe,EUR,1600629383,-5.815024959351831
75845357-d843-4036-841a-d2e6088b72ce,BTC,1600635337,5.5531240823783214
beed12b3-f39a-43dc-bee6-721a89c0a937,USD,1600644104,0.3581309476365391
df2392b6-0dd6-4e24-82fb-b0a403615b06,BTC,1600664543,-0.3709006199004712
3063533e-d3d2-46ca-91f5-6168c95c9835,XPR,1600687875,-6.537414372854615
e2b54159-2bf7-4b89-850b-9f1c680b6bbe,EUR,1600689882,-7.738202899586231
75845357-d843-4036-841a-d2e6088b72ce,USD,1600690352,5.324776599371576
ec22ff9f-6f33-4055-bc53-7ee7d8b51c05,ETH,1600708463,1.864249847630358
fe3b675f-21d2-4b79-b25f-45150d0e837a,BTC,1600711117,-8.991669252694203
e2b54159-2bf7-4b89-850b-9f1c680b6bbe,USD,1600718249,-1.773823651362946
e2b54159-2bf7-4b89-850b-9f1c680b6bbe,EUR,1600724597,2.807083351538676
4a6f2b89-07cb-4557-b821-5a8ea03d2f71,EUR,1600731272,-0.8522168454783063
fe3b675f-21d2-4b79-b25f-45150d0e837a,BTC,1600753672,-1.954850201490153
beed12b3-f39a-43dc-bee6-721a89c0a937,USD,1600761243,4.124099114388734
93becbec-6a43-428a-a1ce-6b096c956ca7,USD,1600766034,-7.379955822335715
0640659b-bfbc-414c-8e89-4c316287a8dd,USD,1600793269,7.3462979909648105
93becbec-6a43-428a-a1ce-6b096c956ca7,ETH,1600813325,9.242201119636682
f41feb3a-a469-487a-bc9d-59a0dfd89c29,ETH,1600813363,-4.46871509005063
beed12b3-f39a-43dc-bee6-721a89c0a937,EUR,1600820518,-6.790344661229348
4b2f64c2-d6b2-421b-a6af-685573cd7f56,ETH,1600821674,-0.1741595938415781
9287b4ea-2911-45b2-8da7-cc3ca70cb118,EUR,1600828902,1.8644331634238824
93becbec-6a43-428a-a1ce-6b096c956ca7,EUR,1600829492,-3.015739734858167
ec22ff9f-6f33-4055-bc53-7ee7d8b51c05,CAD,1600829532,-4.785433218986908
5d47c0f3-920d-49f5-b9b3-5afeca5ece24,EUR,1600835271,7.6174688933883345
fe3b675f-21d2-4b79-b25f-45150d0e837a,USD,1600846119,-3.4859517128835886
9287b4ea-2911-45b2-8da7-cc3ca70cb118,BTC,1600861769,-8.680302061790847
f41feb3a-a469-487a-bc9d-59a0dfd89c29,ETH,1600866153,5.470815825999297
960aed32-ddad-4784-a770-74fc1ff0da8d,ETH,1600866196,-5.751728394480605
beed12b3-f39a-43dc-bee6-721a89c0a937,ETH,1600874778,5.906076103242075
78db312b-071d-41d4-8ed6-d46411f44aa4,BTC,1600875181,7.377229892647417
75845357-d843-4036-841a-d2e6088b72ce,BTC,1600880636,-9.267020204352828
3063533e-d3d2-46ca-91f5-6168c95c9835,EUR,1600886594,-3.1868046868140425
92934d8d-a4cc-456f-97ca-c77f528c6bda,ETH,1600886686,9.231086727698038
f41feb3a-a469-487a-bc9d-59a0dfd89c29,ETH,1600895781,-2.573688358584305
5a623012-bb14-4bc5-977a-8d57033a1342,BTC,1600901439,-7.44194680456951
e2b54159-2bf7-4b89-850b-9f1c680b6bbe,CAD,1600918884,3.6155636696779947
75845357-d843-4036-841a-d2e6088b72ce,USD,1600928757,-7.904498929802841
e2b54159-2bf7-4b89-850b-9f1c680b6bbe,XPR,1600936539,-4.741404862024197
93becbec-6a43-428a-a1ce-6b096c956ca7,EUR,1600938898,-8.010740719868394
414e4248-1b1e-4a8e-af48-e65d6c6eef6b,BAT,1600941140,9.089837288964475
f41feb3a-a469-487a-bc9d-59a0dfd89c29,USD,1600946801,-6.720500937141917
960aed32-ddad-4784-a770-74fc1ff0da8d,EUR,1600964888,7.990798925206818
f41feb3a-a469-487a-bc9d-59a0dfd89c29,BTC,1600967082,-2.0843985032625056
9287b4ea-2911-45b2-8da7-cc3ca70cb118,USD,1600975195,1.0393364887914185
1e6d232e-11f4-4cd6-9eb4-020af5d6a1fb,ETH,1600979301,9.311887828838586
fe3b675f-21d2-4b79-b25f-45150d0e837a,BTC,1600986878,-6.331147452899744
e2b54159-2bf7-4b89-850b-9f1c680b6bbe,BTC,1600987420,-9.526970075628036
b8599949-2ffc-44c4-bc46-2e596e131c17,BTC,1600989636,9.358008045633614
d83f6123-2f33-402e-9fb1-25a96c6d19f5,BTC,1601007331,0.5980394577246955
93becbec-6a43-428a-a1ce-6b096c956ca7,ETH,1601032016,-0.4316714349766375
e2b54159-2bf7-4b89-850b-9f1c680b6bbe,BTC,1601035418,6.231691462962818
9287b4ea-2911-45b2-8da7-cc3ca70cb118,USD,1601039532,6.298100204081123
f41feb3a-a469-487a-bc9d-59a0dfd89c29,BTC,1601051348,9.300942156361547
a61e005c-af0a-4820-8cd1-8029218fb066,XPR,1601058093,0.5334643210901504
55578bf3-84af-4f11-bf24-6be394197c26,ETH,1601069113,-7.302769938134121
75845357-d843-4036-841a-d2e6088b72ce,BTC,1601085705,-1.9875575496730384
e2b54159-2bf7-4b89-850b-9f1c680b6bbe,BTC,1601091670,-8.113046365837933
3063533e-d3d2-46ca-91f5-6168c95c9835,BTC,1601096867,-4.224590854711446
75845357-d843-4036-841a-d2e6088b72ce,EUR,1601104892,-5.582113897627973
f41feb3a-a469-487a-bc9d-59a0dfd89c29,ETH,1601108834,-1.8426426589133023
e2b54159-2bf7-4b89-850b-9f1c680b6bbe,ETH,1601113345,7.5768147045482195
a61e005c-af0a-4820-8cd1-8029218fb066,ETH,1601119263,9.08682057930184
79b2b699-e758-48a8-bc3b-379fa77bb478,ETH,1601127466,-6.759258938592991
ec22ff9f-6f33-4055-bc53-7ee7d8b51c05,BTC,1601141976,-1.8508241173430857
f41feb3a-a469-487a-bc9d-59a0dfd89c29,USD,1601146143,1.1558918710796462
f41feb3a-a469-487a-bc9d-59a0dfd89c29,USD,1601154768,-1.0563555125952426
beed12b3-f39a-43dc-bee6-721a89c0a937,EUR,1601167707,0.5507099940417923
9287b4ea-2911-45b2-8da7-cc3ca70cb118,ETH,1601171649,9.627146376969328
9287b4ea-2911-45b2-8da7-cc3ca70cb118,USD,1601181433,7.633016147979891
a61e005c-af0a-4820-8cd1-8029218fb066,BTC,1601203005,-4.954110121288402
75845357-d843-4036-841a-d2e6088b72ce,XPR,1601242726,-4.675659722783214
f41feb3a-a469-487a-bc9d-59a0dfd89c29,ETH,1601266174,0.9209597549723441
ec22ff9f-6f33-4055-bc53-7ee7d8b51c05,EUR,1601275923,-7.58726321020206
fe3b675f-21d2-4b79-b25f-45150d0e837a,EUR,1601278385,-1.7553890252320503
414e4248-1b1e-4a8e-af48-e65d6c6eef6b,ETH,1601279303,-8.742914339636776
93becbec-6a43-428a-a1ce-6b096c956ca7,BAT,1601291801,-5.010528371994763
beed12b3-f39a-43dc-bee6-721a89c0a937,BTC,1601308354,-3.745588592727101
ec22ff9f-6f33-4055-bc53-7ee7d8b51c05,BTC,1601329833,-0.9245970550112794
93becbec-6a43-428a-a1ce-6b096c956ca7,ETH,1601334443,3.4193410009565373
a61e005c-af0a-4820-8cd1-8029218fb066,ETH,1601371744,4.8692480877392335
beed12b3-f39a-43dc-bee6-721a89c0a937,USD,1601381358,-1.4432131887271993
f41feb3a-a469-487a-bc9d-59a0dfd89c29,BTC,1601394858,6.7870770390771895
beed12b3-f39a-43dc-bee6-721a89c0a937,EUR,1601404438,-9.541323200658795
fe3b675f-21d2-4b79-b25f-45150d0e837a,XPR,1601409587,-5.702741160230618
3063533e-d3d2-46ca-91f5-6168c95c9835,USD,1601410909,-0.5161124808389079
fe3b675f-21d2-4b79-b25f-45150d0e837a,BAT,1601435363,4.9126998535615325
f41feb3a-a469-487a-bc9d-59a0dfd89c29,EUR,1601457741,0.5428098521944946
f41feb3a-a469-487a-bc9d-59a0dfd89c29,EUR,1601470627,6.3520622465977254
e2b54159-2bf7-4b89-850b-9f1c680b6bbe,EUR,1601471058,-5.651743709691348
e64722ab-ac45-4631-80ac-c45da5ff8c01,BTC,1601473414,-8.601711554333107
464298b8-8b92-463e-949b-3ba65c3b58c6,USD,1601475542,8.77720449884788
f1bc887e-df8c-4d6d-b633-a0432564e31a,EUR,1601486235,-6.44883289656613
a61e005c-af0a-4820-8cd1-8029218fb066,ETH,1601501420,-5.709930035893464
8f08a9c5-0884-4bd2-8d00-d772d32654a1,BTC,1601523713,-0.3301600768692676
beed12b3-f39a-43dc-bee6-721a89c0a937,ETH,1601536789,1.4677712775928402
3063533e-d3d2-46ca-91f5-6168c95c9835,ETH,1601538912,-5.314178399438017
f41feb3a-a469-487a-bc9d-59a0dfd89c29,ETH,1601540580,-3.151755796054287
92934d8d-a4cc-456f-97ca-c77f528c6bda,EUR,1601545235,-7.985339136780416
f41feb3a-a469-487a-bc9d-59a0dfd89c29,ETH,1601549567,0.6493099996310914
25382ae7-1c6c-4b32-a120-7717c6f4080a,USD,1601550669,3.4685332756060934
934357bf-b14a-4da8-8b0c-ed0c28540389,BTC,1601553682,-5.235532865455421
fe3b675f-21d2-4b79-b25f-45150d0e837a,BAT,1601562308,8.48321468706646
ec22ff9f-6f33-4055-bc53-7ee7d8b51c05,EUR,1601578742,1.9248020818648914
75845357-d843-4036-841a-d2e6088b72ce,EUR,1601586497,4.350123882135264
3063533e-d3d2-46ca-91f5-6168c95c9835,USD,1601595182,-4.163679146240162
259c4a32-9c8f-474a-9f8b-3a9ded89e9b3,ETH,1601625855,1.2879978075414158
38a23cc5-363b-43c7-ba39-5daa13ed4e2b,ETH,1601626617,-7.549475633363068
e2b54159-2bf7-4b89-850b-9f1c680b6bbe,USD,1601626939,-2.090078747957169
beed12b3-f39a-43dc-bee6-721a89c0a937,BTC,1601630597,-7.154217794233928
6044e2ef-8425-487c-b8bf-b88a87cc43f9,EUR,1601640883,-7.873278988112502
fe3b675f-21d2-4b79-b25f-45150d0e837a,ETH,1601652190,2.7000270926914833
78fec595-1f14-4e85-b295-e430a6ba7686,EUR,1601657240,0.015990253323238335
3063533e-d3d2-46ca-91f5-6168c95c9835,USD,1601690507,0.7513370741430663
beed12b3-f39a-43dc-bee6-721a89c0a937,ETH,1601704346,-3.1317411226929748
93becbec-6a43-428a-a1ce-6b096c956ca7,BTC,1601706704,-8.620304472084232
a61e005c-af0a-4820-8cd1-8029218fb066,USD,1601712257,5.350122352774848
e2b54159-2bf7-4b89-850b-9f1c680b6bbe,USD,1601712762,-5.280606184043872
a02bd628-3dc5-46ba-98eb-42abbce82ad3,EUR,1601715641,1.796257197868428
fe3b675f-21d2-4b79-b25f-45150d0e837a,EUR,1601716387,-4.948754095877099
a61e005c-af0a-4820-8cd1-8029218fb066,EUR,1601718702,1.457438972698764
beed12b3-f39a-43dc-bee6-721a89c0a937,BTC,1601718908,-8.921431899886173
a61e005c-af0a-4820-8cd1-8029218fb066,USD,1601727110,7.415360312626785
fe3b675f-21d2-4b79-b25f-45150d0e837a,EUR,1601734693,0.924334908498361
a61e005c-af0a-4820-8cd1-8029218fb066,ETH,1601759750,8.608310145419033
93becbec-6a43-428a-a1ce-6b096c956ca7,ETH,1601763111,9.965107247332611
0640659b-bfbc-414c-8e89-4c316287a8dd,ETH,1601763612,-1.6404052788539065
a61e005c-af0a-4820-8cd1-8029218fb066,BTC,1601764027,-6.571104059674395
e2b54159-2bf7-4b89-850b-9f1c680b6bbe,USD,1601771347,0.6092014239718395
93becbec-6a43-428a-a1ce-6b096c956ca7,CAD,1601777320,-0.5361470707345024
3063533e-d3d2-46ca-91f5-6168c95c9835,ETH,1601778085,-5.1007756318475135
fa3e5601-04c5-4918-9c31-0d02d5ed3431,EUR,1601784414,6.524714035333954
0615a717-29b9-4c76-826a-ece60a60f3ae,USD,1601785552,-6.348137236963558
f41feb3a-a469-487a-bc9d-59a0dfd89c29,USD,1601859948,2.745646330267933
beed12b3-f39a-43dc-bee6-721a89c0a937,BTC,1601885901,8.637460137553568
0640659b-bfbc-414c-8e89-4c316287a8dd,EUR,1601904077,2.163746894331087
5e106318-4553-4462-b510-5438b6a329e5,USD,1601908059,7.656987272715874
c5cefec7-2341-4c3e-bee1-cb30fee93bd8,ETH,1601908662,5.660384522404115
a75ecbba-3eb1-43a0-8c9a-863569911bc3,BTC,1601941559,-1.0244761582201676
75845357-d843-4036-841a-d2e6088b72ce,BAT,1601956313,9.298316685282309
beed12b3-f39a-43dc-bee6-721a89c0a937,USD,1601965834,-5.726020028685226
b61477de-b466-4b13-8a72-e80a721689ca,BAT,1601968746,1.7431280902343076
75845357-d843-4036-841a-d2e6088b72ce,ETH,1601970172,4.3618099984964065
fe3b675f-21d2-4b79-b25f-45150d0e837a,EUR,1601974387,-8.310901281840497
93becbec-6a43-428a-a1ce-6b096c956ca7,BAT,1601980058,-4.025146770587482
a61e005c-af0a-4820-8cd1-8029218fb066,EUR,1601991659,6.380026083986689
e2b54159-2bf7-4b89-850b-9f1c680b6bbe,ETH,1601996326,-6.128206379860925
f41feb3a-a469-487a-bc9d-59a0dfd89c29,USD,1602005494,1.1883480259065031
ec22ff9f-6f33-4055-bc53-7ee7d8b51c05,BTC,1602010675,-4.81271202406897
9b889da5-cd5e-4fea-9680-e4aef39193ad,EUR,1602030836,1.9015444599245601
c98bc1a8-6926-4a59-83c9-09de99a905b4,BTC,1602044448,3.7895146585962696
55578bf3-84af-4f11-bf24-6be394197c26,EUR,1602060151,9.502325684924081
fe3b675f-21d2-4b79-b25f-45150d0e837a,USD,1602066139,-2.2174712805956016
a61e005c-af0a-4820-8cd1-8029218fb066,EUR,1602075329,-1.3110337678647266
ec22ff9f-6f33-4055-bc53-7ee7d8b51c05,ETH,1602079461,-7.399906118919812
e2b54159-2bf7-4b89-850b-9f1c680b6bbe,USD,1602100658,9.116041184781558
a61e005c-af0a-4820-8cd1-8029218fb066,ETH,1602101186,7.245504101005686
75845357-d843-4036-841a-d2e6088b72ce,ETH,1602105503,1.8754501506971195
044ebe23-2980-4172-aa8b-f59e48b07343,BTC,1602111301,3.339724839329797
93becbec-6a43-428a-a1ce-6b096c956ca7,USD,1602123122,8.800008182500786
75845357-d843-4036-841a-d2e6088b72ce,BTC,1602131293,6.890793038485949
ec22ff9f-6f33-4055-bc53-7ee7d8b51c05,EUR,1602133579,-7.458801213864039
a61e005c-af0a-4820-8cd1-8029218fb066,USD,1602166565,-6.560612909477516
fdaa102d-797c-4c57-a793-feb6e3aaff0d,BTC,1602168501,-1.4345056641423675
f2bd38cb-310b-457e-8cb1-c8b5bb589288,USD,1602170502,-6.408908893702778
6e7c8b3b-708e-4d1f-a58d-d904d91152d7,BTC,1602171861,-9.459642283664383
7c615c0c-a984-410a-bbe4-7f9b06d717f8,BAT,1602228868,7.602789237011184
ec22ff9f-6f33-4055-bc53-7ee7d8b51c05,BTC,1602230198,-0.19392695368175517
3063533e-d3d2-46ca-91f5-6168c95c9835,USD,1602238182,4.120006682587139
beed12b3-f39a-43dc-bee6-721a89c0a937,ETH,1602239965,-9.417039049184142
a61e005c-af0a-4820-8cd1-8029218fb066,USD,1602241708,-8.864749812828537
a61e005c-af0a-4820-8cd1-8029218fb066,USD,1602247989,-9.73737755881141
39b1b575-8789-45b1-bf90-16b30832ecc0,USD,1602252281,-4.800217560819647
75845357-d843-4036-841a-d2e6088b72ce,USD,1602254504,-5.621725968593498
a02bd628-3dc5-46ba-98eb-42abbce82ad3,EUR,1602256483,-2.8824219698688065
e2b54159-2bf7-4b89-850b-9f1c680b6bbe,USD,1602264309,1.2231805454616378
beed12b3-f39a-43dc-bee6-721a89c0a937,ETH,1602282606,8.628013377559384
9287b4ea-2911-45b2-8da7-cc3ca70cb118,XPR,1602283902,1.8609706641611812
fe3b675f-21d2-4b79-b25f-45150d0e837a,EUR,1602289716,-3.994839091676874
ec22ff9f-6f33-4055-bc53-7ee7d8b51c05,ETH,1602332980,4.206278129154715
9287b4ea-2911-45b2-8da7-cc3ca70cb118,USD,1602338400,4.53953491319405
75845357-d843-4036-841a-d2e6088b72ce,ETH,1602344183,1.0361229191463135
d137f350-8287-42e4-99aa-cd56cb77aa8f,EUR,1602345083,-7.502081289761362
ec22ff9f-6f33-4055-bc53-7ee7d8b51c05,USD,1602357485,-5.618831953453167
ec22ff9f-6f33-4055-bc53-7ee7d8b51c05,EUR,1602364347,-0.6827841778164405
f41feb3a-a469-487a-bc9d-59a0dfd89c29,ETH,1602366528,-0.8788343675774222
75845357-d843-4036-841a-d2e6088b72ce,BTC,1602372476,8.821962598456587
335809b4-e5f6-4eeb-872d-539052a9546d,BAT,1602386500,7.9972741729466
c5cefec7-2341-4c3e-bee1-cb30fee93bd8,ETH,1602420640,-9.558732303635242
75845357-d843-4036-841a-d2e6088b72ce,ETH,1602425575,-7.009987575722702
e2b54159-2bf7-4b89-850b-9f1c680b6bbe,EUR,1602433460,-2.5627090161211523
beed12b3-f39a-43dc-bee6-721a89c0a937,EUR,1602441893,4.174992156457542
93becbec-6a43-428a-a1ce-6b096c956ca7,EUR,1602444198,8.009562485492168
fe3b675f-21d2-4b79-b25f-45150d0e837a,BTC,1602460824,-4.093901788844292
3633f00d-bf93-44be-9ad2-4c7a0e1e5679,EUR,1602463539,-7.948567028501088
f41feb3a-a469-487a-bc9d-59a0dfd89c29,ETH,1602464727,2.2376084013988233
ec22ff9f-6f33-4055-bc53-7ee7d8b51c05,USD,1602465049,-2.98787086960016
5e106318-4553-4462-b510-5438b6a329e5,BTC,1602482617,0.8910542497211544
e2b54159-2bf7-4b89-850b-9f1c680b6bbe,EUR,1602483786,3.1834312696418543
7d6a9d9e-25b5-4ce1-b8bd-087f702725cc,CAD,1602494663,-5.329753532621866
fe3b675f-21d2-4b79-b25f-45150d0e837a,ETH,1602506910,5.210022214685182
fe3b675f-21d2-4b79-b25f-45150d0e837a,EUR,1602514239,0.2839665941736218
beed12b3-f39a-43dc-bee6-721a89c0a937,ETH,1602542509,2.2425145333946297
9287b4ea-2911-45b2-8da7-cc3ca70cb118,EUR,1602553512,-8.40894910911327
4b2f64c2-d6b2-421b-a6af-685573cd7f56,USD,1602554506,7.544477867814457
e2b54159-2bf7-4b89-850b-9f1c680b6bbe,EUR,1602556916,0.03747333091319405
4832c931-325f-4bda-9926-9dfc310ccbad,ETH,1602559365,6.658520707257697
ec22ff9f-6f33-4055-bc53-7ee7d8b51c05,ETH,1602562330,-2.4665289472047984
a61e005c-af0a-4820-8cd1-8029218fb066,EUR,1602563772,8.272054527367278
a61e005c-af0a-4820-8cd1-8029218fb066,BTC,1602568834,-9.423394917374324
9287b4ea-2911-45b2-8da7-cc3ca70cb118,USD,1602576182,-9.628769421802204
3063533e-d3d2-46ca-91f5-6168c95c9835,BTC,1602592218,9.795112448769313
75845357-d843-4036-841a-d2e6088b72ce,USD,1602627201,-5.52774402328299
93becbec-6a43-428a-a1ce-6b096c956ca7,ETH,1602652405,1.8539840751789232
93becbec-6a43-428a-a1ce-6b096c956ca7,EUR,1602657763,-5.132385977728666
a02bd628-3dc5-46ba-98eb-42abbce82ad3,EUR,1602666699,-4.791065539728061
e2b54159-2bf7-4b89-850b-9f1c680b6bbe,EUR,1602673197,-3.2784552161761553
f41feb3a-a469-487a-bc9d-59a0dfd89c29,BTC,1602686109,-1.5575236900302372
75845357-d843-4036-841a-d2e6088b72ce,BTC,1602710531,5.3974913221493726
fa3e5601-04c5-4918-9c31-0d02d5ed3431,USD,1602722502,-6.190835805428517
beed12b3-f39a-43dc-bee6-721a89c0a937,BAT,1602726867,-9.986231185195656
93becbec-6a43-428a-a1ce-6b096c956ca7,ETH,1602729978,0.10379930060126163
992286bf-16a1-43d3-a31d-642222d91603,ETH,1602730265,-5.133564430637422
3063533e-d3d2-46ca-91f5-6168c95c9835,EUR,1602734962,4.365809761842831
fa3e5601-04c5-4918-9c31-0d02d5ed3431,USD,1602735504,-3.444600119285612
f41feb3a-a469-487a-bc9d-59a0dfd89c29,BTC,1602744334,-2.266222918829781
e2b54159-2bf7-4b89-850b-9f1c680b6bbe,EUR,1602744519,-3.8520791282025213
7d6a9d9e-25b5-4ce1-b8bd-087f702725cc,ETH,1602753987,1.0971402496388691
3063533e-d3d2-46ca-91f5-6168c95c9835,USD,1602768237,4.421382734176817
ec22ff9f-6f33-4055-bc53-7ee7d8b51c05,ETH,1602776341,8.246306259906035
3063533e-d3d2-46ca-91f5-6168c95c9835,BTC,1602778357,4.638141170404694
3063533e-d3d2-46ca-91f5-6168c95c9835,BTC,1602785280,-8.999889862073104
1c624660-7fbd-43a5-b791-c997b810db49,BTC,1602793032,1.4402925895976004
e2b54159-2bf7-4b89-850b-9f1c680b6bbe,ETH,1602793535,4.1903915724331835
beed12b3-f39a-43dc-bee6-721a89c0a937,EUR,1602793624,-0.4738827271858739
e2b54159-2bf7-4b89-850b-9f1c680b6bbe,ETH,1602796881,9.11168042594398
f41feb3a-a469-487a-bc9d-59a0dfd89c29,BTC,1602815754,-6.985724678782863
beed12b3-f39a-43dc-bee6-721a89c0a937,XPR,1602825345,3.514939029399093
fe3b675f-21d2-4b79-b25f-45150d0e837a,BTC,1602838414,-5.058317417812212
75845357-d843-4036-841a-d2e6088b72ce,USD,1602852540,-0.12809885702067803
93becbec-6a43-428a-a1ce-6b096c956ca7,EUR,1602855060,7.969346825433476
e2b54159-2bf7-4b89-850b-9f1c680b6bbe,USD,1602858472,4.060508471076883
7d6a9d9e-25b5-4ce1-b8bd-087f702725cc,USD,1602867217,6.395417468464281
ec22ff9f-6f33-4055-bc53-7ee7d8b51c05,USD,1602888161,-3.494271564709166
fe3b675f-21d2-4b79-b25f-45150d0e837a,ETH,1602889443,1.5148384974936313
75845357-d843-4036-841a-d2e6088b72ce,USD,1602893788,-0.8399916207286857
9b2e8458-726f-42d9-97cb-5e66de168da5,ETH,1602917657,7.196502337248923
3063533e-d3d2-46ca-91f5-6168c95c9835,USD,1602923125,4.440177021657153
3063533e-d3d2-46ca-91f5-6168c95c9835,ETH,1602953071,3.8810247145965686
9287b4ea-2911-45b2-8da7-cc3ca70cb118,USD,1602961010,2.1100810543965736
b61477de-b466-4b13-8a72-e80a721689ca,EUR,1602963986,4.1438673927452125
4760ba51-fb20-47c1-8751-abd21264713a,BTC,1602964041,8.87102153529138
75845357-d843-4036-841a-d2e6088b72ce,BTC,1602969354,-6.007827399762682
f41feb3a-a469-487a-bc9d-59a0dfd89c29,ETH,1602969918,-3.9955575759186512
a61e005c-af0a-4820-8cd1-8029218fb066,ETH,1602997530,-7.21768032361094
3063533e-d3d2-46ca-91f5-6168c95c9835,ETH,1603005424,4.155339005934408
75845357-d843-4036-841a-d2e6088b72ce,BTC,1603011422,-3.3069510570207665
f41feb3a-a469-487a-bc9d-59a0dfd89c29,ETH,1603012349,5.2868996675088535
e2b54159-2bf7-4b89-850b-9f1c680b6bbe,ETH,1603019824,-2.5378786714659345
9287b4ea-2911-45b2-8da7-cc3ca70cb118,EUR,1603020656,-6.263583373878743
5e106318-4553-4462-b510-5438b6a329e5,EUR,1603032394,2.3261264468181757
f41feb3a-a469-487a-bc9d-59a0dfd89c29,BTC,1603048245,-9.249462684315297
f2bd38cb-310b-457e-8cb1-c8b5bb589288,ETH,1603085363,-7.169381860901474
a61e005c-af0a-4820-8cd1-8029218fb066,BTC,1603091555,-0.413030141903711
fe3b675f-21d2-4b79-b25f-45150d0e837a,BAT,1603105035,6.9792116572749485
e2b54159-2bf7-4b89-850b-9f1c680b6bbe,ETH,1603105702,-4.522572382528711
c2e51592-d482-4909-892e-01b0a8a0d423,BTC,1603114976,-6.918284507348389
1e6d232e-11f4-4cd6-9eb4-020af5d6a1fb,EUR,1603121830,-9.751521051358454
e2b54159-2bf7-4b89-850b-9f1c680b6bbe,USD,1603122892,-1.4294480646825996
9287b4ea-2911-45b2-8da7-cc3ca70cb118,EUR,1603149987,-8.90506977328144
75845357-d843-4036-841a-d2e6088b72ce,BTC,1603156201,-6.862356062697453
3063533e-d3d2-46ca-91f5-6168c95c9835,EUR,1603161251,8.529395306735964
75845357-d843-4036-841a-d2e6088b72ce,CAD,1603166564,4.3589883482669585
fe3b675f-21d2-4b79-b25f-45150d0e837a,CAD,1603171938,9.568842773411962
fe3b675f-21d2-4b79-b25f-45150d0e837a,ETH,1603173033,-2.6879008499814976
d4dcb8fa-5698-4391-a79f-043adda8a220,ETH,1603194642,1.8467769838313952
93becbec-6a43-428a-a1ce-6b096c956ca7,ETH,1603203293,7.702704278740679
f41feb3a-a469-487a-bc9d-59a0dfd89c29,BTC,1603207600,6.231354959569295
fe3b675f-21d2-4b79-b25f-45150d0e837a,USD,1603220142,3.0738920859686303
93becbec-6a43-428a-a1ce-6b096c956ca7,EUR,1603220538,1.3330527344838892
3063533e-d3d2-46ca-91f5-6168c95c9835,EUR,1603241172,-5.609046673125397
9287b4ea-2911-45b2-8da7-cc3ca70cb118,ETH,1603262745,9.995165341582911
ec22ff9f-6f33-4055-bc53-7ee7d8b51c05,XPR,1603265050,-7.280017500842408
335809b4-e5f6-4eeb-872d-539052a9546d,EUR,1603274836,-4.261253451873596
e84d7bec-86b6-4f13-892c-1970e2d466bc,EUR,1603319962,-6.4601194668040645
9287b4ea-2911-45b2-8da7-cc3ca70cb118,USD,1603326312,5.951660763086926
93becbec-6a43-428a-a1ce-6b096c956ca7,USD,1603345519,7.893743112900381
e2b54159-2bf7-4b89-850b-9f1c680b6bbe,USD,1603367358,-0.595609439160425
197e14d9-700c-4d53-8b6e-f2c45d2bfac9,USD,1603367682,-2.58852865421159
c98bc1a8-6926-4a59-83c9-09de99a905b4,ETH,1603374499,4.04805956673718
e2b54159-2bf7-4b89-850b-9f1c680b6bbe,BTC,1603381809,-8.75764087749493
c85a849b-72dd-43a9-9b24-4815240184b4,ETH,1603382234,6.757662635611144
3063533e-d3d2-46ca-91f5-6168c95c9835,USD,1603386642,4.320696313917399
a61e005c-af0a-4820-8cd1-8029218fb066,ETH,1603401296,-3.1214954858106037
beed12b3-f39a-43dc-bee6-721a89c0a937,BTC,1603412084,-4.884544011746746
e2b54159-2bf7-4b89-850b-9f1c680b6bbe,BTC,1603417105,4.491922879652954
e2b54159-2bf7-4b89-850b-9f1c680b6bbe,ETH,1603420748,-7.697293688483404
335809b4-e5f6-4eeb-872d-539052a9546d,BTC,1603422039,-4.625894413872338
beed12b3-f39a-43dc-bee6-721a89c0a937,ETH,1603448341,-7.091945331034157
f41feb3a-a469-487a-bc9d-59a0dfd89c29,BTC,1603473490,5.3688682247762145
e2b54159-2bf7-4b89-850b-9f1c680b6bbe,ETH,1603475116,-1.1417493518162871
ec22ff9f-6f33-4055-bc53-7ee7d8b51c05,USD,1603475627,-6.277774548238099
d137f350-8287-42e4-99aa-cd56cb77aa8f,CAD,1603476377,-0.6384919155315334
9287b4ea-2911-45b2-8da7-cc3ca70cb118,USD,1603479521,2.6599744874202624
e2b54159-2bf7-4b89-850b-9f1c680b6bbe,EUR,1603479900,-9.13353027283528
78db312b-071d-41d4-8ed6-d46411f44aa4,BTC,1603499428,3.7630480084552858
9287b4ea-2911-45b2-8da7-cc3ca70cb118,EUR,1603517393,-8.870294319194175
75845357-d843-4036-841a-d2e6088b72ce,ETH,1603538333,2.314543785447256
beed12b3-f39a-43dc-bee6-721a89c0a937,ETH,1603539961,-7.437987068266391
5a623012-bb14-4bc5-977a-8d57033a1342,ETH,1603571808,-9.492484794088963
ec22ff9f-6f33-4055-bc53-7ee7d8b51c05,BTC,1603573654,-2.8231136140338453
beed12b3-f39a-43dc-bee6-721a89c0a937,USD,1603574080,-3.678977605012612
3063533e-d3d2-46ca-91f5-6168c95c9835,USD,1603581726,6.0604167237053765
75845357-d843-4036-841a-d2e6088b72ce,EUR,1603595314,-3.009557231370641
9287b4ea-2911-45b2-8da7-cc3ca70cb118,ETH,1603613107,-9.592987623027522
934357bf-b14a-4da8-8b0c-ed0c28540389,ETH,1603635132,-8.21101034419869
960aed32-ddad-4784-a770-74fc1ff0da8d,BTC,1603652832,-2.165750624866101
9287b4ea-2911-45b2-8da7-cc3ca70cb118,BTC,1603666235,-1.3627387735788776
f41feb3a-a469-487a-bc9d-59a0dfd89c29,USD,1603669744,8.909598507888067
fe3b675f-21d2-4b79-b25f-45150d0e837a,USD,1603726853,-7.882151555771806
ec22ff9f-6f33-4055-bc53-7ee7d8b51c05,ETH,1603732648,5.109337821674183
9287b4ea-2911-45b2-8da7-cc3ca70cb118,ETH,1603733050,-3.687503286282416
9287b4ea-2911-45b2-8da7-cc3ca70cb118,USD,1603734416,-3.2586134183443054
414e4248-1b1e-4a8e-af48-e65d6c6eef6b,BTC,1603765052,-2.729461360623948
fe3b675f-21d2-4b79-b25f-45150d0e837a,BTC,1603767363,2.31431374217024
f41feb3a-a469-487a-bc9d-59a0dfd89c29,BTC,1603779057,-4.034940388957125
c0ad94db-d257-4e4a-84ca-b9e73442cf78,BTC,1603785955,-2.243743603215762
e2b54159-2bf7-4b89-850b-9f1c680b6bbe,USD,1603799266,2.9611191030744326
c85a849b-72dd-43a9-9b24-4815240184b4,EUR,1603801130,4.631133344245452
93becbec-6a43-428a-a1ce-6b096c956ca7,EUR,1603806198,-2.469518105242104
c98bc1a8-6926-4a59-83c9-09de99a905b4,BTC,1603823264,-1.405540059597076
e2b54159-2bf7-4b89-850b-9f1c680b6bbe,EUR,1603829852,-8.12810068753268
3063533e-d3d2-46ca-91f5-6168c95c9835,EUR,1603833067,3.3143856061963834
beed12b3-f39a-43dc-bee6-721a89c0a937,ETH,1603850872,5.181697873924598
75845357-d843-4036-841a-d2e6088b72ce,BTC,1603851328,-0.39311185330971377
beed12b3-f39a-43dc-bee6-721a89c0a937,ETH,1603874196,-1.3794522469175803
ec22ff9f-6f33-4055-bc53-7ee7d8b51c05,CAD,1603880865,4.643246881089411
93becbec-6a43-428a-a1ce-6b096c956ca7,USD,1603884673,-8.68807100562366
a61e005c-af0a-4820-8cd1-8029218fb066,BTC,1603889330,3.1387124632782353
3063533e-d3d2-46ca-91f5-6168c95c9835,EUR,1603894372,-9.797203232741689
9287b4ea-2911-45b2-8da7-cc3ca70cb118,BTC,1603899191,4.879772372375905
75845357-d843-4036-841a-d2e6088b72ce,BTC,1603914849,-7.342837219842455
df2392b6-0dd6-4e24-82fb-b0a403615b06,ETH,1603942338,9.622679294475997
75845357-d843-4036-841a-d2e6088b72ce,BTC,1603944365,-8.199894014895907
75845357-d843-4036-841a-d2e6088b72ce,USD,1603965665,-3.901610306332424
75845357-d843-4036-841a-d2e6088b72ce,USD,1603969984,-3.7974004910939563
75845357-d843-4036-841a-d2e6088b72ce,BTC,1603973753,-2.123431119787112
3063533e-d3d2-46ca-91f5-6168c95c9835,USD,1603988454,7.969136604538328
3063533e-d3d2-46ca-91f5-6168c95c9835,CAD,1603998006,3.9993378603824183
df2392b6-0dd6-4e24-82fb-b0a403615b06,ETH,1604025894,-0.6698883391757864
ec22ff9f-6f33-4055-bc53-7ee7d8b51c05,BAT,1604030506,9.538268995323673
e2b54159-2bf7-4b89-850b-9f1c680b6bbe,EUR,1604084379,-4.65128433058795
3063533e-d3d2-46ca-91f5-6168c95c9835,USD,1604085627,-6.042937339549095
ec22ff9f-6f33-4055-bc53-7ee7d8b51c05,USD,1604089496,9.52150604789064
3063533e-d3d2-46ca-91f5-6168c95c9835,BTC,1604100063,6.942536543373755
78db312b-071d-41d4-8ed6-d46411f44aa4,USD,1604106223,-1.2684178745936023
d1bfeb51-cf4e-43b4-af30-434bf70a7e5f,BTC,1604110335,-4.432835409226408
beed12b3-f39a-43dc-bee6-721a89c0a937,USD,1604113775,9.195756134727915
0615a717-29b9-4c76-826a-ece60a60f3ae,USD,1604126951,5.544645609254479
75845357-d843-4036-841a-d2e6088b72ce,EUR,1604134618,-5.32933094755939
e2b54159-2bf7-4b89-850b-9f1c680b6bbe,EUR,1604140721,-6.336023102095716
a61e005c-af0a-4820-8cd1-8029218fb066,EUR,1604142000,-1.6938631733852088
f41feb3a-a469-487a-bc9d-59a0dfd89c29,EUR,1604144740,3.380141641381538
39b1b575-8789-45b1-bf90-16b30832ecc0,BAT,1604146852,-7.185811656550043
e64722ab-ac45-4631-80ac-c45da5ff8c01,ETH,1604156910,7.285202914817436
a75ecbba-3eb1-43a0-8c9a-863569911bc3,BAT,1604162649,5.390272353304525
7c615c0c-a984-410a-bbe4-7f9b06d717f8,EUR,1604166409,1.776667729146686
fe2f78e2-7054-4eba-ad62-6c2164a7e3e3,ETH,1604172219,4.948211173956697
f41feb3a-a469-487a-bc9d-59a0dfd89c29,BAT,1604176678,4.511594376938103
a61e005c-af0a-4820-8cd1-8029218fb066,BTC,1604186146,-2.4367488250512253
5d47c0f3-920d-49f5-b9b3-5afeca5ece24,EUR,1604188390,-7.055575258072741
f41feb3a-a469-487a-bc9d-59a0dfd89c29,EUR,1604189742,-1.6330539310148815
9287b4ea-2911-45b2-8da7-cc3ca70cb118,USD,1604207887,-0.8377161526535559
fe3b675f-21d2-4b79-b25f-45150d0e837a,USD,1604221635,3.7178140284264956
5b8e58a5-9b9f-4f1b-969f-21dbee72f0bb,BTC,1604222679,1.4512552715722578
f41feb3a-a469-487a-bc9d-59a0dfd89c29,ETH,1604234008,0.9196421446043885
e2b54159-2bf7-4b89-850b-9f1c680b6bbe,EUR,1604250900,3.1162112299673677
06864593-c803-470c-a6cc-acbbed53c0cb,BTC,1604252395,6.443448211996461
a61e005c-af0a-4820-8cd1-8029218fb066,EUR,1604256094,8.513174701873037
e2b54159-2bf7-4b89-850b-9f1c680b6bbe,ETH,1604286314,-4.725023888080633
a947e704-dbd7-430b-adf4-7039824b8d63,ETH,1604310280,7.7861474616137905
cb1a5abb-9cf9-4e37-91ab-83d3959b1277,EUR,1604316880,6.618806157618259
ec22ff9f-6f33-4055-bc53-7ee7d8b51c05,BAT,1604319451,-4.923473348351093
38a23cc5-363b-43c7-ba39-5daa13ed4e2b,EUR,1604331895,-8.323226518360007
945d4c4d-4281-4ff9-a6fe-de9dfd858f72,EUR,1604351008,-2.961154496455551
e2b54159-2bf7-4b89-850b-9f1c680b6bbe,CAD,1604399534,9.499860175575574
c5cefec7-2341-4c3e-bee1-cb30fee93bd8,EUR,1604414353,-1.8301769674309192
93becbec-6a43-428a-a1ce-6b096c956ca7,BTC,1604433072,5.82222012103337
a61e005c-af0a-4820-8cd1-8029218fb066,XPR,1604433852,8.043450780743449
78fec595-1f14-4e85-b295-e430a6ba7686,ETH,1604436790,9.205620353409238
a61e005c-af0a-4820-8cd1-8029218fb066,USD,1604446892,-2.581821063637304
c2e51592-d482-4909-892e-01b0a8a0d423,BTC,1604447642,4.878547822400529
cc19a596-79eb-4ae6-92a8-6f7ff846355a,USD,1604457436,-6.195698760290396
75845357-d843-4036-841a-d2e6088b72ce,ETH,1604464333,3.7601342095605297
75845357-d843-4036-841a-d2e6088b72ce,BTC,1604464466,-4.599664901446556
75845357-d843-4036-841a-d2e6088b72ce,BTC,1604480138,0.4733199900226204
a61e005c-af0a-4820-8cd1-8029218fb066,ETH,1604491136,-4.740522366825195
a61e005c-af0a-4820-8cd1-8029218fb066,BTC,1604494011,-2.335438589517276
d137f350-8287-42e4-99aa-cd56cb77aa8f,BTC,1604500885,-0.011500876728856468
fe3b675f-21d2-4b79-b25f-45150d0e837a,BTC,1604504496,6.976915259692213
ec22ff9f-6f33-4055-bc53-7ee7d8b51c05,EUR,1604511926,4.838433371988566
d858e131-0a18-45b3-92a5-77467ce513a5,CAD,1604520153,3.928297865980843
c98bc1a8-6926-4a59-83c9-09de99a905b4,EUR,1604528494,5.337676476524303
3063533e-d3d2-46ca-91f5-6168c95c9835,USD,1604531365,-8.672975435107585
9287b4ea-2911-45b2-8da7-cc3ca70cb118,BTC,1604539033,-8.952862893396267
e2b54159-2bf7-4b89-850b-9f1c680b6bbe,ETH,1604557484,4.3512830123252595
a02bd628-3dc5-46ba-98eb-42abbce82ad3,USD,1604583627,7.334842737100566
fe3b675f-21d2-4b79-b25f-45150d0e837a,USD,1604594302,-3.8156920422377656
992286bf-16a1-43d3-a31d-642222d91603,ETH,1604594871,4.386772805132733
a61e005c-af0a-4820-8cd1-8029218fb066,EUR,1604599199,-1.3516855962182355
93becbec-6a43-428a-a1ce-6b096c956ca7,ETH,1604613439,5.590221732642904
c0ad94db-d257-4e4a-84ca-b9e73442cf78,USD,1604631954,2.8636771947038397
c5cefec7-2341-4c3e-bee1-cb30fee93bd8,BTC,1604644808,0.23039325409826006
fe3b675f-21d2-4b79-b25f-45150d0e837a,EUR,1604647049,3.4305038972893342
a61e005c-af0a-4820-8cd1-8029218fb066,USD,1604653786,-5.1977885850893895
9287b4ea-2911-45b2-8da7-cc3ca70cb118,BTC,1604658067,2.478050618206593
e64722ab-ac45-4631-80ac-c45da5ff8c01,USD,1604682418,-9.17691865266114
93becbec-6a43-428a-a1ce-6b096c956ca7,ETH,1604700770,9.962207379413417
197e14d9-700c-4d53-8b6e-f2c45d2bfac9,USD,1604705178,-8.351414601244382
f41feb3a-a469-487a-bc9d-59a0dfd89c29,USD,1604713374,-2.3211941886667926
a75ecbba-3eb1-43a0-8c9a-863569911bc3,BTC,1604744554,0.42958376800913456
960aed32-ddad-4784-a770-74fc1ff0da8d,EUR,1604779714,-5.199490112760145
a29da963-12ff-433b-9872-cf9533a3f170,XPR,1604785486,1.9729839202530464
5b8e58a5-9b9f-4f1b-969f-21dbee72f0bb,EUR,1604795893,5.725343526711962
bdbeede3-8470-4baf-9f28-8f9e01b935d6,USD,1604798562,-6.323755020711859
78fec595-1f14-4e85-b295-e430a6ba7686,BTC,1604823609,-1.9069417870196759
f41feb3a-a469-487a-bc9d-59a0dfd89c29,USD,1604837950,-4.696855627528487
f41feb3a-a469-487a-bc9d-59a0dfd89c29,ETH,1604856489,8.649318448960646
75845357-d843-4036-841a-d2e6088b72ce,ETH,1604869053,-6.07803818595759
beed12b3-f39a-43dc-bee6-721a89c0a937,ETH,1604873322,-5.64977979723952
a61e005c-af0a-4820-8cd1-8029218fb066,USD,1604911188,7.782125349589613
d83f6123-2f33-402e-9fb1-25a96c6d19f5,ETH,1604916099,5.707208453827501
044ebe23-2980-4172-aa8b-f59e48b07343,BTC,1604918732,-7.0204123076420295
93becbec-6a43-428a-a1ce-6b096c956ca7,EUR,1604924853,8.244736516794799
93becbec-6a43-428a-a1ce-6b096c956ca7,ETH,1604927384,3.9563963266589948
e2b54159-2bf7-4b89-850b-9f1c680b6bbe,ETH,1604943708,-2.2369834312573023
464298b8-8b92-463e-949b-3ba65c3b58c6,USD,1604955744,-6.345134251630409
987eae8b-a10b-4a88-a437-37a982f5acb5,CAD,1604963720,-2.005864969212235
5dd16e20-7875-458f-bee4-29f27dd61bbd,BTC,1604966138,0.3307986579157056
a16bc127-d4af-4611-b5e6-9f9e451a851f,EUR,1604972807,-7.797421823753316
e2b54159-2bf7-4b89-850b-9f1c680b6bbe,EUR,1604976116,-3.8687366607087803
a61e005c-af0a-4820-8cd1-8029218fb066,EUR,1604988448,-0.6963245816030099
cb1a5abb-9cf9-4e37-91ab-83d3959b1277,BTC,1604996338,2.348582714184687
ec22ff9f-6f33-4055-bc53-7ee7d8b51c05,EUR,1605013888,2.8582614613878565
f2bd38cb-310b-457e-8cb1-c8b5bb589288,EUR,1605020649,7.641851133512645
f1bc887e-df8c-4d6d-b633-a0432564e31a,BAT,1605027063,-8.027427795670402
cb1a5abb-9cf9-4e37-91ab-83d3959b1277,EUR,1605037050,9.062645383354894
ec22ff9f-6f33-4055-bc53-7ee7d8b51c05,BTC,1605042202,-8.586780242451633
a61e005c-af0a-4820-8cd1-8029218fb066,BTC,1605052119,5.411975288232181
ec22ff9f-6f33-4055-bc53-7ee7d8b51c05,BTC,1605058209,-6.807381437059091
f41feb3a-a469-487a-bc9d-59a0dfd89c29,EUR,1605070770,-8.256302287476744
9287b4ea-2911-45b2-8da7-cc3ca70cb118,EUR,1605078526,-8.637032610631735
3063533e-d3d2-46ca-91f5-6168c95c9835,ETH,1605084254,6.140639856231992
d4dcb8fa-5698-4391-a79f-043adda8a220,BAT,1605086204,5.430702789895536
3063533e-d3d2-46ca-91f5-6168c95c9835,BTC,1605100338,-1.905904900142847
ec22ff9f-6f33-4055-bc53-7ee7d8b51c05,EUR,1605157996,0.7488136443704931
3063533e-d3d2-46ca-91f5-6168c95c9835,ETH,1605165421,9.417784812530495
beed12b3-f39a-43dc-bee6-721a89c0a937,EUR,1605168587,5.5818435744544725
75845357-d843-4036-841a-d2e6088b72ce,BTC,1605182207,4.949292470744133
d1bfeb51-cf4e-43b4-af30-434bf70a7e5f,USD,1605186414,-1.2206312859254922
d137f350-8287-42e4-99aa-cd56cb77aa8f,EUR,1605187507,3.6282971958764225
5fec4264-78eb-43ed-9c3d-33b6e58a8c3f,ETH,1605194773,-4.055566275685118
b8599949-2ffc-44c4-bc46-2e596e131c17,EUR,1605204726,-3.0259688697090326
f41feb3a-a469-487a-bc9d-59a0dfd89c29,XPR,1605205597,-7.874903036399208
beed12b3-f39a-43dc-bee6-721a89c0a937,EUR,1605206114,0.7231443121132095
e2b54159-2bf7-4b89-850b-9f1c680b6bbe,XPR,1605222671,-3.313369080263941
c5cefec7-2341-4c3e-bee1-cb30fee93bd8,BTC,1605225680,-5.9332778719127655
ec22ff9f-6f33-4055-bc53-7ee7d8b51c05,CAD,1605227049,5.4626322972778745
d1bfeb51-cf4e-43b4-af30-434bf70a7e5f,EUR,1605245869,1.4516371477832983
5b8e58a5-9b9f-4f1b-969f-21dbee72f0bb,ETH,1605254386,6.24655235883607
75845357-d843-4036-841a-d2e6088b72ce,EUR,1605261577,3.6089739686482325
75845357-d843-4036-841a-d2e6088b72ce,ETH,1605275328,-1.0924977344536977
75845357-d843-4036-841a-d2e6088b72ce,USD,1605279606,7.058170238936633
ec22ff9f-6f33-4055-bc53-7ee7d8b51c05,ETH,1605281414,-1.6257198992090984
ec22ff9f-6f33-4055-bc53-7ee7d8b51c05,ETH,1605286590,4.770995636124425
75845357-d843-4036-841a-d2e6088b72ce,BTC,1605293064,5.884659978238291
beed12b3-f39a-43dc-bee6-721a89c0a937,USD,1605306951,-3.9156811788977786
ec22ff9f-6f33-4055-bc53-7ee7d8b51c05,ETH,1605317766,8.878574138211182
75845357-d843-4036-841a-d2e6088b72ce,EUR,1605336610,-5.83802404109099
78db312b-071d-41d4-8ed6-d46411f44aa4,EUR,1605345556,-6.294968687776321
a61e005c-af0a-4820-8cd1-8029218fb066,CAD,1605364261,-8.870433385419839
beed12b3-f39a-43dc-bee6-721a89c0a937,EUR,1605407768,-7.952477939211356
beed12b3-f39a-43dc-bee6-721a89c0a937,EUR,1605418226,-6.9559012133465
e64722ab-ac45-4631-80ac-c45da5ff8c01,USD,1605470445,-0.5758167197421749
cb1a5abb-9cf9-4e37-91ab-83d3959b1277,USD,1605475792,5.073944707688193
beed12b3-f39a-43dc-bee6-721a89c0a937,USD,1605479480,1.251576695276972
3063533e-d3d2-46ca-91f5-6168c95c9835,CAD,1605484581,0.7765003507531247
a61e005c-af0a-4820-8cd1-8029218fb066,USD,1605492111,-2.8359531076669136
cb1a5abb-9cf9-4e37-91ab-83d3959b1277,CAD,1605497083,4.533920256418098
e2b54159-2bf7-4b89-850b-9f1c680b6bbe,EUR,1605519053,-5.464250634557757
a61e005c-af0a-4820-8cd1-8029218fb066,EUR,1605526981,-3.0572954985936267
f41feb3a-a469-487a-bc9d-59a0dfd89c29,EUR,1605534301,8.401554986124264
3063533e-d3d2-46ca-91f5-6168c95c9835,EUR,1605550856,4.676278852602689
fe3b675f-21d2-4b79-b25f-45150d0e837a,USD,1605554912,-2.2291185274789305
7e26da7f-3fe1-4790-a9bf-147bf2a852ec,XPR,1605555726,1.659518110037972
a61e005c-af0a-4820-8cd1-8029218fb066,ETH,1605556848,-3.670347258243263
75845357-d843-4036-841a-d2e6088b72ce,XPR,1605559688,4.67305289904494
93becbec-6a43-428a-a1ce-6b096c956ca7,ETH,1605564719,-4.644347165485905
beed12b3-f39a-43dc-bee6-721a89c0a937,BTC,1605566962,-4.098743086284234
e2b54159-2bf7-4b89-850b-9f1c680b6bbe,ETH,1605570358,2.2219594781825975
3633f00d-bf93-44be-9ad2-4c7a0e1e5679,EUR,1605572142,1.2160548254861219
beed12b3-f39a-43dc-bee6-721a89c0a937,ETH,1605572441,1.8761372272286074
ec22ff9f-6f33-4055-bc53-7ee7d8b51c05,BAT,1605588781,-5.450810110281942
fe2f78e2-7054-4eba-ad62-6c2164a7e3e3,BTC,1605601681,-0.006315573943776798
27ad712a-9148-4b34-83ec-8bae3ea4cdbf,BAT,1605613262,0.32176330002426745
e2b54159-2bf7-4b89-850b-9f1c680b6bbe,ETH,1605623376,7.532923914406954
3caf1a3a-46cf-4c91-b352-9ea9f0c571ec,EUR,1605629147,-8.574513956941146
e2b54159-2bf7-4b89-850b-9f1c680b6bbe,USD,1605629345,-9.44564788460729
3063533e-d3d2-46ca-91f5-6168c95c9835,BTC,1605635368,-7.6382946808481815
a61e005c-af0a-4820-8cd1-8029218fb066,USD,1605637411,-7.886263869510437
a61e005c-af0a-4820-8cd1-8029218fb066,ETH,1605641710,3.9982819933366187
3063533e-d3d2-46ca-91f5-6168c95c9835,USD,1605642093,-5.02062460237946
ec22ff9f-6f33-4055-bc53-7ee7d8b51c05,EUR,1605648126,6.249562983783591
f41feb3a-a469-487a-bc9d-59a0dfd89c29,USD,1605661133,4.520914669997815
75845357-d843-4036-841a-d2e6088b72ce,BTC,1605666404,-0.9963169392644762
ec22ff9f-6f33-4055-bc53-7ee7d8b51c05,USD,1605680263,2.9028922842381206
fe3b675f-21d2-4b79-b25f-45150d0e837a,XPR,1605692845,9.655331667658547
ec22ff9f-6f33-4055-bc53-7ee7d8b51c05,EUR,1605703499,2.2558792986558274
93becbec-6a43-428a-a1ce-6b096c956ca7,BAT,1605709505,1.0481524728511715
93becbec-6a43-428a-a1ce-6b096c956ca7,ETH,1605715048,4.6168283211548555
6e7c8b3b-708e-4d1f-a58d-d904d91152d7,EUR,1605717225,-1.8174435095555275
e2b54159-2bf7-4b89-850b-9f1c680b6bbe,EUR,1605724621,-5.122159762613263
ec22ff9f-6f33-4055-bc53-7ee7d8b51c05,BTC,1605726430,-5.4079683639486404
e2b54159-2bf7-4b89-850b-9f1c680b6bbe,EUR,1605727017,-8.51954022281303
fe3b675f-21d2-4b79-b25f-45150d0e837a,ETH,1605735460,-1.8282903719267178
bdbeede3-8470-4baf-9f28-8f9e01b935d6,EUR,1605753687,-1.277321189062672
d94aed09-3f48-4b79-ae7d-a8f2cbf69501,EUR,1605756298,-4.084119768027605
6e7c8b3b-708e-4d1f-a58d-d904d91152d7,BAT,1605757826,-7.327071856962064
75845357-d843-4036-841a-d2e6088b72ce,ETH,1605762233,-5.415046615143357
e2b54159-2bf7-4b89-850b-9f1c680b6bbe,XPR,1605762787,6.234691877555477
3063533e-d3d2-46ca-91f5-6168c95c9835,BTC,1605783362,5.715344056745796
e2b54159-2bf7-4b89-850b-9f1c680b6bbe,XPR,1605788808,8.56683296391234
75845357-d843-4036-841a-d2e6088b72ce,BTC,1605795227,-2.6388376037660137
06864593-c803-470c-a6cc-acbbed53c0cb,USD,1605832472,-3.5283179095790658
3063533e-d3d2-46ca-91f5-6168c95c9835,USD,1605835594,2.703775882095595
8f08a9c5-0884-4bd2-8d00-d772d32654a1,ETH,1605835650,4.078201957495697
d94aed09-3f48-4b79-ae7d-a8f2cbf69501,USD,1605845518,-8.247063538404177
beed12b3-f39a-43dc-bee6-721a89c0a937,ETH,1605848537,-4.059847410559419
ec22ff9f-6f33-4055-bc53-7ee7d8b51c05,EUR,1605866066,5.055314807716423
f41feb3a-a469-487a-bc9d-59a0dfd89c29,BTC,1605869819,-2.7032330418630046
3063533e-d3d2-46ca-91f5-6168c95c9835,USD,1605870192,7.48655660058618
0615a717-29b9-4c76-826a-ece60a60f3ae,CAD,1605878507,9.129183271144296
75845357-d843-4036-841a-d2e6088b72ce,XPR,1605882273,5.50952961101004
f89443b9-1dfe-427e-b718-8846f977bf51,ETH,1605883374,4.776897954614778
a61e005c-af0a-4820-8cd1-8029218fb066,EUR,1605899642,1.6546325123699646
75845357-d843-4036-841a-d2e6088b72ce,BTC,1605903716,9.05570666818424
a75ecbba-3eb1-43a0-8c9a-863569911bc3,ETH,1605939916,-7.6106388900915505
f41feb3a-a469-487a-bc9d-59a0dfd89c29,CAD,1605947596,-1.6508331450924878
4b2f64c2-d6b2-421b-a6af-685573cd7f56,ETH,1605960947,7.7445246706916535
75845357-d843-4036-841a-d2e6088b72ce,EUR,1605973105,-8.833273090790287
93becbec-6a43-428a-a1ce-6b096c956ca7,BTC,1605992362,-3.147587505137368
9287b4ea-2911-45b2-8da7-cc3ca70cb118,ETH,1606019578,2.853639161100217
9287b4ea-2911-45b2-8da7-cc3ca70cb118,EUR,1606033979,-5.304518856340867
93becbec-6a43-428a-a1ce-6b096c956ca7,EUR,1606034551,-7.084086746979244
a61e005c-af0a-4820-8cd1-8029218fb066,XPR,1606036295,-5.731787106025179
93becbec-6a43-428a-a1ce-6b096c956ca7,EUR,1606038730,-3.1574855136003155
93becbec-6a43-428a-a1ce-6b096c956ca7,ETH,1606054843,4.661040202229707
beed12b3-f39a-43dc-bee6-721a89c0a937,BTC,1606058481,-8.553167870292317
3063533e-d3d2-46ca-91f5-6168c95c9835,XPR,1606093447,-5.15532637802973
ec22ff9f-6f33-4055-bc53-7ee7d8b51c05,EUR,1606109945,0.26862064907223804
78fec595-1f14-4e85-b295-e430a6ba7686,EUR,1606136313,-4.689404357698308
e2b54159-2bf7-4b89-850b-9f1c680b6bbe,ETH,1606176044,9.805368180830904
75845357-d843-4036-841a-d2e6088b72ce,EUR,1606180364,5.729777710596265
a61e005c-af0a-4820-8cd1-8029218fb066,USD,1606181207,4.453964985065941
3633f00d-bf93-44be-9ad2-4c7a0e1e5679,EUR,1606182822,-3.197515012694474
5dd16e20-7875-458f-bee4-29f27dd61bbd,BTC,1606191114,-7.208780810704381
fa3e5601-04c5-4918-9c31-0d02d5ed3431,ETH,1606191725,8.532443890461582
f1bc887e-df8c-4d6d-b633-a0432564e31a,XPR,1606192896,-1.9658295480505004
93becbec-6a43-428a-a1ce-6b096c956ca7,ETH,1606216610,-6.23813571724124
fe3b675f-21d2-4b79-b25f-45150d0e837a,BAT,1606219341,5.1021193071618125
fe3b675f-21d2-4b79-b25f-45150d0e837a,BTC,1606234994,-5.116351889016871
beed12b3-f39a-43dc-bee6-721a89c0a937,BTC,1606248405,6.008350009487216
a61e005c-af0a-4820-8cd1-8029218fb066,EUR,1606251943,-0.646503918018059
f41feb3a-a469-487a-bc9d-59a0dfd89c29,ETH,1606268051,-3.5750989075361677
d137f350-8287-42e4-99aa-cd56cb77aa8f,XPR,1606279178,1.6100799648036475
beed12b3-f39a-43dc-bee6-721a89c0a937,ETH,1606281353,-8.265496362745758
a02bd628-3dc5-46ba-98eb-42abbce82ad3,BTC,1606283665,2.152838152727343
a61e005c-af0a-4820-8cd1-8029218fb066,EUR,1606295869,5.328424938665702
38a23cc5-363b-43c7-ba39-5daa13ed4e2b,XPR,1606301666,-3.661059046476691
b61477de-b466-4b13-8a72-e80a721689ca,XPR,1606318906,5.539132795032188
fe3b675f-21d2-4b79-b25f-45150d0e837a,ETH,1606327274,-0.019131504001501654
a61e005c-af0a-4820-8cd1-8029218fb066,ETH,1606327810,7.611722469285077
6e7c8b3b-708e-4d1f-a58d-d904d91152d7,ETH,1606344035,-3.6182006521765793
f89443b9-1dfe-427e-b718-8846f977bf51,ETH,1606352944,1.804119966406061
ec22ff9f-6f33-4055-bc53-7ee7d8b51c05,EUR,1606373151,-5.623232636548366
38a23cc5-363b-43c7-ba39-5daa13ed4e2b,XPR,1606382195,-9.49783096260741
e2b54159-2bf7-4b89-850b-9f1c680b6bbe,USD,1606388347,-6.109103901820722
3063533e-d3d2-46ca-91f5-6168c95c9835,BAT,1606412488,-2.920823538984929
93becbec-6a43-428a-a1ce-6b096c956ca7,USD,1606414502,0.6413194950283962
197e14d9-700c-4d53-8b6e-f2c45d2bfac9,EUR,1606422719,2.050494954993532
ec22ff9f-6f33-4055-bc53-7ee7d8b51c05,EUR,1606429909,-2.5867506129662683
a02bd628-3dc5-46ba-98eb-42abbce82ad3,USD,1606440874,1.861064607787613
75845357-d843-4036-841a-d2e6088b72ce,ETH,1606442217,-3.5038181304683054
75845357-d843-4036-841a-d2e6088b72ce,USD,1606446381,3.4046656821239534
f89443b9-1dfe-427e-b718-8846f977bf51,USD,1606447612,9.86540840749812
4a6f2b89-07cb-4557-b821-5a8ea03d2f71,EUR,1606448713,4.61309780212677
4760ba51-fb20-47c1-8751-abd21264713a,CAD,1606460293,0.9360220718588348
3063533e-d3d2-46ca-91f5-6168c95c9835,BTC,1606460594,2.771887656272831
f41feb3a-a469-487a-bc9d-59a0dfd89c29,XPR,1606466410,-2.9113497564143564
f41feb3a-a469-487a-bc9d-59a0dfd89c29,ETH,1606473890,-8.709168840046015
4760ba51-fb20-47c1-8751-abd21264713a,USD,1606488381,-0.3795408470324819
beed12b3-f39a-43dc-bee6-721a89c0a937,USD,1606531845,-8.800914217150812
39b1b575-8789-45b1-bf90-16b30832ecc0,BTC,1606557760,-1.6233054873669772
93becbec-6a43-428a-a1ce-6b096c956ca7,CAD,1606572582,-6.645606386067233
a75ecbba-3eb1-43a0-8c9a-863569911bc3,BAT,1606590497,6.60808222233354
93becbec-6a43-428a-a1ce-6b096c956ca7,BTC,1606592824,-4.811440534662581
f41feb3a-a469-487a-bc9d-59a0dfd89c29,XPR,1606622151,5.114633831412366
f41feb3a-a469-487a-bc9d-59a0dfd89c29,BTC,1606651169,9.4211689213748
75845357-d843-4036-841a-d2e6088b72ce,EUR,1606659589,-8.668263184407955
f41feb3a-a469-487a-bc9d-59a0dfd89c29,ETH,1606661835,-7.877075876865076
beed12b3-f39a-43dc-bee6-721a89c0a937,BTC,1606674156,-3.000322706083793
4760ba51-fb20-47c1-8751-abd21264713a,ETH,1606689986,-3.8901963820646035
f1bc887e-df8c-4d6d-b633-a0432564e31a,USD,1606695065,-0.30859685562392514
cc19a596-79eb-4ae6-92a8-6f7ff846355a,BTC,1606698635,3.570172942094114
3063533e-d3d2-46ca-91f5-6168c95c9835,ETH,1606724359,-5.7705881321464485
9287b4ea-2911-45b2-8da7-cc3ca70cb118,BAT,1606728619,8.739155568796697
934357bf-b14a-4da8-8b0c-ed0c28540389,EUR,1606733697,3.374451149330289
d4dcb8fa-5698-4391-a79f-043adda8a220,USD,1606740980,9.119273416316489
a61e005c-af0a-4820-8cd1-8029218fb066,ETH,1606745494,-8.949286508588168
9287b4ea-2911-45b2-8da7-cc3ca70cb118,USD,1606760217,-1.6689791308742947
3063533e-d3d2-46ca-91f5-6168c95c9835,BTC,1606766838,-8.784854789868193
0640659b-bfbc-414c-8e89-4c316287a8dd,USD,1606770573,-4.568161389112073
0640659b-bfbc-414c-8e89-4c316287a8dd,EUR,1606770838,4.210663151737446
beed12b3-f39a-43dc-bee6-721a89c0a937,BTC,1606790999,-4.616866313543353
f41feb3a-a469-487a-bc9d-59a0dfd89c29,ETH,1606830974,-1.20913022542101
beed12b3-f39a-43dc-bee6-721a89c0a937,EUR,1606831036,1.377327625180346
044ebe23-2980-4172-aa8b-f59e48b07343,USD,1606832380,-6.403053508970795
ec22ff9f-6f33-4055-bc53-7ee7d8b51c05,USD,1606842798,0.6912146058393542
9287b4ea-2911-45b2-8da7-cc3ca70cb118,EUR,1606846187,-3.945203184954897
79b2b699-e758-48a8-bc3b-379fa77bb478,BTC,1606882396,0.1038883780252835
fe3b675f-21d2-4b79-b25f-45150d0e837a,ETH,1606886451,1.1817329967631078
75845357-d843-4036-841a-d2e6088b72ce,BTC,1606888612,-5.115223484279118
5d47c0f3-920d-49f5-b9b3-5afeca5ece24,CAD,1606897718,3.9331365618636323
ec22ff9f-6f33-4055-bc53-7ee7d8b51c05,XPR,1606910801,-5.681363312706235
75845357-d843-4036-841a-d2e6088b72ce,EUR,1606915888,-4.308414164490073
a61e005c-af0a-4820-8cd1-8029218fb066,ETH,1606916585,7.15485799416177
b61477de-b466-4b13-8a72-e80a721689ca,XPR,1606940912,-7.6723867279898395
a61e005c-af0a-4820-8cd1-8029218fb066,CAD,1606941547,0.6136023343318708
9287b4ea-2911-45b2-8da7-cc3ca70cb118,EUR,1606950927,7.987940828942502
e2b54159-2bf7-4b89-850b-9f1c680b6bbe,USD,1606953908,9.414115175287286
e2b54159-2bf7-4b89-850b-9f1c680b6bbe,ETH,1606968679,-1.7513876958613146
3063533e-d3d2-46ca-91f5-6168c95c9835,EUR,1606983102,-0.1957521751089164
3063533e-d3d2-46ca-91f5-6168c95c9835,ETH,1606984444,4.3120889193195
beed12b3-f39a-43dc-bee6-721a89c0a937,ETH,1606986155,-5.6187164292498455
93becbec-6a43-428a-a1ce-6b096c956ca7,ETH,1606986382,-4.864651482401115
75845357-d843-4036-841a-d2e6088b72ce,USD,1607006048,-3.6919994192894716
75845357-d843-4036-841a-d2e6088b72ce,EUR,1607014649,6.5769249020776
a61e005c-af0a-4820-8cd1-8029218fb066,ETH,1607018063,2.2051244062082596
e2b54159-2bf7-4b89-850b-9f1c680b6bbe,ETH,1607021282,3.3087719885401086
75845357-d843-4036-841a-d2e6088b72ce,BTC,1607028951,8.912999861773486
75845357-d843-4036-841a-d2e6088b72ce,EUR,1607033300,3.015105007075423
f41feb3a-a469-487a-bc9d-59a0dfd89c29,EUR,1607033420,-8.611987152181781
3063533e-d3d2-46ca-91f5-6168c95c9835,CAD,1607044811,6.77519720591118
beed12b3-f39a-43dc-bee6-721a89c0a937,BAT,1607060227,6.998228136373964
960aed32-ddad-4784-a770-74fc1ff0da8d,ETH,1607061678,-1.6618930847593223
3063533e-d3d2-46ca-91f5-6168c95c9835,ETH,1607072084,-5.524828454273489
a61e005c-af0a-4820-8cd1-8029218fb066,CAD,1607104152,-5.006940731125922
9287b4ea-2911-45b2-8da7-cc3ca70cb118,BTC,1607104479,2.6419876043512147
5e106318-4553-4462-b510-5438b6a329e5,EUR,1607116605,4.6272104057568875
ec22ff9f-6f33-4055-bc53-7ee7d8b51c05,ETH,1607153093,-3.844372508134988
e2b54159-2bf7-4b89-850b-9f1c680b6bbe,BTC,1607158549,8.775555938933483
ec22ff9f-6f33-4055-bc53-7ee7d8b51c05,BAT,1607158969,0.6618028675996346
75845357-d843-4036-841a-d2e6088b72ce,BTC,1607160592,-3.5086537629390175
beed12b3-f39a-43dc-bee6-721a89c0a937,ETH,1607162892,9.439428216327087
9287b4ea-2911-45b2-8da7-cc3ca70cb118,BAT,1607187440,-6.958632254413599
f41feb3a-a469-487a-bc9d-59a0dfd89c29,BTC,1607218076,1.3483169127900787
a61e005c-af0a-4820-8cd1-8029218fb066,BAT,1607246164,-4.315918005110753
fe3b675f-21d2-4b79-b25f-45150d0e837a,CAD,1607247647,-3.152357135999024
d1bfeb51-cf4e-43b4-af30-434bf70a7e5f,ETH,1607255998,-8.988927280165736
5fec4264-78eb-43ed-9c3d-33b6e58a8c3f,ETH,1607284116,7.495833224629454
a61e005c-af0a-4820-8cd1-8029218fb066,ETH,1607285454,-2.7819651301931803
78fec595-1f14-4e85-b295-e430a6ba7686,ETH,1607292361,9.841946720952205
034f584c-d4fd-4260-8611-c3423745f933,EUR,1607299974,2.805213983899918
ec22ff9f-6f33-4055-bc53-7ee7d8b51c05,BAT,1607328181,3.6136273446999745
e2b54159-2bf7-4b89-850b-9f1c680b6bbe,ETH,1607348516,7.3050501182649406
e2b54159-2bf7-4b89-850b-9f1c680b6bbe,EUR,1607385289,9.459797178656903
a61e005c-af0a-4820-8cd1-8029218fb066,EUR,1607388500,-6.266855627754701
9287b4ea-2911-45b2-8da7-cc3ca70cb118,ETH,1607410738,-1.3750017555528125
fe3b675f-21d2-4b79-b25f-45150d0e837a,USD,1607412252,5.630663334438523
f41feb3a-a469-487a-bc9d-59a0dfd89c29,USD,1607419445,-7.275673638365987
992286bf-16a1-43d3-a31d-642222d91603,EUR,1607430740,-3.2768258535243184
9287b4ea-2911-45b2-8da7-cc3ca70cb118,EUR,1607430745,-4.826709380055629
f41feb3a-a469-487a-bc9d-59a0dfd89c29,BTC,1607436028,-8.196198180167878
a61e005c-af0a-4820-8cd1-8029218fb066,ETH,1607439033,0.44120405242044214
a29da963-12ff-433b-9872-cf9533a3f170,USD,1607453749,-2.29048615778572
f41feb3a-a469-487a-bc9d-59a0dfd89c29,BTC,1607456141,-9.058354884114777
e2b54159-2bf7-4b89-850b-9f1c680b6bbe,XPR,1607457226,4.805333764547871
d137f350-8287-42e4-99aa-cd56cb77aa8f,EUR,1607465833,-5.220103410671824
e64722ab-ac45-4631-80ac-c45da5ff8c01,EUR,1607487678,-9.949915418802874
d1bfeb51-cf4e-43b4-af30-434bf70a7e5f,USD,1607498188,4.634358793826268
beed12b3-f39a-43dc-bee6-721a89c0a937,BTC,1607509383,2.7469701828872513
4832c931-325f-4bda-9926-9dfc310ccbad,ETH,1607538684,9.666462842455545
75845357-d843-4036-841a-d2e6088b72ce,ETH,1607574889,6.615246253250447
945d4c4d-4281-4ff9-a6fe-de9dfd858f72,USD,1607582850,1.9805851167267328
b61477de-b466-4b13-8a72-e80a721689ca,EUR,1607598769,9.092054146312776
a61e005c-af0a-4820-8cd1-8029218fb066,CAD,1607599550,0.42709980501028433
3063533e-d3d2-46ca-91f5-6168c95c9835,CAD,1607604939,8.530648974438463
f41feb3a-a469-487a-bc9d-59a0dfd89c29,BTC,1607630047,5.28100682620857
f89443b9-1dfe-427e-b718-8846f977bf51,CAD,1607636111,0.6499197197777846
f41feb3a-a469-487a-bc9d-59a0dfd89c29,EUR,1607648724,9.399208494149061
3063533e-d3d2-46ca-91f5-6168c95c9835,BAT,1607650567,-8.484094933478744
a02bd628-3dc5-46ba-98eb-42abbce82ad3,ETH,1607667567,4.3743178154857105
f41feb3a-a469-487a-bc9d-59a0dfd89c29,ETH,1607667804,-0.13520482693198232
a947e704-dbd7-430b-adf4-7039824b8d63,EUR,1607715615,8.700426589673498
75845357-d843-4036-841a-d2e6088b72ce,EUR,1607720438,-8.429454181400018
e2b54159-2bf7-4b89-850b-9f1c680b6bbe,BTC,1607723464,-7.39767843678165
fe3b675f-21d2-4b79-b25f-45150d0e837a,ETH,1607724363,-3.973815630767734
5d47c0f3-920d-49f5-b9b3-5afeca5ece24,USD,1607730619,7.759995825550789
f41feb3a-a469-487a-bc9d-59a0dfd89c29,ETH,1607733763,0.7149053990139116
9287b4ea-2911-45b2-8da7-cc3ca70cb118,ETH,1607768800,3.976256064715349
fe3b675f-21d2-4b79-b25f-45150d0e837a,ETH,1607788996,3.4512141970297794
beed12b3-f39a-43dc-bee6-721a89c0a937,USD,1607789189,-0.6028240829551468
3063533e-d3d2-46ca-91f5-6168c95c9835,USD,1607795723,1.794406483009709
7d6a9d9e-25b5-4ce1-b8bd-087f702725cc,BTC,1607800441,-6.168446833181833
e84d7bec-86b6-4f13-892c-1970e2d466bc,ETH,1607818704,-9.613976394743876
75845357-d843-4036-841a-d2e6088b72ce,ETH,1607846063,0.16058615846519864
75845357-d843-4036-841a-d2e6088b72ce,BTC,1607860843,-7.038617473944882
8f08a9c5-0884-4bd2-8d00-d772d32654a1,BAT,1607861429,8.324881740269902
75845357-d843-4036-841a-d2e6088b72ce,EUR,1607869455,6.077688762617111
93becbec-6a43-428a-a1ce-6b096c956ca7,BTC,1607877587,1.724939626871267
9287b4ea-2911-45b2-8da7-cc3ca70cb118,USD,1607902625,-2.7239044626317526
75845357-d843-4036-841a-d2e6088b72ce,ETH,1607916454,-2.132288030797957
75845357-d843-4036-841a-d2e6088b72ce,EUR,1607922507,-2.7489675167404704
fe3b675f-21d2-4b79-b25f-45150d0e837a,ETH,1607940953,-0.7944491957899942
9b889da5-cd5e-4fea-9680-e4aef39193ad,USD,1607941609,-6.832522268133991
9287b4ea-2911-45b2-8da7-cc3ca70cb118,ETH,1607947385,2.6676127166925934
f41feb3a-a469-487a-bc9d-59a0dfd89c29,USD,1607949148,7.500806055553401
e2b54159-2bf7-4b89-850b-9f1c680b6bbe,BTC,1607956735,-6.357383162874932
f41feb3a-a469-487a-bc9d-59a0dfd89c29,USD,1607960703,9.827388334516783
a02bd628-3dc5-46ba-98eb-42abbce82ad3,USD,1607972892,-1.8391558891116837
ec22ff9f-6f33-4055-bc53-7ee7d8b51c05,XPR,1607980091,1.7555398829143893
9287b4ea-2911-45b2-8da7-cc3ca70cb118,BTC,1607997465,-1.998461461020094
75845357-d843-4036-841a-d2e6088b72ce,XPR,1608001238,-9.955720840400705
79b2b699-e758-48a8-bc3b-379fa77bb478,USD,1608046883,4.7508555572761
79b2b699-e758-48a8-bc3b-379fa77bb478,ETH,1608048760,5.051394205841653
d83f6123-2f33-402e-9fb1-25a96c6d19f5,ETH,1608054816,9.882110179392814
06864593-c803-470c-a6cc-acbbed53c0cb,EUR,1608068448,-9.14757325355571
beed12b3-f39a-43dc-bee6-721a89c0a937,USD,1608073487,0.47164027446299883
259c4a32-9c8f-474a-9f8b-3a9ded89e9b3,ETH,1608079105,4.879816005280542
9287b4ea-2911-45b2-8da7-cc3ca70cb118,EUR,1608123905,2.2633383069050517
93becbec-6a43-428a-a1ce-6b096c956ca7,EUR,1608137483,2.1230445968619165
3633f00d-bf93-44be-9ad2-4c7a0e1e5679,BTC,1608143600,9.436503528729567
93becbec-6a43-428a-a1ce-6b096c956ca7,ETH,1608145954,-6.3417412851130095
9287b4ea-2911-45b2-8da7-cc3ca70cb118,BAT,1608160168,-1.718796344845643
75845357-d843-4036-841a-d2e6088b72ce,BTC,1608164766,-6.026096208011966
ec22ff9f-6f33-4055-bc53-7ee7d8b51c05,BTC,1608176792,2.566582017046592
259c4a32-9c8f-474a-9f8b-3a9ded89e9b3,BAT,1608178111,2.9222882412032583
a61e005c-af0a-4820-8cd1-8029218fb066,BTC,1608183221,-2.250784061224702
e2b54159-2bf7-4b89-850b-9f1c680b6bbe,EUR,1608191807,-7.548878503332482
9287b4ea-2911-45b2-8da7-cc3ca70cb118,EUR,1608196219,2.319394152226815
93becbec-6a43-428a-a1ce-6b096c956ca7,ETH,1608219518,8.090411867464017
e2b54159-2bf7-4b89-850b-9f1c680b6bbe,EUR,1608220122,7.030149915148957
3063533e-d3d2-46ca-91f5-6168c95c9835,ETH,1608236238,-2.591565919372627
93becbec-6a43-428a-a1ce-6b096c956ca7,BTC,1608240822,1.1919984916470092
1c624660-7fbd-43a5-b791-c997b810db49,EUR,1608263393,-0.5263882794753378
d94aed09-3f48-4b79-ae7d-a8f2cbf69501,BTC,1608270754,-6.771038631013752
93becbec-6a43-428a-a1ce-6b096c956ca7,USD,1608275232,-8.335308521227995
e2b54159-2bf7-4b89-850b-9f1c680b6bbe,EUR,1608279086,-0.7202462557901761
ec22ff9f-6f33-4055-bc53-7ee7d8b51c05,XPR,1608284256,-5.783727497745765
7e26da7f-3fe1-4790-a9bf-147bf2a852ec,BTC,1608299528,3.7044970142882754
e64722ab-ac45-4631-80ac-c45da5ff8c01,EUR,1608301167,5.772906289249004
93becbec-6a43-428a-a1ce-6b096c956ca7,BTC,1608309445,9.180986734905055
75845357-d843-4036-841a-d2e6088b72ce,EUR,1608320204,-6.61316682946641
9287b4ea-2911-45b2-8da7-cc3ca70cb118,EUR,1608358043,-7.9109417930506565
fe3b675f-21d2-4b79-b25f-45150d0e837a,EUR,1608359787,-6.324438704617759
e3b2edbd-dff0-40c2-bfa2-20dfa632954e,ETH,1608389817,-4.153410797039907
f2bd38cb-310b-457e-8cb1-c8b5bb589288,USD,1608405320,2.721738986846969
987eae8b-a10b-4a88-a437-37a982f5acb5,USD,1608412962,5.766951664876574
f41feb3a-a469-487a-bc9d-59a0dfd89c29,USD,1608419212,-1.773323047803693
93becbec-6a43-428a-a1ce-6b096c956ca7,BTC,1608432722,-7.664482517508498
ec22ff9f-6f33-4055-bc53-7ee7d8b51c05,EUR,1608439115,2.2893772726489914
3633f00d-bf93-44be-9ad2-4c7a0e1e5679,USD,1608440610,5.469146857589244
7c615c0c-a984-410a-bbe4-7f9b06d717f8,ETH,1608443089,2.0952824438883937
3063533e-d3d2-46ca-91f5-6168c95c9835,EUR,1608447321,6.72730737540973
fa3e5601-04c5-4918-9c31-0d02d5ed3431,EUR,1608463753,8.565358289948858
259c4a32-9c8f-474a-9f8b-3a9ded89e9b3,USD,1608466625,8.354075564635966
beed12b3-f39a-43dc-bee6-721a89c0a937,USD,1608481221,-2.085513321772199
e64722ab-ac45-4631-80ac-c45da5ff8c01,USD,1608484456,6.3602973585872
f41feb3a-a469-487a-bc9d-59a0dfd89c29,EUR,1608485345,2.556314448055799
68b37b28-d244-45ab-94c4-21f57bb55a62,USD,1608488064,-8.018877396487774
9287b4ea-2911-45b2-8da7-cc3ca70cb118,ETH,1608490379,-2.5846688654953365
9287b4ea-2911-45b2-8da7-cc3ca70cb118,BTC,1608506636,0.6745948078070256
ab77e7b3-19cf-4680-a47f-28b90448335c,EUR,1608512603,3.463369684947441
197e14d9-700c-4d53-8b6e-f2c45d2bfac9,USD,1608519299,-2.383331845940056
9287b4ea-2911-45b2-8da7-cc3ca70cb118,USD,1608534774,-5.795012142227889
5b1caf3b-c40b-419f-b819-86b258ae3a18,ETH,1608539931,-6.3035967589513175
f8259c81-0d30-436b-bb3e-156cc731e641,BTC,1608549308,9.238351688019733
3063533e-d3d2-46ca-91f5-6168c95c9835,EUR,1608553007,2.468565678627602
fe3b675f-21d2-4b79-b25f-45150d0e837a,BTC,1608572071,2.9059200237364085
75845357-d843-4036-841a-d2e6088b72ce,EUR,1608573482,4.243445043456722
9287b4ea-2911-45b2-8da7-cc3ca70cb118,EUR,1608588284,-8.472885778053787
9287b4ea-2911-45b2-8da7-cc3ca70cb118,ETH,1608591101,-6.9886019997265425
a61e005c-af0a-4820-8cd1-8029218fb066,ETH,1608594497,9.856692504886727
960aed32-ddad-4784-a770-74fc1ff0da8d,EUR,1608595811,7.591837363393342
beed12b3-f39a-43dc-bee6-721a89c0a937,BAT,1608599675,6.727481900750789
f41feb3a-a469-487a-bc9d-59a0dfd89c29,EUR,1608617415,-1.2357756591743385
beed12b3-f39a-43dc-bee6-721a89c0a937,BTC,1608617830,-7.548641397394924
93becbec-6a43-428a-a1ce-6b096c956ca7,BTC,1608621676,5.262114456950162
75845357-d843-4036-841a-d2e6088b72ce,ETH,1608630130,9.49543944687333
beed12b3-f39a-43dc-bee6-721a89c0a937,BTC,1608635075,-7.5294310157572175
a61e005c-af0a-4820-8cd1-8029218fb066,USD,1608643601,5.318893795146007
e2b54159-2bf7-4b89-850b-9f1c680b6bbe,ETH,1608655630,4.755946996790632
a61e005c-af0a-4820-8cd1-8029218fb066,USD,1608662767,-5.9539485666633984
6e7c8b3b-708e-4d1f-a58d-d904d91152d7,ETH,1608670401,3.05027754307185
ec22ff9f-6f33-4055-bc53-7ee7d8b51c05,USD,1608674878,-3.12804057775228
fe3b675f-21d2-4b79-b25f-45150d0e837a,ETH,1608689699,-0.8575614632254727
f8259c81-0d30-436b-bb3e-156cc731e641,EUR,1608692488,-3.282969027809049
5b8e58a5-9b9f-4f1b-969f-21dbee72f0bb,EUR,1608697802,6.768516712587115
75845357-d843-4036-841a-d2e6088b72ce,USD,1608704669,-1.182437803715663
93becbec-6a43-428a-a1ce-6b096c956ca7,ETH,1608707213,-3.1766309559924526
3063533e-d3d2-46ca-91f5-6168c95c9835,ETH,1608713984,-7.52033900267588
0640659b-bfbc-414c-8e89-4c316287a8dd,USD,1608726919,-5.967492871785334
3063533e-d3d2-46ca-91f5-6168c95c9835,EUR,1608758110,3.8916885050166368
93becbec-6a43-428a-a1ce-6b096c956ca7,ETH,1608762278,-8.357584413216902
ec22ff9f-6f33-4055-bc53-7ee7d8b51c05,BAT,1608766506,3.4693156467374475
3063533e-d3d2-46ca-91f5-6168c95c9835,ETH,1608770896,-3.8959508257412656
cb1a5abb-9cf9-4e37-91ab-83d3959b1277,BTC,1608779125,-8.202528438731198
3063533e-d3d2-46ca-91f5-6168c95c9835,XPR,1608782775,-8.382521982884853
f89443b9-1dfe-427e-b718-8846f977bf51,USD,1608783522,8.216189195396357
464298b8-8b92-463e-949b-3ba65c3b58c6,BTC,1608802904,0.5517140562853147
f1bc887e-df8c-4d6d-b633-a0432564e31a,BTC,1608804040,9.704747657361157
9287b4ea-2911-45b2-8da7-cc3ca70cb118,EUR,1608812026,7.154994792903555
e2b54159-2bf7-4b89-850b-9f1c680b6bbe,ETH,1608819566,3.5701567430309122
3063533e-d3d2-46ca-91f5-6168c95c9835,BTC,1608824638,-6.563542221548213
a61e005c-af0a-4820-8cd1-8029218fb066,BTC,1608845991,-8.418234923063892
beed12b3-f39a-43dc-bee6-721a89c0a937,BTC,1608869895,-4.832741434867538
9287b4ea-2911-45b2-8da7-cc3ca70cb118,BTC,1608870536,7.844422777506448
5dd16e20-7875-458f-bee4-29f27dd61bbd,BTC,1608872103,9.028278806006579
cc19a596-79eb-4ae6-92a8-6f7ff846355a,BTC,1608892424,7.008588187178255
5b1caf3b-c40b-419f-b819-86b258ae3a18,EUR,1608931059,4.780896591913006
75845357-d843-4036-841a-d2e6088b72ce,BAT,1608942860,-4.260540599388902
3063533e-d3d2-46ca-91f5-6168c95c9835,USD,1608948541,5.257610078032737
93becbec-6a43-428a-a1ce-6b096c956ca7,USD,1608955142,2.2167652099073205
3063533e-d3d2-46ca-91f5-6168c95c9835,ETH,1608962023,2.16992029584479
ab77e7b3-19cf-4680-a47f-28b90448335c,ETH,1608991524,5.9515795235486895
75845357-d843-4036-841a-d2e6088b72ce,USD,1609002573,-9.343366691922617
3063533e-d3d2-46ca-91f5-6168c95c9835,USD,1609009336,-4.445452271186978
a61e005c-af0a-4820-8cd1-8029218fb066,BTC,1609017619,-6.326136756317
fe3b675f-21d2-4b79-b25f-45150d0e837a,USD,1609055747,-0.3715112803760974
3063533e-d3d2-46ca-91f5-6168c95c9835,EUR,1609076269,-3.8564986005646613
934357bf-b14a-4da8-8b0c-ed0c28540389,EUR,1609079724,-5.1146364308542065
b61477de-b466-4b13-8a72-e80a721689ca,ETH,1609091601,-4.298132828407093
e2b54159-2bf7-4b89-850b-9f1c680b6bbe,ETH,1609096265,7.8003701016767515
9287b4ea-2911-45b2-8da7-cc3ca70cb118,USD,1609103913,-3.3546320557108515
93becbec-6a43-428a-a1ce-6b096c956ca7,USD,1609104603,-1.7184660775835034
5a623012-bb14-4bc5-977a-8d57033a1342,USD,1609116373,3.1961166058238533
8f08a9c5-0884-4bd2-8d00-d772d32654a1,CAD,1609117879,2.4312883347532317
f41feb3a-a469-487a-bc9d-59a0dfd89c29,ETH,1609140697,5.474951288366665
93becbec-6a43-428a-a1ce-6b096c956ca7,EUR,1609145238,-6.115187880282312
259c4a32-9c8f-474a-9f8b-3a9ded89e9b3,EUR,1609145726,-7.498445045840024
f41feb3a-a469-487a-bc9d-59a0dfd89c29,ETH,1609148007,5.512578945244137
9b889da5-cd5e-4fea-9680-e4aef39193ad,ETH,1609165915,-6.66991765844293
93becbec-6a43-428a-a1ce-6b096c956ca7,BAT,1609168419,-8.30382352265643
9287b4ea-2911-45b2-8da7-cc3ca70cb118,CAD,1609193607,-0.8091795095866932
3063533e-d3d2-46ca-91f5-6168c95c9835,CAD,1609218693,-3.4452470147734164
e2b54159-2bf7-4b89-850b-9f1c680b6bbe,BTC,1609218914,-1.184115250812754
9287b4ea-2911-45b2-8da7-cc3ca70cb118,USD,1609225703,0.5710453454650217
e84d7bec-86b6-4f13-892c-1970e2d466bc,BTC,1609228058,0.7091821351132523
7e26da7f-3fe1-4790-a9bf-147bf2a852ec,BTC,1609234381,7.943671227993857
c12908fd-8688-4926-8453-c480b5ecb48a,USD,1609269014,-2.096865164445701
3063533e-d3d2-46ca-91f5-6168c95c9835,ETH,1609278560,-3.875909389037087
beed12b3-f39a-43dc-bee6-721a89c0a937,BTC,1609305473,-7.617153352446897
a61e005c-af0a-4820-8cd1-8029218fb066,BAT,1609314859,7.0313551723891905
93becbec-6a43-428a-a1ce-6b096c956ca7,USD,1609316008,-2.6409321346233376
e2b54159-2bf7-4b89-850b-9f1c680b6bbe,EUR,1609325622,3.5432064224396207
fe3b675f-21d2-4b79-b25f-45150d0e837a,BTC,1609333307,-5.939887465097788
38a23cc5-363b-43c7-ba39-5daa13ed4e2b,USD,1609346806,8.721091376562512
ec22ff9f-6f33-4055-bc53-7ee7d8b51c05,USD,1609358498,0.8264237419711975
6e7c8b3b-708e-4d1f-a58d-d904d91152d7,EUR,1609366057,-7.6141530710497545
9287b4ea-2911-45b2-8da7-cc3ca70cb118,BTC,1609368619,-3.6832752676403446
25382ae7-1c6c-4b32-a120-7717c6f4080a,ETH,1609371054,9.434520291134376
335809b4-e5f6-4eeb-872d-539052a9546d,BAT,1609390084,-5.673812239303723
e2b54159-2bf7-4b89-850b-9f1c680b6bbe,USD,1609393763,-7.507625579152393
e2b54159-2bf7-4b89-850b-9f1c680b6bbe,USD,1609405896,-5.327492256661559
93becbec-6a43-428a-a1ce-6b096c956ca7,BTC,1609422231,-5.34825569526697
01f5b699-535e-415c-af84-446e5c00385e,EUR,1609429248,0.7348219907863651
beed12b3-f39a-43dc-bee6-721a89c0a937,EUR,1609433728,7.444390648335396
78db312b-071d-41d4-8ed6-d46411f44aa4,EUR,1609438627,-0.21841424358156303
93becbec-6a43-428a-a1ce-6b096c956ca7,USD,1609441966,7.5185535623984165
f2bd38cb-310b-457e-8cb1-c8b5bb589288,BTC,1609448837,-5.970085274785173
9287b4ea-2911-45b2-8da7-cc3ca70cb118,XPR,1609457269,0.2585927376455839
a61e005c-af0a-4820-8cd1-8029218fb066,EUR,1609463317,-9.16282913203503
beed12b3-f39a-43dc-bee6-721a89c0a937,XPR,1609463919,-5.023519452310577
75845357-d843-4036-841a-d2e6088b72ce,USD,1609481200,-3.6568439013692844
fe3b675f-21d2-4b79-b25f-45150d0e837a,BAT,1609484232,-6.598850854614515
beed12b3-f39a-43dc-bee6-721a89c0a937,EUR,1609491751,-9.363393264867474
ec22ff9f-6f33-4055-bc53-7ee7d8b51c05,BTC,1609503275,-6.328238652279752
93becbec-6a43-428a-a1ce-6b096c956ca7,BTC,1609531496,9.806192912020169
5dd16e20-7875-458f-bee4-29f27dd61bbd,ETH,1609550392,-1.8464835449326351
93becbec-6a43-428a-a1ce-6b096c956ca7,BTC,1609554601,-8.481721505222357
75845357-d843-4036-841a-d2e6088b72ce,USD,1609570526,2.379797029436734
a61e005c-af0a-4820-8cd1-8029218fb066,BTC,1609579273,6.176365138492464
f41feb3a-a469-487a-bc9d-59a0dfd89c29,BTC,1609588396,-2.5493837959920356
3063533e-d3d2-46ca-91f5-6168c95c9835,BTC,1609656326,5.837135455401265
414e4248-1b1e-4a8e-af48-e65d6c6eef6b,USD,1609662983,-4.353002463836724
f41feb3a-a469-487a-bc9d-59a0dfd89c29,ETH,1609663951,1.3258384460687402
7c615c0c-a984-410a-bbe4-7f9b06d717f8,EUR,1609665490,-8.137447832279198
f41feb3a-a469-487a-bc9d-59a0dfd89c29,ETH,1609685633,9.425099937430119
ec22ff9f-6f33-4055-bc53-7ee7d8b51c05,BTC,1609689525,-3.1513654991960927
a61e005c-af0a-4820-8cd1-8029218fb066,BTC,1609689806,3.1863805810231582
9287b4ea-2911-45b2-8da7-cc3ca70cb118,EUR,1609696611,-5.522791789050947
f30a7fba-468c-4b04-aac4-8cf836652573,BTC,1609704191,-3.3883029357787064
0615a717-29b9-4c76-826a-ece60a60f3ae,EUR,1609705644,5.197841459343344
3063533e-d3d2-46ca-91f5-6168c95c9835,USD,1609709409,-6.691946820154362
78db312b-071d-41d4-8ed6-d46411f44aa4,XPR,1609711101,6.044699277446213
9287b4ea-2911-45b2-8da7-cc3ca70cb118,ETH,1609719186,-0.7855986423634569
ec22ff9f-6f33-4055-bc53-7ee7d8b51c05,BTC,1609726082,6.542136744369923
ec22ff9f-6f33-4055-bc53-7ee7d8b51c05,BAT,1609727371,6.394684479033113
06864593-c803-470c-a6cc-acbbed53c0cb,BTC,1609733913,-3.5397227810092824
a61e005c-af0a-4820-8cd1-8029218fb066,ETH,1609736675,2.294699882167034
992286bf-16a1-43d3-a31d-642222d91603,USD,1609755067,-7.84672888528442
a61e005c-af0a-4820-8cd1-8029218fb066,USD,1609812763,0.8100307655636225
3063533e-d3d2-46ca-91f5-6168c95c9835,BTC,1609828710,-9.413017408614134
ec22ff9f-6f33-4055-bc53-7ee7d8b51c05,BTC,1609828746,4.079948317775518
e2b54159-2bf7-4b89-850b-9f1c680b6bbe,XPR,1609849784,-1.2044704754927302
27ad712a-9148-4b34-83ec-8bae3ea4cdbf,BTC,1609869310,1.0959254243210097
78db312b-071d-41d4-8ed6-d46411f44aa4,ETH,1609884693,-0.8268202933468416
5b8e58a5-9b9f-4f1b-969f-21dbee72f0bb,BTC,1609892563,-0.45914949087205414
75845357-d843-4036-841a-d2e6088b72ce,USD,1609895014,-9.964404512945906
9287b4ea-2911-45b2-8da7-cc3ca70cb118,USD,1609899770,-0.5903249269454207
93becbec-6a43-428a-a1ce-6b096c956ca7,XPR,1609904835,-3.116338940359822
a61e005c-af0a-4820-8cd1-8029218fb066,XPR,1609906370,-7.084137381572981
38a23cc5-363b-43c7-ba39-5daa13ed4e2b,BTC,1609908567,6.765882543834401
f30a7fba-468c-4b04-aac4-8cf836652573,EUR,1609909474,2.013871659295784
a61e005c-af0a-4820-8cd1-8029218fb066,EUR,1609922643,7.84232371480709
a61e005c-af0a-4820-8cd1-8029218fb066,EUR,1609940091,-8.016075157538483
e2b54159-2bf7-4b89-850b-9f1c680b6bbe,USD,1609976359,-5.247986876716073
e2b54159-2bf7-4b89-850b-9f1c680b6bbe,BTC,1609979792,-5.923308553319908
a61e005c-af0a-4820-8cd1-8029218fb066,USD,1609989416,-5.381666535763316
4a6f2b89-07cb-4557-b821-5a8ea03d2f71,BTC,1609994084,-9.522622192126214
3063533e-d3d2-46ca-91f5-6168c95c9835,ETH,1610014540,-9.317716298841086
fe3b675f-21d2-4b79-b25f-45150d0e837a,EUR,1610016663,-2.175570061921823
f41feb3a-a469-487a-bc9d-59a0dfd89c29,USD,1610020264,-7.944021563242149
75845357-d843-4036-841a-d2e6088b72ce,EUR,1610022250,-2.3754874838773476
197e14d9-700c-4d53-8b6e-f2c45d2bfac9,ETH,1610042428,-4.448177679287291
fe3b675f-21d2-4b79-b25f-45150d0e837a,EUR,1610073816,-4.050876989325129
ec22ff9f-6f33-4055-bc53-7ee7d8b51c05,EUR,1610077291,-3.3001654101897326
3633f00d-bf93-44be-9ad2-4c7a0e1e5679,ETH,1610079105,-5.262165214212462
f41feb3a-a469-487a-bc9d-59a0dfd89c29,BTC,1610087634,6.057840795030195
3063533e-d3d2-46ca-91f5-6168c95c9835,ETH,1610103000,7.569339098123503
9287b4ea-2911-45b2-8da7-cc3ca70cb118,BTC,1610105025,8.391318881394273
e2b54159-2bf7-4b89-850b-9f1c680b6bbe,ETH,1610109477,-6.545306194572483
8f08a9c5-0884-4bd2-8d00-d772d32654a1,USD,1610116040,-7.379109262740435
a61e005c-af0a-4820-8cd1-8029218fb066,EUR,1610121511,4.023503719876796
9287b4ea-2911-45b2-8da7-cc3ca70cb118,USD,1610127621,0.998186357498005
f41feb3a-a469-487a-bc9d-59a0dfd89c29,EUR,1610140419,-2.8377887074746404
e2b54159-2bf7-4b89-850b-9f1c680b6bbe,BTC,1610140893,3.825851322095833
beed12b3-f39a-43dc-bee6-721a89c0a937,EUR,1610155437,3.026523336979121
9287b4ea-2911-45b2-8da7-cc3ca70cb118,ETH,1610163942,-5.094074349475082
a61e005c-af0a-4820-8cd1-8029218fb066,EUR,1610170044,2.8708302813263913
e2b54159-2bf7-4b89-850b-9f1c680b6bbe,BAT,1610176410,-5.672964503297933
0615a717-29b9-4c76-826a-ece60a60f3ae,ETH,1610195390,-0.5407098007974227
f41feb3a-a469-487a-bc9d-59a0dfd89c29,BTC,1610203483,-3.11249947851433
beed12b3-f39a-43dc-bee6-721a89c0a937,USD,1610205150,-2.5850648717983304
fe3b675f-21d2-4b79-b25f-45150d0e837a,ETH,1610219647,-1.1246462976674199
e2b54159-2bf7-4b89-850b-9f1c680b6bbe,USD,1610223375,-2.7681894786510934
f1bc887e-df8c-4d6d-b633-a0432564e31a,EUR,1610228996,3.3662543870750046
e2b54159-2bf7-4b89-850b-9f1c680b6bbe,USD,1610238033,-3.219666116778958
9287b4ea-2911-45b2-8da7-cc3ca70cb118,ETH,1610243488,-7.022830047777435
beed12b3-f39a-43dc-bee6-721a89c0a937,ETH,1610269216,7.675873722792627
f41feb3a-a469-487a-bc9d-59a0dfd89c29,USD,1610283844,8.194175824311408
93becbec-6a43-428a-a1ce-6b096c956ca7,EUR,1610325653,8.255469301484947
034f584c-d4fd-4260-8611-c3423745f933,USD,1610349629,6.2455184826133525
ec22ff9f-6f33-4055-bc53-7ee7d8b51c05,BTC,1610391562,3.4341758636790622
a02bd628-3dc5-46ba-98eb-42abbce82ad3,CAD,1610411548,5.8439817652387145
93becbec-6a43-428a-a1ce-6b096c956ca7,EUR,1610418753,-5.59448420631639
b61477de-b466-4b13-8a72-e80a721689ca,ETH,1610441584,-1.397609824364455
a61e005c-af0a-4820-8cd1-8029218fb066,BTC,1610443807,-6.27823788933738
51caadde-8903-4316-8c98-507aedfe306a,EUR,1610480019,8.479677639718581
1c624660-7fbd-43a5-b791-c997b810db49,USD,1610518741,7.84162997992421
4b2f64c2-d6b2-421b-a6af-685573cd7f56,ETH,1610520656,-8.971446370790408
ec22ff9f-6f33-4055-bc53-7ee7d8b51c05,CAD,1610542882,-6.780119235130211
e2b54159-2bf7-4b89-850b-9f1c680b6bbe,BTC,1610552068,6.604718722338323
b61477de-b466-4b13-8a72-e80a721689ca,EUR,1610553912,0.6014877446332498
93becbec-6a43-428a-a1ce-6b096c956ca7,XPR,1610557082,2.1622927207487344
934357bf-b14a-4da8-8b0c-ed0c28540389,EUR,1610558024,-6.0678397203880134
4832c931-325f-4bda-9926-9dfc310ccbad,EUR,1610559732,9.678186854180478
9287b4ea-2911-45b2-8da7-cc3ca70cb118,BTC,1610570488,-8.949098088953324
c12908fd-8688-4926-8453-c480b5ecb48a,EUR,1610598874,6.365698364391111
beed12b3-f39a-43dc-bee6-721a89c0a937,USD,1610601874,-2.4175479353247775
f1010a49-5aa3-477c-bb16-4d5aebb637c0,ETH,1610606934,-8.619781885380355
d858e131-0a18-45b3-92a5-77467ce513a5,EUR,1610612760,7.012832262749718
fe3b675f-21d2-4b79-b25f-45150d0e837a,ETH,1610618884,-8.148028222120445
a61e005c-af0a-4820-8cd1-8029218fb066,USD,1610622965,1.8325463832820503
c5cefec7-2341-4c3e-bee1-cb30fee93bd8,USD,1610626054,-6.44268955254171
75845357-d843-4036-841a-d2e6088b72ce,EUR,1610626392,2.920103534213043
fe3b675f-21d2-4b79-b25f-45150d0e837a,ETH,1610633254,-5.4995940184777
5b1caf3b-c40b-419f-b819-86b258ae3a18,ETH,1610633560,8.156645058738988
960aed32-ddad-4784-a770-74fc1ff0da8d,BTC,1610637774,-5.1006117624425995
ec22ff9f-6f33-4055-bc53-7ee7d8b51c05,USD,1610677366,5.537545477178959
3063533e-d3d2-46ca-91f5-6168c95c9835,EUR,1610705164,2.771609236135589
ec22ff9f-6f33-4055-bc53-7ee7d8b51c05,ETH,1610725629,-9.624712059523501
a29da963-12ff-433b-9872-cf9533a3f170,CAD,1610737131,8.104549048994315
3063533e-d3d2-46ca-91f5-6168c95c9835,USD,1610767636,3.552040804594519
93becbec-6a43-428a-a1ce-6b096c956ca7,USD,1610772162,-2.6632822289291136
38a23cc5-363b-43c7-ba39-5daa13ed4e2b,BTC,1610783388,3.4232086657887972
044ebe23-2980-4172-aa8b-f59e48b07343,USD,1610814245,-5.68224443684223
f41feb3a-a469-487a-bc9d-59a0dfd89c29,USD,1610817143,-0.7163589722479298
a75ecbba-3eb1-43a0-8c9a-863569911bc3,ETH,1610817864,-1.0136492058533477
9287b4ea-2911-45b2-8da7-cc3ca70cb118,BTC,1610827236,-9.795625496292747
f89443b9-1dfe-427e-b718-8846f977bf51,BTC,1610832083,8.80385384663046
9287b4ea-2911-45b2-8da7-cc3ca70cb118,BTC,1610878272,2.8442538461360236
f41feb3a-a469-487a-bc9d-59a0dfd89c29,EUR,1610881622,1.2765396212710751
9287b4ea-2911-45b2-8da7-cc3ca70cb118,BTC,1610888372,0.6373400519051096
beed12b3-f39a-43dc-bee6-721a89c0a937,ETH,1610890654,3.08014797547054
ec22ff9f-6f33-4055-bc53-7ee7d8b51c05,XPR,1610892746,3.7434229536946173
f41feb3a-a469-487a-bc9d-59a0dfd89c29,USD,1610922404,2.843858475814889
beed12b3-f39a-43dc-bee6-721a89c0a937,BTC,1610938120,-6.2217757905806454
beed12b3-f39a-43dc-bee6-721a89c0a937,BTC,1610946093,5.4011034561619695
f41feb3a-a469-487a-bc9d-59a0dfd89c29,USD,1610955346,-1.125995998234412
75845357-d843-4036-841a-d2e6088b72ce,ETH,1610957653,-1.6010827615060048
9287b4ea-2911-45b2-8da7-cc3ca70cb118,USD,1610962385,-2.705672593172988
d4dcb8fa-5698-4391-a79f-043adda8a220,ETH,1610965820,-1.432985892604492
93becbec-6a43-428a-a1ce-6b096c956ca7,CAD,1610967398,6.662554365233024
a947e704-dbd7-430b-adf4-7039824b8d63,BTC,1610983389,8.653621912359853
5b1caf3b-c40b-419f-b819-86b258ae3a18,EUR,1610985303,-7.608323928558216
beed12b3-f39a-43dc-bee6-721a89c0a937,USD,1610988469,-3.3648373155459588
f89443b9-1dfe-427e-b718-8846f977bf51,EUR,1610989333,-9.06557552410101
f41feb3a-a469-487a-bc9d-59a0dfd89c29,ETH,1611004152,6.003079723757825
ec22ff9f-6f33-4055-bc53-7ee7d8b51c05,USD,1611009117,3.383177008129783
3063533e-d3d2-46ca-91f5-6168c95c9835,ETH,1611010937,-0.7249141047371577
044ebe23-2980-4172-aa8b-f59e48b07343,BAT,1611020285,-5.866327098329083
93becbec-6a43-428a-a1ce-6b096c956ca7,ETH,1611026882,-1.81857330236409
93becbec-6a43-428a-a1ce-6b096c956ca7,EUR,1611031090,-3.5506659291258185
38a23cc5-363b-43c7-ba39-5daa13ed4e2b,BTC,1611052530,-2.4188931050804907
d216d37c-df5d-4c8d-a79d-8cb1f7dbc0f7,BTC,1611057283,3.3051700268868203
d1bfeb51-cf4e-43b4-af30-434bf70a7e5f,BTC,1611089239,6.830959571565334
3063533e-d3d2-46ca-91f5-6168c95c9835,ETH,1611106834,4.561662338774584
5a623012-bb14-4bc5-977a-8d57033a1342,ETH,1611120959,0.7700550727611599
e2b54159-2bf7-4b89-850b-9f1c680b6bbe,EUR,1611131319,0.5765577527804986
3063533e-d3d2-46ca-91f5-6168c95c9835,BTC,1611131829,2.4768213324980195
9287b4ea-2911-45b2-8da7-cc3ca70cb118,USD,1611157945,-1.6328473344575336
8f08a9c5-0884-4bd2-8d00-d772d32654a1,USD,1611169875,-0.9376302982244393
beed12b3-f39a-43dc-bee6-721a89c0a937,XPR,1611174742,-0.8637961632797886
79b2b699-e758-48a8-bc3b-379fa77bb478,BTC,1611181270,-2.014156230332482
beed12b3-f39a-43dc-bee6-721a89c0a937,BAT,1611182004,-4.12006932068641
4760ba51-fb20-47c1-8751-abd21264713a,EUR,1611195901,1.9904852020115484
55578bf3-84af-4f11-bf24-6be394197c26,BTC,1611203333,5.762895545267295
e2b54159-2bf7-4b89-850b-9f1c680b6bbe,EUR,1611229384,3.0157574292396756
f89443b9-1dfe-427e-b718-8846f977bf51,ETH,1611229952,-0.16488615917945992
89e5edba-3eef-4514-856a-287526ae50fa,USD,1611251520,-8.530040227171405
a61e005c-af0a-4820-8cd1-8029218fb066,BTC,1611252265,7.191953000005537
a75ecbba-3eb1-43a0-8c9a-863569911bc3,ETH,1611272963,-1.4481015025715358
93becbec-6a43-428a-a1ce-6b096c956ca7,USD,1611289287,1.2366190626222888
beed12b3-f39a-43dc-bee6-721a89c0a937,XPR,1611295440,-9.73521422071668
3063533e-d3d2-46ca-91f5-6168c95c9835,BTC,1611308785,-4.186113889929716
ec22ff9f-6f33-4055-bc53-7ee7d8b51c05,EUR,1611316416,-1.418495273504929
fe3b675f-21d2-4b79-b25f-45150d0e837a,USD,1611341748,-5.695427858584539
987eae8b-a10b-4a88-a437-37a982f5acb5,BTC,1611344275,7.022769298302933
a61e005c-af0a-4820-8cd1-8029218fb066,ETH,1611347576,-8.28740152019547
a61e005c-af0a-4820-8cd1-8029218fb066,BAT,1611354367,9.682590803596899
f2bd38cb-310b-457e-8cb1-c8b5bb589288,EUR,1611354643,-0.6717697382598082
beed12b3-f39a-43dc-bee6-721a89c0a937,BTC,1611388006,-2.713413068365478
fe3b675f-21d2-4b79-b25f-45150d0e837a,ETH,1611390597,-9.913483968519238
a61e005c-af0a-4820-8cd1-8029218fb066,ETH,1611398809,-8.405863278642652
3063533e-d3d2-46ca-91f5-6168c95c9835,USD,1611414126,3.98179183881852
fe3b675f-21d2-4b79-b25f-45150d0e837a,USD,1611415699,4.236006352581631
f8259c81-0d30-436b-bb3e-156cc731e641,USD,1611430184,4.6597958187657085
25382ae7-1c6c-4b32-a120-7717c6f4080a,EUR,1611438638,3.186516065857326
75845357-d843-4036-841a-d2e6088b72ce,XPR,1611447901,-8.756461711039975
93becbec-6a43-428a-a1ce-6b096c956ca7,ETH,1611456786,7.687600945080213
9287b4ea-2911-45b2-8da7-cc3ca70cb118,BTC,1611478709,-6.233293659286359
3063533e-d3d2-46ca-91f5-6168c95c9835,XPR,1611485569,-5.3007660999547435
fe3b675f-21d2-4b79-b25f-45150d0e837a,ETH,1611534124,0.7358543238038067
93becbec-6a43-428a-a1ce-6b096c956ca7,USD,1611537419,-7.480299941033561
e2b54159-2bf7-4b89-850b-9f1c680b6bbe,BTC,1611546212,-5.9946155173037585
bdbeede3-8470-4baf-9f28-8f9e01b935d6,BTC,1611552499,-4.609247524932858
55578bf3-84af-4f11-bf24-6be394197c26,BTC,1611553187,8.11020096387194
93becbec-6a43-428a-a1ce-6b096c956ca7,EUR,1611563536,-3.9950276045350357
a61e005c-af0a-4820-8cd1-8029218fb066,BTC,1611570754,5.751435103424159
9287b4ea-2911-45b2-8da7-cc3ca70cb118,EUR,1611575587,9.420856247842831
a02bd628-3dc5-46ba-98eb-42abbce82ad3,BTC,1611592531,3.371409476912673
06864593-c803-470c-a6cc-acbbed53c0cb,EUR,1611628616,2.862451013446176
93becbec-6a43-428a-a1ce-6b096c956ca7,BTC,1611634809,2.816964365872927
93becbec-6a43-428a-a1ce-6b096c956ca7,USD,1611646182,1.60975173690389
ec22ff9f-6f33-4055-bc53-7ee7d8b51c05,ETH,1611647410,-4.8089735071630795
a61e005c-af0a-4820-8cd1-8029218fb066,ETH,1611651918,-8.91110971817643
fe3b675f-21d2-4b79-b25f-45150d0e837a,USD,1611675271,-6.231296894436207
beed12b3-f39a-43dc-bee6-721a89c0a937,EUR,1611687220,6.11634184515631
beed12b3-f39a-43dc-bee6-721a89c0a937,ETH,1611706180,-8.948575905496474
93becbec-6a43-428a-a1ce-6b096c956ca7,BTC,1611708636,-9.546660536720264
75845357-d843-4036-841a-d2e6088b72ce,XPR,1611732831,-8.893530385870754
df2392b6-0dd6-4e24-82fb-b0a403615b06,BTC,1611733650,4.870618463666048
c85a849b-72dd-43a9-9b24-4815240184b4,USD,1611736610,-0.07696942454158417
945d4c4d-4281-4ff9-a6fe-de9dfd858f72,XPR,1611741071,-2.2640146005084505
a61e005c-af0a-4820-8cd1-8029218fb066,ETH,1611750761,-2.5613379897617516
3063533e-d3d2-46ca-91f5-6168c95c9835,USD,1611765467,1.6729669078843514
e2b54159-2bf7-4b89-850b-9f1c680b6bbe,BAT,1611766607,4.884631492241304
c5cefec7-2341-4c3e-bee1-cb30fee93bd8,BAT,1611774002,-6.567410067822561
1e6d232e-11f4-4cd6-9eb4-020af5d6a1fb,ETH,1611776965,-6.209227793504562
beed12b3-f39a-43dc-bee6-721a89c0a937,USD,1611782737,-9.017635499211679
d137f350-8287-42e4-99aa-cd56cb77aa8f,EUR,1611791780,0.9852143066592021
f41feb3a-a469-487a-bc9d-59a0dfd89c29,ETH,1611795303,6.617040976403128
e2b54159-2bf7-4b89-850b-9f1c680b6bbe,BTC,1611811415,9.441984399154759
a75ecbba-3eb1-43a0-8c9a-863569911bc3,ETH,1611820167,7.044384603792359
3633f00d-bf93-44be-9ad2-4c7a0e1e5679,EUR,1611844393,-6.6751130660489855
0640659b-bfbc-414c-8e89-4c316287a8dd,EUR,1611856167,-5.071101445014707
ec22ff9f-6f33-4055-bc53-7ee7d8b51c05,EUR,1611859585,-4.872118246650006
fe3b675f-21d2-4b79-b25f-45150d0e837a,BTC,1611877731,-0.32532012234782215
75845357-d843-4036-841a-d2e6088b72ce,EUR,1611883248,3.519037105451515
f41feb3a-a469-487a-bc9d-59a0dfd89c29,CAD,1611894012,-1.216193482751109
9287b4ea-2911-45b2-8da7-cc3ca70cb118,BTC,1611897215,-9.636028461794997
fe3b675f-21d2-4b79-b25f-45150d0e837a,EUR,1611901403,-2.8442839019278594
e2b54159-2bf7-4b89-850b-9f1c680b6bbe,BTC,1611910591,-4.659887866177095
a75ecbba-3eb1-43a0-8c9a-863569911bc3,ETH,1611939869,6.858899807563802
0615a717-29b9-4c76-826a-ece60a60f3ae,BTC,1611942983,3.8678555457157273
fe3b675f-21d2-4b79-b25f-45150d0e837a,XPR,1611964245,9.901067775663726
e2b54159-2bf7-4b89-850b-9f1c680b6bbe,EUR,1611990579,-6.880605568178771
9287b4ea-2911-45b2-8da7-cc3ca70cb118,XPR,1611997314,6.881980425723313
9287b4ea-2911-45b2-8da7-cc3ca70cb118,EUR,1611997682,-2.1362332665961414
a61e005c-af0a-4820-8cd1-8029218fb066,BTC,1612004146,4.388033906015309
3063533e-d3d2-46ca-91f5-6168c95c9835,ETH,1612014591,-7.3525936429449175
6044e2ef-8425-487c-b8bf-b88a87cc43f9,USD,1612019806,-2.4779666626765966
fe3b675f-21d2-4b79-b25f-45150d0e837a,EUR,1612034389,2.8932951191656926
e2b54159-2bf7-4b89-850b-9f1c680b6bbe,BTC,1612048715,-0.8273290134910738
ec22ff9f-6f33-4055-bc53-7ee7d8b51c05,ETH,1612051317,7.574336639524894
fe3b675f-21d2-4b79-b25f-45150d0e837a,ETH,1612060986,-9.581331114735622
a61e005c-af0a-4820-8cd1-8029218fb066,ETH,1612063152,-1.349021845422076
3063533e-d3d2-46ca-91f5-6168c95c9835,EUR,1612066430,-0.2695364605069184
93becbec-6a43-428a-a1ce-6b096c956ca7,EUR,1612066838,9.614026212861535
a61e005c-af0a-4820-8cd1-8029218fb066,USD,1612068999,6.614661622050669
a61e005c-af0a-4820-8cd1-8029218fb066,ETH,1612069878,-1.5223365513581797
d216d37c-df5d-4c8d-a79d-8cb1f7dbc0f7,ETH,1612079187,6.406244304724318
9287b4ea-2911-45b2-8da7-cc3ca70cb118,EUR,1612090264,-4.778256877167124
fe3b675f-21d2-4b79-b25f-45150d0e837a,ETH,1612092909,-3.9804281422590604
38a23cc5-363b-43c7-ba39-5daa13ed4e2b,USD,1612141036,4.306510570124685
fe3b675f-21d2-4b79-b25f-45150d0e837a,ETH,1612141115,-6.504282954162701
75845357-d843-4036-841a-d2e6088b72ce,BAT,1612154434,7.315629688740806
fe3b675f-21d2-4b79-b25f-45150d0e837a,EUR,1612203695,9.484846949161078
a61e005c-af0a-4820-8cd1-8029218fb066,USD,1612210302,-8.554092883110116
f41feb3a-a469-487a-bc9d-59a0dfd89c29,USD,1612213421,7.146870453852692
a02bd628-3dc5-46ba-98eb-42abbce82ad3,USD,1612223813,-4.6436945846857025
f41feb3a-a469-487a-bc9d-59a0dfd89c29,ETH,1612230113,-2.1225429854263496
a16bc127-d4af-4611-b5e6-9f9e451a851f,ETH,1612230817,9.742485266291332
e2b54159-2bf7-4b89-850b-9f1c680b6bbe,USD,1612239670,2.6797626331882576
4832c931-325f-4bda-9926-9dfc310ccbad,USD,1612249548,-9.404309146036685
75845357-d843-4036-841a-d2e6088b72ce,ETH,1612249841,-9.362447849087456
beed12b3-f39a-43dc-bee6-721a89c0a937,USD,1612250069,2.4588656368195334
9287b4ea-2911-45b2-8da7-cc3ca70cb118,BTC,1612253646,-4.6027472700692655
fe3b675f-21d2-4b79-b25f-45150d0e837a,BTC,1612256997,2.752597489702868
75845357-d843-4036-841a-d2e6088b72ce,BTC,1612262760,1.8137854952446393
9287b4ea-2911-45b2-8da7-cc3ca70cb118,USD,1612267028,-5.369844847997816
a947e704-dbd7-430b-adf4-7039824b8d63,USD,1612277263,-9.145192399404516
a02bd628-3dc5-46ba-98eb-42abbce82ad3,BTC,1612278952,-1.3826688197177361
f30a7fba-468c-4b04-aac4-8cf836652573,USD,1612286258,6.993774570796379
e2b54159-2bf7-4b89-850b-9f1c680b6bbe,USD,1612298560,6.2624577181195455
a61e005c-af0a-4820-8cd1-8029218fb066,USD,1612320211,1.738871174516131
f41feb3a-a469-487a-bc9d-59a0dfd89c29,EUR,1612321930,-5.30139357048485
e2b54159-2bf7-4b89-850b-9f1c680b6bbe,EUR,1612323952,2.786724440504326
93becbec-6a43-428a-a1ce-6b096c956ca7,ETH,1612342996,-7.0734256825601864
4760ba51-fb20-47c1-8751-abd21264713a,ETH,1612357893,-7.988802445920202
fe3b675f-21d2-4b79-b25f-45150d0e837a,BTC,1612361509,-0.08522587303362705
b8599949-2ffc-44c4-bc46-2e596e131c17,EUR,1612381653,-6.737804642849545
f41feb3a-a469-487a-bc9d-59a0dfd89c29,EUR,1612381959,-8.63198438738197
e2b54159-2bf7-4b89-850b-9f1c680b6bbe,BAT,1612395198,2.566546244847814
beed12b3-f39a-43dc-bee6-721a89c0a937,BTC,1612403563,-2.4988185141967207
39b1b575-8789-45b1-bf90-16b30832ecc0,USD,1612409586,-2.8384831727761872
9287b4ea-2911-45b2-8da7-cc3ca70cb118,ETH,1612414180,-8.217745663624427
fe2f78e2-7054-4eba-ad62-6c2164a7e3e3,BAT,1612445884,2.810641636365931
335809b4-e5f6-4eeb-872d-539052a9546d,XPR,1612462191,1.2062624446118235
beed12b3-f39a-43dc-bee6-721a89c0a937,EUR,1612478966,0.2802498873635848
93becbec-6a43-428a-a1ce-6b096c956ca7,ETH,1612492977,1.6175432954008038
e2b54159-2bf7-4b89-850b-9f1c680b6bbe,EUR,1612493718,-5.019200801517836
93becbec-6a43-428a-a1ce-6b096c956ca7,EUR,1612510221,-4.509739183927213
1e6d232e-11f4-4cd6-9eb4-020af5d6a1fb,ETH,1612532361,-2.7067401055539575
fa3e5601-04c5-4918-9c31-0d02d5ed3431,XPR,1612537775,5.360236103998785
fe3b675f-21d2-4b79-b25f-45150d0e837a,EUR,1612539578,1.1650877901598822
ab77e7b3-19cf-4680-a47f-28b90448335c,ETH,1612545056,-9.12669338933711
e2b54159-2bf7-4b89-850b-9f1c680b6bbe,ETH,1612560049,5.005432738323128
0640659b-bfbc-414c-8e89-4c316287a8dd,USD,1612562354,-2.7273139377938787
ec22ff9f-6f33-4055-bc53-7ee7d8b51c05,BTC,1612580874,-5.251923349242702
fe3b675f-21d2-4b79-b25f-45150d0e837a,ETH,1612584553,4.393244835307588
3063533e-d3d2-46ca-91f5-6168c95c9835,USD,1612591215,-1.7255718481025006
4b2f64c2-d6b2-421b-a6af-685573cd7f56,BTC,1612592711,-7.033806927473341
d83f6123-2f33-402e-9fb1-25a96c6d19f5,USD,1612610682,4.948702691998541
e2b54159-2bf7-4b89-850b-9f1c680b6bbe,EUR,1612616353,5.942952013840879
75845357-d843-4036-841a-d2e6088b72ce,USD,1612624161,0.6827671365552508
f41feb3a-a469-487a-bc9d-59a0dfd89c29,ETH,1612666260,3.1562430450121166
6e7c8b3b-708e-4d1f-a58d-d904d91152d7,EUR,1612668348,-0.608795452763113
4832c931-325f-4bda-9926-9dfc310ccbad,USD,1612673050,0.7515112394087176
ec22ff9f-6f33-4055-bc53-7ee7d8b51c05,USD,1612675077,2.819546714720234
5e106318-4553-4462-b510-5438b6a329e5,USD,1612684927,-1.5660518472504528
c85a849b-72dd-43a9-9b24-4815240184b4,USD,1612695145,-4.172693630474955
f41feb3a-a469-487a-bc9d-59a0dfd89c29,ETH,1612699561,6.661874022315853
fe3b675f-21d2-4b79-b25f-45150d0e837a,USD,1612707463,0.07786186378630688
3063533e-d3d2-46ca-91f5-6168c95c9835,EUR,1612719520,-7.016497708231633
93becbec-6a43-428a-a1ce-6b096c956ca7,ETH,1612721666,0.852089631093623
beed12b3-f39a-43dc-bee6-721a89c0a937,BTC,1612727174,-2.63419208803006
259c4a32-9c8f-474a-9f8b-3a9ded89e9b3,EUR,1612732764,-7.4476117813324105
5b1caf3b-c40b-419f-b819-86b258ae3a18,BTC,1612737883,-3.705841102204923
3063533e-d3d2-46ca-91f5-6168c95c9835,ETH,1612740388,2.9852643855460776
f41feb3a-a469-487a-bc9d-59a0dfd89c29,EUR,1612764937,3.947498843536291
75845357-d843-4036-841a-d2e6088b72ce,EUR,1612784123,-3.539958698549272
a61e005c-af0a-4820-8cd1-8029218fb066,ETH,1612787508,-6.675219119034715
a61e005c-af0a-4820-8cd1-8029218fb066,ETH,1612850297,2.0553671727517475
f1bc887e-df8c-4d6d-b633-a0432564e31a,ETH,1612850869,7.639625292910029
78db312b-071d-41d4-8ed6-d46411f44aa4,ETH,1612858153,1.8775126643684086
fe3b675f-21d2-4b79-b25f-45150d0e837a,BTC,1612863530,-8.584773545528542
beed12b3-f39a-43dc-bee6-721a89c0a937,ETH,1612871906,-1.052980977180738
0640659b-bfbc-414c-8e89-4c316287a8dd,EUR,1612874024,-1.7606685691162802
a61e005c-af0a-4820-8cd1-8029218fb066,ETH,1612876006,-1.421419279291765
4a6f2b89-07cb-4557-b821-5a8ea03d2f71,USD,1612881771,-2.082885539140147
9287b4ea-2911-45b2-8da7-cc3ca70cb118,USD,1612896779,5.165450533346945
92934d8d-a4cc-456f-97ca-c77f528c6bda,BTC,1612900536,-1.2177117534296382
259c4a32-9c8f-474a-9f8b-3a9ded89e9b3,EUR,1612927784,7.395069449784732
93becbec-6a43-428a-a1ce-6b096c956ca7,EUR,1612933702,-1.116538758563621
93becbec-6a43-428a-a1ce-6b096c956ca7,ETH,1612935454,3.5609332960992557
e2b54159-2bf7-4b89-850b-9f1c680b6bbe,BTC,1612943608,-4.838614306674609
beed12b3-f39a-43dc-bee6-721a89c0a937,USD,1612951691,5.319319373661305
f41feb3a-a469-487a-bc9d-59a0dfd89c29,EUR,1612952150,4.3654794939134955
f41feb3a-a469-487a-bc9d-59a0dfd89c29,EUR,1612962152,0.18177319632547828
93becbec-6a43-428a-a1ce-6b096c956ca7,ETH,1612966124,-6.659363349708007
beed12b3-f39a-43dc-bee6-721a89c0a937,BTC,1612975983,-6.161053031916504
3063533e-d3d2-46ca-91f5-6168c95c9835,ETH,1612989989,-4.967176013853125
a61e005c-af0a-4820-8cd1-8029218fb066,ETH,1613011401,-0.8243952325603736
7c615c0c-a984-410a-bbe4-7f9b06d717f8,ETH,1613013665,6.505538345953873
93becbec-6a43-428a-a1ce-6b096c956ca7,ETH,1613043307,2.3641722031558547
e2b54159-2bf7-4b89-850b-9f1c680b6bbe,BTC,1613085776,-5.156460030760899
e2b54159-2bf7-4b89-850b-9f1c680b6bbe,EUR,1613112874,1.3824685984031344
f41feb3a-a469-487a-bc9d-59a0dfd89c29,XPR,1613119837,3.195336448591515
e2b54159-2bf7-4b89-850b-9f1c680b6bbe,XPR,1613152398,-5.931832595866
93becbec-6a43-428a-a1ce-6b096c956ca7,BAT,1613152517,4.454667277386935
cb1a5abb-9cf9-4e37-91ab-83d3959b1277,EUR,1613163179,-0.6635395963043482
e2b54159-2bf7-4b89-850b-9f1c680b6bbe,EUR,1613163739,4.914576107918423
93becbec-6a43-428a-a1ce-6b096c956ca7,EUR,1613172119,-7.3189545851591475
a61e005c-af0a-4820-8cd1-8029218fb066,USD,1613173805,-2.654181055278519
3063533e-d3d2-46ca-91f5-6168c95c9835,ETH,1613187342,7.290787764942792
f2bd38cb-310b-457e-8cb1-c8b5bb589288,ETH,1613216603,0.986600573850767
a61e005c-af0a-4820-8cd1-8029218fb066,USD,1613218960,-1.1382955286044876
4832c931-325f-4bda-9926-9dfc310ccbad,USD,1613219039,0.5045499164903671
beed12b3-f39a-43dc-bee6-721a89c0a937,BTC,1613220179,-1.2177782943053792
fe3b675f-21d2-4b79-b25f-45150d0e837a,XPR,1613228311,0.8768370577730593
93becbec-6a43-428a-a1ce-6b096c956ca7,EUR,1613234923,7.6617230483136645
ec22ff9f-6f33-4055-bc53-7ee7d8b51c05,ETH,1613242850,5.547839190512979
beed12b3-f39a-43dc-bee6-721a89c0a937,EUR,1613259527,2.4240792983946218
fe3b675f-21d2-4b79-b25f-45150d0e837a,USD,1613264409,4.89506549019592
4b2f64c2-d6b2-421b-a6af-685573cd7f56,EUR,1613271046,8.928154679860675
d858e131-0a18-45b3-92a5-77467ce513a5,XPR,1613278329,4.219242937757048
b61477de-b466-4b13-8a72-e80a721689ca,EUR,1613281883,1.344354508522624
99c17ee8-9189-4682-8f4d-a3e22a59e12f,USD,1613282501,-5.147335730650278
93becbec-6a43-428a-a1ce-6b096c956ca7,BTC,1613292836,3.0255351526808933
f41feb3a-a469-487a-bc9d-59a0dfd89c29,BTC,1613294097,-4.826538215494769
68b37b28-d244-45ab-94c4-21f57bb55a62,EUR,1613299427,3.67521564718456
6044e2ef-8425-487c-b8bf-b88a87cc43f9,EUR,1613306436,-5.9652095101701725
e84d7bec-86b6-4f13-892c-1970e2d466bc,BTC,1613330045,7.1067129941239955
a61e005c-af0a-4820-8cd1-8029218fb066,BTC,1613333796,-1.898668400402915
92934d8d-a4cc-456f-97ca-c77f528c6bda,BTC,1613345836,-1.6184756522634824
5b1caf3b-c40b-419f-b819-86b258ae3a18,BTC,1613350384,-6.713664436789502
39b1b575-8789-45b1-bf90-16b30832ecc0,BTC,1613357406,2.0790405410442876
75845357-d843-4036-841a-d2e6088b72ce,ETH,1613363740,-4.189395792364499
464298b8-8b92-463e-949b-3ba65c3b58c6,ETH,1613376671,1.0628930878806173
51caadde-8903-4316-8c98-507aedfe306a,EUR,1613386552,-3.680707844055158
f2bd38cb-310b-457e-8cb1-c8b5bb589288,BTC,1613422295,2.750519907660202
ec22ff9f-6f33-4055-bc53-7ee7d8b51c05,BTC,1613439630,-2.340304541416165
55578bf3-84af-4f11-bf24-6be394197c26,EUR,1613470559,5.422888555675467
3063533e-d3d2-46ca-91f5-6168c95c9835,CAD,1613474900,-7.189198799214285
f1010a49-5aa3-477c-bb16-4d5aebb637c0,USD,1613475390,-9.21838602342419
e2b54159-2bf7-4b89-850b-9f1c680b6bbe,USD,1613480309,3.551412642657983
e2b54159-2bf7-4b89-850b-9f1c680b6bbe,ETH,1613480533,-2.4305258047260097
3063533e-d3d2-46ca-91f5-6168c95c9835,EUR,1613494125,-7.111738330230965
e2b54159-2bf7-4b89-850b-9f1c680b6bbe,BTC,1613510442,5.853364640666756
9287b4ea-2911-45b2-8da7-cc3ca70cb118,BTC,1613514138,6.151905203165139
ec22ff9f-6f33-4055-bc53-7ee7d8b51c05,ETH,1613526835,-5.109772433903556
75845357-d843-4036-841a-d2e6088b72ce,ETH,1613540843,-3.1941055241006318
9287b4ea-2911-45b2-8da7-cc3ca70cb118,BAT,1613579631,-6.406824824533999
fe3b675f-21d2-4b79-b25f-45150d0e837a,EUR,1613580712,7.600141203366142
9287b4ea-2911-45b2-8da7-cc3ca70cb118,BTC,1613592365,-1.1890932328206816
a61e005c-af0a-4820-8cd1-8029218fb066,BTC,1613593453,5.9871785349844835
9b889da5-cd5e-4fea-9680-e4aef39193ad,EUR,1613602307,4.590779213876225
beed12b3-f39a-43dc-bee6-721a89c0a937,USD,1613608389,6.053440848739001
d216d37c-df5d-4c8d-a79d-8cb1f7dbc0f7,BTC,1613612845,1.1221693508202613
044ebe23-2980-4172-aa8b-f59e48b07343,EUR,1613628418,4.600699753408069
3063533e-d3d2-46ca-91f5-6168c95c9835,USD,1613629901,-5.248491957913879
7e26da7f-3fe1-4790-a9bf-147bf2a852ec,BTC,1613646490,3.7109747530091663
a61e005c-af0a-4820-8cd1-8029218fb066,EUR,1613673116,-1.028398305894891
beed12b3-f39a-43dc-bee6-721a89c0a937,BTC,1613722811,-5.591143699043004
f2bd38cb-310b-457e-8cb1-c8b5bb589288,ETH,1613724022,-3.70097838284077
d216d37c-df5d-4c8d-a79d-8cb1f7dbc0f7,BAT,1613740658,-8.789823361417874
beed12b3-f39a-43dc-bee6-721a89c0a937,BAT,1613745142,3.138006066430176
034f584c-d4fd-4260-8611-c3423745f933,BAT,1613745580,3.319710083854117
d216d37c-df5d-4c8d-a79d-8cb1f7dbc0f7,EUR,1613765577,3.631074407291761
1c624660-7fbd-43a5-b791-c997b810db49,BTC,1613776007,7.3859736600139385
6e7c8b3b-708e-4d1f-a58d-d904d91152d7,USD,1613781777,-0.5743254154953608
93becbec-6a43-428a-a1ce-6b096c956ca7,BTC,1613784463,-4.26877999956941
75845357-d843-4036-841a-d2e6088b72ce,CAD,1613785526,-7.772540063479207
75845357-d843-4036-841a-d2e6088b72ce,BTC,1613797028,0.31864773272709
3063533e-d3d2-46ca-91f5-6168c95c9835,USD,1613800457,-3.4358169878771267
3063533e-d3d2-46ca-91f5-6168c95c9835,ETH,1613832352,-4.583367271299823
e2b54159-2bf7-4b89-850b-9f1c680b6bbe,BTC,1613844792,6.9072053976052885
a29da963-12ff-433b-9872-cf9533a3f170,XPR,1613846970,2.0647830026677365
9287b4ea-2911-45b2-8da7-cc3ca70cb118,USD,1613867720,-2.634262496546313
8f08a9c5-0884-4bd2-8d00-d772d32654a1,EUR,1613878131,-2.669193348762102
fe3b675f-21d2-4b79-b25f-45150d0e837a,USD,1613896355,-6.239529144626339
f41feb3a-a469-487a-bc9d-59a0dfd89c29,EUR,1613901671,-1.892701611957543
27ad712a-9148-4b34-83ec-8bae3ea4cdbf,BTC,1613907735,-1.9754267947836563
a61e005c-af0a-4820-8cd1-8029218fb066,ETH,1613909990,-3.722978723108506
c12908fd-8688-4926-8453-c480b5ecb48a,EUR,1613913724,8.499778773583316
f41feb3a-a469-487a-bc9d-59a0dfd89c29,USD,1613947406,8.378762199287035
5d47c0f3-920d-49f5-b9b3-5afeca5ece24,EUR,1613959088,6.0796388957577605
e3b2edbd-dff0-40c2-bfa2-20dfa632954e,BAT,1613972136,-4.936092332373512
93becbec-6a43-428a-a1ce-6b096c956ca7,BTC,1613977592,-4.522135862980905
93becbec-6a43-428a-a1ce-6b096c956ca7,ETH,1613982581,-0.5248225477694497
f41feb3a-a469-487a-bc9d-59a0dfd89c29,ETH,1613990391,-5.865574419382855
e2b54159-2bf7-4b89-850b-9f1c680b6bbe,USD,1613992017,3.403757803426206
e2b54159-2bf7-4b89-850b-9f1c680b6bbe,EUR,1614007703,8.941517545914948
75845357-d843-4036-841a-d2e6088b72ce,ETH,1614009151,-9.039152968734147
5b8e58a5-9b9f-4f1b-969f-21dbee72f0bb,BTC,1614027060,6.377645696771662
934357bf-b14a-4da8-8b0c-ed0c28540389,EUR,1614044152,-4.405602560055053
beed12b3-f39a-43dc-bee6-721a89c0a937,EUR,1614044707,-4.465469068795058
9287b4ea-2911-45b2-8da7-cc3ca70cb118,BTC,1614051707,5.7856916943200005
93becbec-6a43-428a-a1ce-6b096c956ca7,EUR,1614072266,-3.9790476570786337
ec22ff9f-6f33-4055-bc53-7ee7d8b51c05,BTC,1614095627,0.8473883794609787
d1bfeb51-cf4e-43b4-af30-434bf70a7e5f,EUR,1614096606,2.613782599113348
f41feb3a-a469-487a-bc9d-59a0dfd89c29,CAD,1614101011,5.941750704986564
a61e005c-af0a-4820-8cd1-8029218fb066,EUR,1614104726,-3.534693309397241
93becbec-6a43-428a-a1ce-6b096c956ca7,BTC,1614105937,5.575542465411532
e2b54159-2bf7-4b89-850b-9f1c680b6bbe,XPR,1614116757,-7.007678080252946
f41feb3a-a469-487a-bc9d-59a0dfd89c29,EUR,1614131417,0.43773145192394125
e2b54159-2bf7-4b89-850b-9f1c680b6bbe,EUR,1614141080,8.502777910813283
ec22ff9f-6f33-4055-bc53-7ee7d8b51c05,EUR,1614153265,4.006715977432851
414e4248-1b1e-4a8e-af48-e65d6c6eef6b,USD,1614168136,-4.6768530681714715
7d6a9d9e-25b5-4ce1-b8bd-087f702725cc,USD,1614169905,7.250743456992559
7e26da7f-3fe1-4790-a9bf-147bf2a852ec,BTC,1614174847,-4.568176488071895
beed12b3-f39a-43dc-bee6-721a89c0a937,EUR,1614182075,1.109504992669141
beed12b3-f39a-43dc-bee6-721a89c0a937,EUR,1614192433,-7.207361561178407
0640659b-bfbc-414c-8e89-4c316287a8dd,EUR,1614201471,2.753904591613649
75845357-d843-4036-841a-d2e6088b72ce,ETH,1614210458,9.422176266275535
06864593-c803-470c-a6cc-acbbed53c0cb,BTC,1614215660,5.6335273867705755
e2b54159-2bf7-4b89-850b-9f1c680b6bbe,USD,1614219425,0.5030214369966419
f2bd38cb-310b-457e-8cb1-c8b5bb589288,USD,1614219652,-8.789252404963046
3063533e-d3d2-46ca-91f5-6168c95c9835,USD,1614224186,9.152434746934766
9287b4ea-2911-45b2-8da7-cc3ca70cb118,EUR,1614226825,4.8894072133624
8f08a9c5-0884-4bd2-8d00-d772d32654a1,USD,1614234382,1.9741651737611914
3063533e-d3d2-46ca-91f5-6168c95c9835,EUR,1614271755,8.647209198172476
beed12b3-f39a-43dc-bee6-721a89c0a937,BTC,1614282676,-8.127645517020346
a61e005c-af0a-4820-8cd1-8029218fb066,USD,1614304873,7.891605599522805
78fec595-1f14-4e85-b295-e430a6ba7686,BAT,1614308176,-0.7856105207785156
a61e005c-af0a-4820-8cd1-8029218fb066,ETH,1614312862,7.665943743769169
c12908fd-8688-4926-8453-c480b5ecb48a,BTC,1614322005,7.264144017435068
f1010a49-5aa3-477c-bb16-4d5aebb637c0,EUR,1614323831,0.734832022270739
fe3b675f-21d2-4b79-b25f-45150d0e837a,EUR,1614344339,4.964542546850424
75845357-d843-4036-841a-d2e6088b72ce,EUR,1614359653,6.967999639908641
f41feb3a-a469-487a-bc9d-59a0dfd89c29,BTC,1614364607,-9.990955475925421
f41feb3a-a469-487a-bc9d-59a0dfd89c29,ETH,1614372645,-3.974552984019044
f41feb3a-a469-487a-bc9d-59a0dfd89c29,USD,1614383009,-1.3073922928468775
d137f350-8287-42e4-99aa-cd56cb77aa8f,ETH,1614393021,3.915446705350231
93becbec-6a43-428a-a1ce-6b096c956ca7,ETH,1614398809,-7.5000817090810035
75845357-d843-4036-841a-d2e6088b72ce,BTC,1614418984,4.819162949225248
3063533e-d3d2-46ca-91f5-6168c95c9835,ETH,1614426414,1.3394117337852371
78db312b-071d-41d4-8ed6-d46411f44aa4,EUR,1614431383,-0.5866367295344581
9287b4ea-2911-45b2-8da7-cc3ca70cb118,XPR,1614438170,-7.892367863627577
75845357-d843-4036-841a-d2e6088b72ce,EUR,1614452714,-5.683091762630741
a61e005c-af0a-4820-8cd1-8029218fb066,EUR,1614457642,7.686574635148528
beed12b3-f39a-43dc-bee6-721a89c0a937,BAT,1614459513,9.026039722303352
d858e131-0a18-45b3-92a5-77467ce513a5,ETH,1614469738,7.381150235972935
75845357-d843-4036-841a-d2e6088b72ce,BTC,1614469840,-6.2550344144234415
fe3b675f-21d2-4b79-b25f-45150d0e837a,ETH,1614490559,-0.39769662072067646
fe3b675f-21d2-4b79-b25f-45150d0e837a,ETH,1614499518,-6.53652097676209
7c615c0c-a984-410a-bbe4-7f9b06d717f8,EUR,1614516921,8.372592467170506
78fec595-1f14-4e85-b295-e430a6ba7686,ETH,1614518738,-5.20222721575252
ec22ff9f-6f33-4055-bc53-7ee7d8b51c05,ETH,1614522096,-8.582277969016129
75845357-d843-4036-841a-d2e6088b72ce,USD,1614526286,7.094133238722804
3063533e-d3d2-46ca-91f5-6168c95c9835,ETH,1614539928,5.2922619538327265
a61e005c-af0a-4820-8cd1-8029218fb066,USD,1614555400,-5.438204841909931
f41feb3a-a469-487a-bc9d-59a0dfd89c29,EUR,1614556688,-9.543335271590518
fe3b675f-21d2-4b79-b25f-45150d0e837a,USD,1614558106,-8.384207976460932
beed12b3-f39a-43dc-bee6-721a89c0a937,BTC,1614558278,9.829411703917629
a61e005c-af0a-4820-8cd1-8029218fb066,BTC,1614569855,-9.735652495662997
ec22ff9f-6f33-4055-bc53-7ee7d8b51c05,USD,1614577355,9.84291044748533
06864593-c803-470c-a6cc-acbbed53c0cb,BAT,1614586321,-0.005581253343546422
e2b54159-2bf7-4b89-850b-9f1c680b6bbe,ETH,1614595668,1.9883989392227193
beed12b3-f39a-43dc-bee6-721a89c0a937,XPR,1614599762,-9.96141252093236
fe3b675f-21d2-4b79-b25f-45150d0e837a,EUR,1614599802,-3.039498296552569
197e14d9-700c-4d53-8b6e-f2c45d2bfac9,XPR,1614610400,-7.187986678482801
ab77e7b3-19cf-4680-a47f-28b90448335c,BTC,1614620937,2.6059876362099565
fe3b675f-21d2-4b79-b25f-45150d0e837a,BTC,1614621469,-0.8449421755326867
fe3b675f-21d2-4b79-b25f-45150d0e837a,USD,1614635738,5.87181092646404
93becbec-6a43-428a-a1ce-6b096c956ca7,BTC,1614643959,5.674179850812761
9287b4ea-2911-45b2-8da7-cc3ca70cb118,ETH,1614652261,7.6187541731858275
d83f6123-2f33-402e-9fb1-25a96c6d19f5,USD,1614666795,-5.142773151417009
ec22ff9f-6f33-4055-bc53-7ee7d8b51c05,USD,1614671133,-0.10524759727856825
f41feb3a-a469-487a-bc9d-59a0dfd89c29,XPR,1614680478,1.7103442961559594
c98bc1a8-6926-4a59-83c9-09de99a905b4,ETH,1614680480,7.054368296864762
f41feb3a-a469-487a-bc9d-59a0dfd89c29,BTC,1614699111,1.7841628176532343
3633f00d-bf93-44be-9ad2-4c7a0e1e5679,XPR,1614716411,-3.1714331855244033
9287b4ea-2911-45b2-8da7-cc3ca70cb118,CAD,1614718198,7.222247495241916
3063533e-d3d2-46ca-91f5-6168c95c9835,BTC,1614722776,-5.170197151269351
ec22ff9f-6f33-4055-bc53-7ee7d8b51c05,ETH,1614754456,-4.093196560293446
3063533e-d3d2-46ca-91f5-6168c95c9835,ETH,1614754688,-0.9030934649374007
ec22ff9f-6f33-4055-bc53-7ee7d8b51c05,EUR,1614757728,-6.690993338853923
a61e005c-af0a-4820-8cd1-8029218fb066,ETH,1614758701,0.964973447599732
3063533e-d3d2-46ca-91f5-6168c95c9835,ETH,1614764028,0.47422107518330137
ec22ff9f-6f33-4055-bc53-7ee7d8b51c05,BTC,1614766849,6.646847065781174
a61e005c-af0a-4820-8cd1-8029218fb066,ETH,1614772174,-8.196005227635455
fe3b675f-21d2-4b79-b25f-45150d0e837a,USD,1614815620,-9.110342502918677
beed12b3-f39a-43dc-bee6-721a89c0a937,BTC,1614819250,-0.04735811079040708
fe3b675f-21d2-4b79-b25f-45150d0e837a,BTC,1614824790,-6.081402246189846
3063533e-d3d2-46ca-91f5-6168c95c9835,BAT,1614830111,-9.77424404609668
beed12b3-f39a-43dc-bee6-721a89c0a937,EUR,1614830655,8.905624223248651
93becbec-6a43-428a-a1ce-6b096c956ca7,BTC,1614832963,-2.900400528474732
a61e005c-af0a-4820-8cd1-8029218fb066,ETH,1614856407,-4.522391950479367
7d6a9d9e-25b5-4ce1-b8bd-087f702725cc,USD,1614864039,-8.973324242736414
f41feb3a-a469-487a-bc9d-59a0dfd89c29,ETH,1614871902,3.6129757660252952
e2b54159-2bf7-4b89-850b-9f1c680b6bbe,XPR,1614872294,-6.98211157337528
93becbec-6a43-428a-a1ce-6b096c956ca7,EUR,1614876406,7.139918834639097
f41feb3a-a469-487a-bc9d-59a0dfd89c29,BTC,1614885990,0.6683398787685864
992286bf-16a1-43d3-a31d-642222d91603,ETH,1614898405,-7.525820534593015
93becbec-6a43-428a-a1ce-6b096c956ca7,USD,1614902142,0.2868333788827737
93becbec-6a43-428a-a1ce-6b096c956ca7,ETH,1614944490,8.666888608402271
f41feb3a-a469-487a-bc9d-59a0dfd89c29,EUR,1614944656,9.022861600402948
3063533e-d3d2-46ca-91f5-6168c95c9835,XPR,1614950084,7.446750794180478
e2b54159-2bf7-4b89-850b-9f1c680b6bbe,ETH,1615000365,-7.4404706937261755
b61477de-b466-4b13-8a72-e80a721689ca,ETH,1615007790,-3.851648750891945
0615a717-29b9-4c76-826a-ece60a60f3ae,EUR,1615008525,-8.195181167257847
beed12b3-f39a-43dc-bee6-721a89c0a937,ETH,1615014418,8.268684948017754
e2b54159-2bf7-4b89-850b-9f1c680b6bbe,XPR,1615025597,-4.215193843889907
ec22ff9f-6f33-4055-bc53-7ee7d8b51c05,ETH,1615034382,-0.9362618708056836
a61e005c-af0a-4820-8cd1-8029218fb066,ETH,1615054266,1.5695865590634916
ec22ff9f-6f33-4055-bc53-7ee7d8b51c05,EUR,1615063834,0.02726065988947113
9287b4ea-2911-45b2-8da7-cc3ca70cb118,USD,1615075443,7.28791038134829
f1bc887e-df8c-4d6d-b633-a0432564e31a,USD,1615076696,3.895775269253882
197e14d9-700c-4d53-8b6e-f2c45d2bfac9,USD,1615086309,-5.1863736395521975
f1010a49-5aa3-477c-bb16-4d5aebb637c0,EUR,1615093222,-8.947442817613311
f41feb3a-a469-487a-bc9d-59a0dfd89c29,BTC,1615100245,-5.967902246424459
3063533e-d3d2-46ca-91f5-6168c95c9835,USD,1615108874,8.969200728802612
ec22ff9f-6f33-4055-bc53-7ee7d8b51c05,ETH,1615114526,8.500404566753389
5e106318-4553-4462-b510-5438b6a329e5,EUR,1615114548,7.664272243332306
3caf1a3a-46cf-4c91-b352-9ea9f0c571ec,ETH,1615120524,8.845516992662724
75845357-d843-4036-841a-d2e6088b72ce,EUR,1615140084,-6.01373936232807
a61e005c-af0a-4820-8cd1-8029218fb066,USD,1615154309,2.0513706104111957
c0ad94db-d257-4e4a-84ca-b9e73442cf78,USD,1615170405,9.773635057275726
beed12b3-f39a-43dc-bee6-721a89c0a937,ETH,1615173658,-6.524788845635703
3063533e-d3d2-46ca-91f5-6168c95c9835,EUR,1615176462,6.373631197064029
e3b2edbd-dff0-40c2-bfa2-20dfa632954e,EUR,1615183722,0.31271405105527883
a61e005c-af0a-4820-8cd1-8029218fb066,BTC,1615187518,-2.096507282535171
93becbec-6a43-428a-a1ce-6b096c956ca7,EUR,1615200605,2.6082023280078754
e2b54159-2bf7-4b89-850b-9f1c680b6bbe,ETH,1615229357,-5.708585752995803
f41feb3a-a469-487a-bc9d-59a0dfd89c29,XPR,1615233315,-3.020448983653436
93becbec-6a43-428a-a1ce-6b096c956ca7,XPR,1615238130,-8.129835072951133
a29da963-12ff-433b-9872-cf9533a3f170,BTC,1615253338,6.9299128295630865
fdaa102d-797c-4c57-a793-feb6e3aaff0d,EUR,1615280728,4.2105653267367575
a61e005c-af0a-4820-8cd1-8029218fb066,XPR,1615307197,3.4360659731117877
9287b4ea-2911-45b2-8da7-cc3ca70cb118,EUR,1615319755,-0.8567802036551786
3063533e-d3d2-46ca-91f5-6168c95c9835,USD,1615322904,2.65840692229386
75845357-d843-4036-841a-d2e6088b72ce,BTC,1615326692,-7.303824239118302
e2b54159-2bf7-4b89-850b-9f1c680b6bbe,BTC,1615340566,-7.147368380994726
fe3b675f-21d2-4b79-b25f-45150d0e837a,ETH,1615346815,-9.499470856496941
b8599949-2ffc-44c4-bc46-2e596e131c17,EUR,1615346960,1.6956323886128786
f41feb3a-a469-487a-bc9d-59a0dfd89c29,BTC,1615359507,5.697263371769841
75845357-d843-4036-841a-d2e6088b72ce,ETH,1615369107,-8.596246767573215
5d47c0f3-920d-49f5-b9b3-5afeca5ece24,EUR,1615373814,7.83239317526704
93becbec-6a43-428a-a1ce-6b096c956ca7,BTC,1615397677,9.09888836693533
fe3b675f-21d2-4b79-b25f-45150d0e837a,USD,1615405992,-9.192275914237415
93becbec-6a43-428a-a1ce-6b096c956ca7,CAD,1615412735,5.4800344163719
d216d37c-df5d-4c8d-a79d-8cb1f7dbc0f7,ETH,1615429700,-1.276073872911125
bdbeede3-8470-4baf-9f28-8f9e01b935d6,BTC,1615432076,-8.492518691583985
beed12b3-f39a-43dc-bee6-721a89c0a937,EUR,1615450594,2.6220869569907617
9287b4ea-2911-45b2-8da7-cc3ca70cb118,USD,1615467492,-7.0793807216552125
3063533e-d3d2-46ca-91f5-6168c95c9835,XPR,1615496199,3.5211956871482393
9287b4ea-2911-45b2-8da7-cc3ca70cb118,BAT,1615502326,1.0157688932827114
c85a849b-72dd-43a9-9b24-4815240184b4,BTC,1615539269,-4.82905484070006
fe3b675f-21d2-4b79-b25f-45150d0e837a,USD,1615544054,-7.659337462041041
f41feb3a-a469-487a-bc9d-59a0dfd89c29,ETH,1615555881,-7.83168814941547
fe3b675f-21d2-4b79-b25f-45150d0e837a,USD,1615581336,6.035925049666318
dc45ff15-8e0b-4d6a-ba44-195073e4bd0a,BTC,1615589908,7.323748220521843
93becbec-6a43-428a-a1ce-6b096c956ca7,ETH,1615599001,8.572505569825623
e64722ab-ac45-4631-80ac-c45da5ff8c01,ETH,1615599059,-8.05952447655757
1c624660-7fbd-43a5-b791-c997b810db49,BAT,1615607469,4.880444598997528
4a6f2b89-07cb-4557-b821-5a8ea03d2f71,BTC,1615612854,-2.767580086959603
ec22ff9f-6f33-4055-bc53-7ee7d8b51c05,USD,1615615709,0.5071341872613218
a61e005c-af0a-4820-8cd1-8029218fb066,USD,1615620744,5.284988700255145
ab77e7b3-19cf-4680-a47f-28b90448335c,USD,1615625513,6.94426220243853
93becbec-6a43-428a-a1ce-6b096c956ca7,ETH,1615644339,-3.4341643406757942
fe3b675f-21d2-4b79-b25f-45150d0e837a,ETH,1615644574,9.427737446344644
335809b4-e5f6-4eeb-872d-539052a9546d,USD,1615665248,2.558540228316131
75845357-d843-4036-841a-d2e6088b72ce,USD,1615673630,-2.8556869658795003
d94aed09-3f48-4b79-ae7d-a8f2cbf69501,ETH,1615683084,-0.492885212733956
987eae8b-a10b-4a88-a437-37a982f5acb5,ETH,1615696223,-0.6434883855895475
7c615c0c-a984-410a-bbe4-7f9b06d717f8,EUR,1615702739,1.879366401022951
197e14d9-700c-4d53-8b6e-f2c45d2bfac9,BTC,1615706551,-6.315276462589152
3063533e-d3d2-46ca-91f5-6168c95c9835,USD,1615716253,6.892804675957773
f41feb3a-a469-487a-bc9d-59a0dfd89c29,EUR,1615719662,4.341518452461102
a61e005c-af0a-4820-8cd1-8029218fb066,EUR,1615719838,2.4387774790547248
e2b54159-2bf7-4b89-850b-9f1c680b6bbe,ETH,1615737123,1.18220726850938
93becbec-6a43-428a-a1ce-6b096c956ca7,USD,1615762825,5.825960681808214
9287b4ea-2911-45b2-8da7-cc3ca70cb118,XPR,1615763714,2.3806037129914603
0615a717-29b9-4c76-826a-ece60a60f3ae,ETH,1615803188,-1.274624480096394
a947e704-dbd7-430b-adf4-7039824b8d63,USD,1615804229,-6.809861446156673
f2bd38cb-310b-457e-8cb1-c8b5bb589288,BTC,1615812542,7.158673338955456
75845357-d843-4036-841a-d2e6088b72ce,USD,1615813318,-1.243436090458145
ec22ff9f-6f33-4055-bc53-7ee7d8b51c05,BTC,1615815924,3.824663960321658
1e6d232e-11f4-4cd6-9eb4-020af5d6a1fb,EUR,1615854718,0.16808945719112955
75845357-d843-4036-841a-d2e6088b72ce,EUR,1615876434,4.277657961497393
9287b4ea-2911-45b2-8da7-cc3ca70cb118,BAT,1615879373,2.32587506021982
a61e005c-af0a-4820-8cd1-8029218fb066,USD,1615886029,7.106661333712616
93becbec-6a43-428a-a1ce-6b096c956ca7,EUR,1615886542,-4.245770515599161
a61e005c-af0a-4820-8cd1-8029218fb066,USD,1615892075,9.583303515936564
beed12b3-f39a-43dc-bee6-721a89c0a937,USD,1615893538,-3.7116929136033043
6044e2ef-8425-487c-b8bf-b88a87cc43f9,EUR,1615899339,-1.3859310694645455
3063533e-d3d2-46ca-91f5-6168c95c9835,EUR,1615928170,4.97646351441378
d94aed09-3f48-4b79-ae7d-a8f2cbf69501,USD,1615945885,3.769761255096695
a61e005c-af0a-4820-8cd1-8029218fb066,BTC,1615947040,-7.93072779616632
3063533e-d3d2-46ca-91f5-6168c95c9835,ETH,1615950065,4.548575486529817
ec22ff9f-6f33-4055-bc53-7ee7d8b51c05,EUR,1615953880,-9.8597120426837
e2b54159-2bf7-4b89-850b-9f1c680b6bbe,USD,1615962547,6.711260531912181
75845357-d843-4036-841a-d2e6088b72ce,USD,1615969268,-4.4707272506481965
93becbec-6a43-428a-a1ce-6b096c956ca7,BTC,1615970199,4.072892522732282
f1010a49-5aa3-477c-bb16-4d5aebb637c0,EUR,1615977323,9.924531913175734
fe2f78e2-7054-4eba-ad62-6c2164a7e3e3,EUR,1615985331,5.51591292396553
55578bf3-84af-4f11-bf24-6be394197c26,USD,1615998078,-3.1518918385860983
fe3b675f-21d2-4b79-b25f-45150d0e837a,ETH,1616002737,6.214019232417197
3063533e-d3d2-46ca-91f5-6168c95c9835,ETH,1616005675,7.690307156501635
beed12b3-f39a-43dc-bee6-721a89c0a937,ETH,1616016204,-7.82079255123056
fe3b675f-21d2-4b79-b25f-45150d0e837a,EUR,1616032994,0.010675834272035445
1c624660-7fbd-43a5-b791-c997b810db49,EUR,1616037571,-8.16847072697925
9287b4ea-2911-45b2-8da7-cc3ca70cb118,USD,1616049442,-7.180504059674231
9287b4ea-2911-45b2-8da7-cc3ca70cb118,XPR,1616052981,-1.745434152412873
f41feb3a-a469-487a-bc9d-59a0dfd89c29,BTC,1616064552,-6.026149154247364
a61e005c-af0a-4820-8cd1-8029218fb066,BTC,1616087315,1.6801756140611985
f41feb3a-a469-487a-bc9d-59a0dfd89c29,BTC,1616096906,3.2411691043146824
044ebe23-2980-4172-aa8b-f59e48b07343,BTC,1616102438,-4.594361237413218
beed12b3-f39a-43dc-bee6-721a89c0a937,BTC,1616108986,-7.927153650617933
fe3b675f-21d2-4b79-b25f-45150d0e837a,EUR,1616117280,-0.440108104650875
e84d7bec-86b6-4f13-892c-1970e2d466bc,USD,1616123649,2.459387993159993
a16bc127-d4af-4611-b5e6-9f9e451a851f,EUR,1616124835,-5.937054856056392
a61e005c-af0a-4820-8cd1-8029218fb066,ETH,1616127788,3.299725850939449
e2b54159-2bf7-4b89-850b-9f1c680b6bbe,USD,1616144195,2.2947532992412505
c2e51592-d482-4909-892e-01b0a8a0d423,EUR,1616157215,2.8800093722400906
e2b54159-2bf7-4b89-850b-9f1c680b6bbe,EUR,1616161775,-4.853462277494101
3063533e-d3d2-46ca-91f5-6168c95c9835,USD,1616166808,-7.47833760979379
e2b54159-2bf7-4b89-850b-9f1c680b6bbe,USD,1616220238,9.618298791849924
d1bfeb51-cf4e-43b4-af30-434bf70a7e5f,USD,1616226547,-3.25525801866352
93becbec-6a43-428a-a1ce-6b096c956ca7,XPR,1616239655,-1.7557978630432984
3063533e-d3d2-46ca-91f5-6168c95c9835,USD,1616241483,-3.1728156753905594
335809b4-e5f6-4eeb-872d-539052a9546d,EUR,1616245149,1.763474295447498
4760ba51-fb20-47c1-8751-abd21264713a,BTC,1616256030,9.456849109572154
f41feb3a-a469-487a-bc9d-59a0dfd89c29,ETH,1616261371,8.099758989951415
f41feb3a-a469-487a-bc9d-59a0dfd89c29,EUR,1616263195,-3.6766169670337634
b61477de-b466-4b13-8a72-e80a721689ca,USD,1616266630,-9.734697558126136
93becbec-6a43-428a-a1ce-6b096c956ca7,USD,1616292438,7.243037273475142
9287b4ea-2911-45b2-8da7-cc3ca70cb118,EUR,1616293518,-6.820726779284582
fe3b675f-21d2-4b79-b25f-45150d0e837a,USD,1616296271,0.8981484296653264
beed12b3-f39a-43dc-bee6-721a89c0a937,EUR,1616298268,4.872908857583493
5b8e58a5-9b9f-4f1b-969f-21dbee72f0bb,EUR,1616303477,5.2268510035566464
a61e005c-af0a-4820-8cd1-8029218fb066,ETH,1616308574,4.193553132457415
9287b4ea-2911-45b2-8da7-cc3ca70cb118,ETH,1616324848,-8.377067368915707
38a23cc5-363b-43c7-ba39-5daa13ed4e2b,EUR,1616339256,1.632906016050681
a61e005c-af0a-4820-8cd1-8029218fb066,ETH,1616347682,-8.177943364162694
ec22ff9f-6f33-4055-bc53-7ee7d8b51c05,USD,1616352172,1.1927998134445517
e2b54159-2bf7-4b89-850b-9f1c680b6bbe,BAT,1616357624,0.16304251209805898
9287b4ea-2911-45b2-8da7-cc3ca70cb118,ETH,1616364447,-9.167260229712866
75845357-d843-4036-841a-d2e6088b72ce,EUR,1616367516,-3.8191547076335075
beed12b3-f39a-43dc-bee6-721a89c0a937,BTC,1616373852,0.009078492775593361
ec22ff9f-6f33-4055-bc53-7ee7d8b51c05,USD,1616373988,8.531491685958326
5dd16e20-7875-458f-bee4-29f27dd61bbd,EUR,1616381972,2.2801682092442803
a61e005c-af0a-4820-8cd1-8029218fb066,BTC,1616388749,7.518616110315211
55578bf3-84af-4f11-bf24-6be394197c26,ETH,1616388981,-9.265443314316443
e2b54159-2bf7-4b89-850b-9f1c680b6bbe,XPR,1616390310,-9.539097719603689
fe3b675f-21d2-4b79-b25f-45150d0e837a,EUR,1616404159,-5.59954861701903
9287b4ea-2911-45b2-8da7-cc3ca70cb118,ETH,1616419263,8.246968444334392
ec22ff9f-6f33-4055-bc53-7ee7d8b51c05,ETH,1616446267,-1.7591310621473717
68b37b28-d244-45ab-94c4-21f57bb55a62,EUR,1616455350,-9.165106394740567
fe3b675f-21d2-4b79-b25f-45150d0e837a,ETH,1616467812,7.812234405429066
df2392b6-0dd6-4e24-82fb-b0a403615b06,BAT,1616471968,9.55731826605852
9287b4ea-2911-45b2-8da7-cc3ca70cb118,ETH,1616477345,6.121251031035367
ec22ff9f-6f33-4055-bc53-7ee7d8b51c05,ETH,1616498392,6.0365777472395585
93becbec-6a43-428a-a1ce-6b096c956ca7,BTC,1616520178,-9.889144617149972
414e4248-1b1e-4a8e-af48-e65d6c6eef6b,USD,1616521149,4.176768719930106
75845357-d843-4036-841a-d2e6088b72ce,USD,1616522161,1.4590838192396038
75845357-d843-4036-841a-d2e6088b72ce,EUR,1616525892,-6.118678996116684
ec22ff9f-6f33-4055-bc53-7ee7d8b51c05,USD,1616526577,1.4284060189757515
d858e131-0a18-45b3-92a5-77467ce513a5,EUR,1616529899,-9.517655173933122
9287b4ea-2911-45b2-8da7-cc3ca70cb118,ETH,1616531763,0.9081682694301758
5a623012-bb14-4bc5-977a-8d57033a1342,XPR,1616535789,-4.224979582203538
9287b4ea-2911-45b2-8da7-cc3ca70cb118,EUR,1616536459,5.296533472671188
55578bf3-84af-4f11-bf24-6be394197c26,EUR,1616540720,-4.221228817327864
e2b54159-2bf7-4b89-850b-9f1c680b6bbe,EUR,1616564187,-1.3797299860393224
ec22ff9f-6f33-4055-bc53-7ee7d8b51c05,ETH,1616566241,-2.5487878958059635
fe3b675f-21d2-4b79-b25f-45150d0e837a,BTC,1616573923,2.6996825849435684
3063533e-d3d2-46ca-91f5-6168c95c9835,USD,1616574869,-7.92653819927815
e84d7bec-86b6-4f13-892c-1970e2d466bc,ETH,1616582439,-0.6602342146023155
fe3b675f-21d2-4b79-b25f-45150d0e837a,ETH,1616603636,-3.5849398466497684
ec22ff9f-6f33-4055-bc53-7ee7d8b51c05,EUR,1616604294,-1.263260060721283
01f5b699-535e-415c-af84-446e5c00385e,USD,1616605350,-4.890858550440427
259c4a32-9c8f-474a-9f8b-3a9ded89e9b3,EUR,1616611927,-8.767741869506251
a61e005c-af0a-4820-8cd1-8029218fb066,BTC,1616612450,3.1447063800466974
ec22ff9f-6f33-4055-bc53-7ee7d8b51c05,EUR,1616614829,9.450284544587845
93becbec-6a43-428a-a1ce-6b096c956ca7,XPR,1616618144,-8.716926081825282
beed12b3-f39a-43dc-bee6-721a89c0a937,EUR,1616625323,2.0505417110404593
d216d37c-df5d-4c8d-a79d-8cb1f7dbc0f7,BTC,1616637317,-4.575636510704266
78db312b-071d-41d4-8ed6-d46411f44aa4,BTC,1616648105,6.9972074037323395
f8259c81-0d30-436b-bb3e-156cc731e641,BTC,1616682221,6.3509728704083415
f1010a49-5aa3-477c-bb16-4d5aebb637c0,BTC,1616709716,-0.8634500302018449
9b889da5-cd5e-4fea-9680-e4aef39193ad,BTC,1616731869,7.362446413632512
335809b4-e5f6-4eeb-872d-539052a9546d,XPR,1616741580,0.25960645658914494
f1bc887e-df8c-4d6d-b633-a0432564e31a,ETH,1616747992,3.426481417356378
beed12b3-f39a-43dc-bee6-721a89c0a937,BTC,1616748803,5.367103224943968
7e26da7f-3fe1-4790-a9bf-147bf2a852ec,XPR,1616751377,-8.309265896767883
beed12b3-f39a-43dc-bee6-721a89c0a937,ETH,1616755768,-3.4137593454397113
ec22ff9f-6f33-4055-bc53-7ee7d8b51c05,USD,1616767967,6.717693822731828
3063533e-d3d2-46ca-91f5-6168c95c9835,BTC,1616773936,6.606961710670166
5b1caf3b-c40b-419f-b819-86b258ae3a18,BTC,1616781291,3.5861398440646024
e2b54159-2bf7-4b89-850b-9f1c680b6bbe,BTC,1616792073,9.067654805853227
e2b54159-2bf7-4b89-850b-9f1c680b6bbe,USD,1616797588,-2.317879493152981
e2b54159-2bf7-4b89-850b-9f1c680b6bbe,EUR,1616802016,-6.055835986956806
9287b4ea-2911-45b2-8da7-cc3ca70cb118,USD,1616802701,8.259903518286876
a61e005c-af0a-4820-8cd1-8029218fb066,CAD,1616803670,8.547493519452601
fe3b675f-21d2-4b79-b25f-45150d0e837a,BAT,1616823550,4.862170638120864
75845357-d843-4036-841a-d2e6088b72ce,BTC,1616826116,-3.382509730206129
38a23cc5-363b-43c7-ba39-5daa13ed4e2b,EUR,1616826378,-0.7503294681028763
992286bf-16a1-43d3-a31d-642222d91603,BTC,1616836136,-0.7421604218400333
beed12b3-f39a-43dc-bee6-721a89c0a937,BTC,1616840972,-4.6006715690292355
ec22ff9f-6f33-4055-bc53-7ee7d8b51c05,USD,1616844453,1.1876044172936098
5dd16e20-7875-458f-bee4-29f27dd61bbd,BTC,1616881126,-6.035728617761887
5b8e58a5-9b9f-4f1b-969f-21dbee72f0bb,BTC,1616894023,-6.448887644989831
df2392b6-0dd6-4e24-82fb-b0a403615b06,BTC,1616897652,8.571010999971275
ec22ff9f-6f33-4055-bc53-7ee7d8b51c05,ETH,1616903049,-0.16115513690806438
fe3b675f-21d2-4b79-b25f-45150d0e837a,BTC,1616904844,8.368043037368025
beed12b3-f39a-43dc-bee6-721a89c0a937,EUR,1616916620,-2.2706362621143494
e2b54159-2bf7-4b89-850b-9f1c680b6bbe,EUR,1616916633,-9.145049168718831
ec22ff9f-6f33-4055-bc53-7ee7d8b51c05,ETH,1616928944,-3.3680121964643472
01f5b699-535e-415c-af84-446e5c00385e,ETH,1616942123,-8.69845035869852
f41feb3a-a469-487a-bc9d-59a0dfd89c29,BTC,1616960432,0.705034589438311
e64722ab-ac45-4631-80ac-c45da5ff8c01,ETH,1616961826,-7.641606686007063
e84d7bec-86b6-4f13-892c-1970e2d466bc,USD,1616967737,9.767679575823884
ec22ff9f-6f33-4055-bc53-7ee7d8b51c05,USD,1616996659,7.160135175278985
78fec595-1f14-4e85-b295-e430a6ba7686,BTC,1616999521,7.6387236444893745
fe3b675f-21d2-4b79-b25f-45150d0e837a,USD,1617002338,-3.3871080585093116
ec22ff9f-6f33-4055-bc53-7ee7d8b51c05,EUR,1617010537,-9.17237224770545
d1bfeb51-cf4e-43b4-af30-434bf70a7e5f,USD,1617014581,7.577363680448496
a61e005c-af0a-4820-8cd1-8029218fb066,BTC,1617030969,7.454587634978921
fe3b675f-21d2-4b79-b25f-45150d0e837a,BTC,1617037856,-2.190663531405539
a61e005c-af0a-4820-8cd1-8029218fb066,CAD,1617044877,5.2161763223386295
5e106318-4553-4462-b510-5438b6a329e5,EUR,1617044983,-6.080900256500978
93becbec-6a43-428a-a1ce-6b096c956ca7,ETH,1617045183,-7.617562177715462
ec22ff9f-6f33-4055-bc53-7ee7d8b51c05,BTC,1617048516,-3.335799267669561
fe3b675f-21d2-4b79-b25f-45150d0e837a,BTC,1617049333,9.361464207358953
4832c931-325f-4bda-9926-9dfc310ccbad,BTC,1617064886,4.600626820594842
3063533e-d3d2-46ca-91f5-6168c95c9835,EUR,1617071954,-4.526562647061006
3063533e-d3d2-46ca-91f5-6168c95c9835,EUR,1617082806,-9.189610554049212
93becbec-6a43-428a-a1ce-6b096c956ca7,EUR,1617092808,1.518942752672455
beed12b3-f39a-43dc-bee6-721a89c0a937,EUR,1617099212,-0.14989025563377467
beed12b3-f39a-43dc-bee6-721a89c0a937,USD,1617100578,-7.263327911350017
3063533e-d3d2-46ca-91f5-6168c95c9835,BTC,1617117079,-6.657519344888037
93becbec-6a43-428a-a1ce-6b096c956ca7,USD,1617118303,3.717336350983093
f41feb3a-a469-487a-bc9d-59a0dfd89c29,ETH,1617136802,-6.880623738837562
beed12b3-f39a-43dc-bee6-721a89c0a937,CAD,1617137050,6.00869937268612
a61e005c-af0a-4820-8cd1-8029218fb066,USD,1617150961,-5.975286308376397
d137f350-8287-42e4-99aa-cd56cb77aa8f,BAT,1617161703,-8.421778052651067
9287b4ea-2911-45b2-8da7-cc3ca70cb118,EUR,1617167617,-2.280745571956717
e2b54159-2bf7-4b89-850b-9f1c680b6bbe,EUR,1617205778,3.782341313660357
75845357-d843-4036-841a-d2e6088b72ce,BTC,1617210507,0.4202469421847468
e2b54159-2bf7-4b89-850b-9f1c680b6bbe,BTC,1617227843,0.330239233847216
e2b54159-2bf7-4b89-850b-9f1c680b6bbe,ETH,1617245594,-9.101265596069304
ec22ff9f-6f33-4055-bc53-7ee7d8b51c05,USD,1617249545,-7.851768822326797
ec22ff9f-6f33-4055-bc53-7ee7d8b51c05,EUR,1617267771,2.4535869047797387
7d6a9d9e-25b5-4ce1-b8bd-087f702725cc,BTC,1617269222,6.7680600787350755
f41feb3a-a469-487a-bc9d-59a0dfd89c29,CAD,1617281418,3.36316998456301
f2bd38cb-310b-457e-8cb1-c8b5bb589288,EUR,1617322467,9.161368472355381
9287b4ea-2911-45b2-8da7-cc3ca70cb118,BTC,1617322637,5.243261050173864
9287b4ea-2911-45b2-8da7-cc3ca70cb118,BTC,1617326110,-9.066570833060602
93becbec-6a43-428a-a1ce-6b096c956ca7,ETH,1617333351,-0.7835577896027637
934357bf-b14a-4da8-8b0c-ed0c28540389,USD,1617334533,-8.168551682771234
3caf1a3a-46cf-4c91-b352-9ea9f0c571ec,BTC,1617351515,-6.769953987696027
fe3b675f-21d2-4b79-b25f-45150d0e837a,BTC,1617353955,5.150860694073359
fe3b675f-21d2-4b79-b25f-45150d0e837a,ETH,1617358106,-0.6161984754425944
e2b54159-2bf7-4b89-850b-9f1c680b6bbe,XPR,1617361082,0.6797788370077402
beed12b3-f39a-43dc-bee6-721a89c0a937,ETH,1617378926,7.478277227872908
3063533e-d3d2-46ca-91f5-6168c95c9835,USD,1617394934,1.8828523660997938
fe3b675f-21d2-4b79-b25f-45150d0e837a,BTC,1617397230,-9.266370168841203
fe3b675f-21d2-4b79-b25f-45150d0e837a,BTC,1617408965,2.9840321112029216
f30a7fba-468c-4b04-aac4-8cf836652573,BAT,1617410635,-5.874765744342612
75845357-d843-4036-841a-d2e6088b72ce,ETH,1617416369,9.910608196520666
fe3b675f-21d2-4b79-b25f-45150d0e837a,EUR,1617432077,-5.0960375428571325
beed12b3-f39a-43dc-bee6-721a89c0a937,ETH,1617434995,5.137941209362181
beed12b3-f39a-43dc-bee6-721a89c0a937,ETH,1617444335,-5.735589747586274
93becbec-6a43-428a-a1ce-6b096c956ca7,BTC,1617451154,-7.47388236963695
c2e51592-d482-4909-892e-01b0a8a0d423,USD,1617457201,4.858738556201965
f41feb3a-a469-487a-bc9d-59a0dfd89c29,BTC,1617472020,-0.8392683905927854
93becbec-6a43-428a-a1ce-6b096c956ca7,BTC,1617475887,-4.138893403328132
9287b4ea-2911-45b2-8da7-cc3ca70cb118,ETH,1617481851,-3.8636586916735833
fe2f78e2-7054-4eba-ad62-6c2164a7e3e3,BTC,1617492085,4.49044766984281
beed12b3-f39a-43dc-bee6-721a89c0a937,EUR,1617499998,8.056688936182969
9287b4ea-2911-45b2-8da7-cc3ca70cb118,BTC,1617518557,0.6195661449269032
5b1caf3b-c40b-419f-b819-86b258ae3a18,EUR,1617534331,9.60153748092587
ec22ff9f-6f33-4055-bc53-7ee7d8b51c05,USD,1617536137,-8.013767450549205
93becbec-6a43-428a-a1ce-6b096c956ca7,ETH,1617557123,-8.547788735495576
0615a717-29b9-4c76-826a-ece60a60f3ae,XPR,1617586191,-3.417330362563053
25382ae7-1c6c-4b32-a120-7717c6f4080a,EUR,1617586794,2.555536521627202
93becbec-6a43-428a-a1ce-6b096c956ca7,ETH,1617607724,-6.471677076455499
9287b4ea-2911-45b2-8da7-cc3ca70cb118,BTC,1617616000,7.33167266012568
89e5edba-3eef-4514-856a-287526ae50fa,EUR,1617622672,0.1693615949398346
a947e704-dbd7-430b-adf4-7039824b8d63,USD,1617633597,-0.4692553935025501
f41feb3a-a469-487a-bc9d-59a0dfd89c29,BTC,1617646168,-9.964736267335859
a61e005c-af0a-4820-8cd1-8029218fb066,BTC,1617648892,-3.1367956311181207
335809b4-e5f6-4eeb-872d-539052a9546d,BTC,1617655442,9.523811393283832
c98bc1a8-6926-4a59-83c9-09de99a905b4,XPR,1617663220,-4.479352877458938
4832c931-325f-4bda-9926-9dfc310ccbad,USD,1617663376,4.219491450008535
a29da963-12ff-433b-9872-cf9533a3f170,BAT,1617672422,8.16759724842213
fe3b675f-21d2-4b79-b25f-45150d0e837a,EUR,1617681846,1.7232001868035454
9287b4ea-2911-45b2-8da7-cc3ca70cb118,BTC,1617694377,7.805589311727282
cb1a5abb-9cf9-4e37-91ab-83d3959b1277,EUR,1617701089,-9.234932784157895
a29da963-12ff-433b-9872-cf9533a3f170,ETH,1617712154,-8.049570503559512
3063533e-d3d2-46ca-91f5-6168c95c9835,USD,1617714634,-5.6816703648617235
5b8e58a5-9b9f-4f1b-969f-21dbee72f0bb,ETH,1617720480,-0.325988608255825
fe3b675f-21d2-4b79-b25f-45150d0e837a,XPR,1617723599,-3.237615166696677
a61e005c-af0a-4820-8cd1-8029218fb066,XPR,1617732156,-8.938401828879371
75845357-d843-4036-841a-d2e6088b72ce,USD,1617734679,-4.933349925484962
9287b4ea-2911-45b2-8da7-cc3ca70cb118,EUR,1617734891,-7.277086189553154
a02bd628-3dc5-46ba-98eb-42abbce82ad3,ETH,1617736676,-4.034142109759902
c85a849b-72dd-43a9-9b24-4815240184b4,BTC,1617741655,5.394484651989135
3063533e-d3d2-46ca-91f5-6168c95c9835,ETH,1617745169,-3.768208947135065
3caf1a3a-46cf-4c91-b352-9ea9f0c571ec,USD,1617785652,-8.149404755424921
e64722ab-ac45-4631-80ac-c45da5ff8c01,ETH,1617786571,4.865994181573377
93becbec-6a43-428a-a1ce-6b096c956ca7,EUR,1617790169,-4.153523968984314
9287b4ea-2911-45b2-8da7-cc3ca70cb118,ETH,1617791090,2.249261236486591
55578bf3-84af-4f11-bf24-6be394197c26,ETH,1617831532,-9.842726190347818
e2b54159-2bf7-4b89-850b-9f1c680b6bbe,BTC,1617835407,0.8049502026228161
d94aed09-3f48-4b79-ae7d-a8f2cbf69501,EUR,1617838606,-1.629605896759287
3063533e-d3d2-46ca-91f5-6168c95c9835,ETH,1617852029,-0.02556806514898824
ec22ff9f-6f33-4055-bc53-7ee7d8b51c05,ETH,1617852093,-9.155854754864157
a61e005c-af0a-4820-8cd1-8029218fb066,ETH,1617875595,-2.968135728437515
beed12b3-f39a-43dc-bee6-721a89c0a937,BTC,1617890518,6.0205405329908
75845357-d843-4036-841a-d2e6088b72ce,BTC,1617890878,6.557139620240314
044ebe23-2980-4172-aa8b-f59e48b07343,XPR,1617892712,1.1363369906654786
e2b54159-2bf7-4b89-850b-9f1c680b6bbe,BTC,1617897490,1.2135369269626413
9287b4ea-2911-45b2-8da7-cc3ca70cb118,BTC,1617937641,-0.1777437942078901
7c615c0c-a984-410a-bbe4-7f9b06d717f8,BTC,1617990494,-4.908829460414323
75845357-d843-4036-841a-d2e6088b72ce,ETH,1617991529,-1.9634838496530822
a61e005c-af0a-4820-8cd1-8029218fb066,USD,1618002979,-2.2307475002049166
93becbec-6a43-428a-a1ce-6b096c956ca7,USD,1618025784,-7.423009167585953
93becbec-6a43-428a-a1ce-6b096c956ca7,ETH,1618035629,6.0517334179617706
9287b4ea-2911-45b2-8da7-cc3ca70cb118,EUR,1618038127,8.527847960020527
a61e005c-af0a-4820-8cd1-8029218fb066,USD,1618059163,5.684243918172493
8f08a9c5-0884-4bd2-8d00-d772d32654a1,BTC,1618082473,2.903963645153638
cc19a596-79eb-4ae6-92a8-6f7ff846355a,BTC,1618098553,7.4856637701902
f41feb3a-a469-487a-bc9d-59a0dfd89c29,ETH,1618128560,7.250113097846594
beed12b3-f39a-43dc-bee6-721a89c0a937,BAT,1618178475,-8.838140173838605
9287b4ea-2911-45b2-8da7-cc3ca70cb118,USD,1618181353,9.205223965126056
335809b4-e5f6-4eeb-872d-539052a9546d,ETH,1618194328,-7.72341673711904
197e14d9-700c-4d53-8b6e-f2c45d2bfac9,USD,1618202525,5.105607139748434
9287b4ea-2911-45b2-8da7-cc3ca70cb118,ETH,1618207944,-7.795342160932037
a61e005c-af0a-4820-8cd1-8029218fb066,USD,1618229324,1.1411368540736966
beed12b3-f39a-43dc-bee6-721a89c0a937,ETH,1618231480,3.4589582142988284
75845357-d843-4036-841a-d2e6088b72ce,USD,1618239506,7.92199920089131
93becbec-6a43-428a-a1ce-6b096c956ca7,ETH,1618240524,0.3551118310857042
e3b2edbd-dff0-40c2-bfa2-20dfa632954e,BTC,1618261878,-9.441106410633036
f41feb3a-a469-487a-bc9d-59a0dfd89c29,USD,1618286192,4.98479921339384
ec22ff9f-6f33-4055-bc53-7ee7d8b51c05,ETH,1618286342,8.632374840646332
beed12b3-f39a-43dc-bee6-721a89c0a937,USD,1618291285,2.596905510312995
a61e005c-af0a-4820-8cd1-8029218fb066,BAT,1618305666,3.729960914234473
fe3b675f-21d2-4b79-b25f-45150d0e837a,ETH,1618306215,-4.247953501539012
a16bc127-d4af-4611-b5e6-9f9e451a851f,USD,1618321477,1.3770860931556932
beed12b3-f39a-43dc-bee6-721a89c0a937,BTC,1618325914,-6.557237182183471
3063533e-d3d2-46ca-91f5-6168c95c9835,ETH,1618330877,1.0006736075659166
9287b4ea-2911-45b2-8da7-cc3ca70cb118,USD,1618335076,2.9153282856099985
9287b4ea-2911-45b2-8da7-cc3ca70cb118,BTC,1618339298,0.8628868293203507
75845357-d843-4036-841a-d2e6088b72ce,ETH,1618356451,1.6266542982117898
d94aed09-3f48-4b79-ae7d-a8f2cbf69501,EUR,1618365585,-6.108151233464536
75845357-d843-4036-841a-d2e6088b72ce,XPR,1618370136,-4.051181304530383
fe3b675f-21d2-4b79-b25f-45150d0e837a,BAT,1618376339,-0.3323304308348547
beed12b3-f39a-43dc-bee6-721a89c0a937,ETH,1618388735,-7.692527788351329
f41feb3a-a469-487a-bc9d-59a0dfd89c29,ETH,1618390422,3.6206396210868412
f41feb3a-a469-487a-bc9d-59a0dfd89c29,ETH,1618409610,-0.10064641347192982
a61e005c-af0a-4820-8cd1-8029218fb066,USD,1618410755,-7.735843691516456
0615a717-29b9-4c76-826a-ece60a60f3ae,BTC,1618413256,-7.46962207964174
ec22ff9f-6f33-4055-bc53-7ee7d8b51c05,CAD,1618422132,-2.199700678404861
79b2b699-e758-48a8-bc3b-379fa77bb478,BAT,1618437243,-2.902056579570777
beed12b3-f39a-43dc-bee6-721a89c0a937,BTC,1618445464,-3.7898956587925277
ec22ff9f-6f33-4055-bc53-7ee7d8b51c05,USD,1618467182,6.498791451695876
89e5edba-3eef-4514-856a-287526ae50fa,EUR,1618470432,3.369851629481671
dc45ff15-8e0b-4d6a-ba44-195073e4bd0a,EUR,1618475115,9.284210863094216
fe3b675f-21d2-4b79-b25f-45150d0e837a,BTC,1618482184,0.6864245701610052
7c615c0c-a984-410a-bbe4-7f9b06d717f8,BTC,1618497915,-4.006795691749325
93becbec-6a43-428a-a1ce-6b096c956ca7,BTC,1618502664,9.26895968791214
75845357-d843-4036-841a-d2e6088b72ce,BTC,1618509140,3.345860941031532
e2b54159-2bf7-4b89-850b-9f1c680b6bbe,ETH,1618518321,1.3171068239366335
7d6a9d9e-25b5-4ce1-b8bd-087f702725cc,EUR,1618521866,-6.506127272421185
9287b4ea-2911-45b2-8da7-cc3ca70cb118,USD,1618531320,-5.742320409792412
5d47c0f3-920d-49f5-b9b3-5afeca5ece24,USD,1618547238,0.16572643454568592
f30a7fba-468c-4b04-aac4-8cf836652573,ETH,1618548304,-2.5105762866445307
4b2f64c2-d6b2-421b-a6af-685573cd7f56,BTC,1618552430,-4.731835606725796
197e14d9-700c-4d53-8b6e-f2c45d2bfac9,USD,1618557379,2.114001019063412
a29da963-12ff-433b-9872-cf9533a3f170,EUR,1618557982,4.642436644990283
93becbec-6a43-428a-a1ce-6b096c956ca7,BTC,1618565862,2.4885398130084972
9287b4ea-2911-45b2-8da7-cc3ca70cb118,ETH,1618566385,-7.198288132534056
6044e2ef-8425-487c-b8bf-b88a87cc43f9,BTC,1618568784,4.623779279064637
beed12b3-f39a-43dc-bee6-721a89c0a937,ETH,1618569312,1.7482387390945533
75845357-d843-4036-841a-d2e6088b72ce,USD,1618576595,4.60949899744557
beed12b3-f39a-43dc-bee6-721a89c0a937,BTC,1618581452,3.866908800402399
75845357-d843-4036-841a-d2e6088b72ce,USD,1618587822,9.29735122993106
5b1caf3b-c40b-419f-b819-86b258ae3a18,BTC,1618603498,-5.27800601636603
a02bd628-3dc5-46ba-98eb-42abbce82ad3,EUR,1618609073,6.907158161695129
f41feb3a-a469-487a-bc9d-59a0dfd89c29,USD,1618613976,5.703192138041029
a61e005c-af0a-4820-8cd1-8029218fb066,CAD,1618615177,-4.929979263759603
464298b8-8b92-463e-949b-3ba65c3b58c6,ETH,1618616274,-3.342393838575819
93becbec-6a43-428a-a1ce-6b096c956ca7,BAT,1618627336,8.922963464487317
3063533e-d3d2-46ca-91f5-6168c95c9835,ETH,1618630186,-5.645875230388557
75845357-d843-4036-841a-d2e6088b72ce,BTC,1618631874,-4.5196577520509
5fec4264-78eb-43ed-9c3d-33b6e58a8c3f,EUR,1618640011,3.1502239176908216
beed12b3-f39a-43dc-bee6-721a89c0a937,BTC,1618673976,-4.450035306526409
e2b54159-2bf7-4b89-850b-9f1c680b6bbe,BTC,1618683686,3.6826090922689403
3063533e-d3d2-46ca-91f5-6168c95c9835,BTC,1618704653,-2.0281051225281903
ec22ff9f-6f33-4055-bc53-7ee7d8b51c05,EUR,1618729357,2.4045128922351484
beed12b3-f39a-43dc-bee6-721a89c0a937,EUR,1618736284,-1.758364410430758
d1bfeb51-cf4e-43b4-af30-434bf70a7e5f,ETH,1618741962,4.014560777878815
3063533e-d3d2-46ca-91f5-6168c95c9835,EUR,1618743382,0.7924012449069213
f41feb3a-a469-487a-bc9d-59a0dfd89c29,ETH,1618747035,-6.919313780109821
9287b4ea-2911-45b2-8da7-cc3ca70cb118,ETH,1618750973,-3.287637314400527
a61e005c-af0a-4820-8cd1-8029218fb066,USD,1618752880,-3.8720486028527574
ab77e7b3-19cf-4680-a47f-28b90448335c,EUR,1618767780,9.98649850625344
bdbeede3-8470-4baf-9f28-8f9e01b935d6,ETH,1618778045,-7.311739678414318
55578bf3-84af-4f11-bf24-6be394197c26,USD,1618778919,-8.60442866139774
e2b54159-2bf7-4b89-850b-9f1c680b6bbe,USD,1618792009,7.636393609908456
d858e131-0a18-45b3-92a5-77467ce513a5,EUR,1618793086,7.13214600872961
fe3b675f-21d2-4b79-b25f-45150d0e837a,EUR,1618804035,-2.447094364450731
fe3b675f-21d2-4b79-b25f-45150d0e837a,USD,1618808503,8.092745407648106
beed12b3-f39a-43dc-bee6-721a89c0a937,BTC,1618811255,5.681352808981583
945d4c4d-4281-4ff9-a6fe-de9dfd858f72,USD,1618824311,-4.846709588034825
6044e2ef-8425-487c-b8bf-b88a87cc43f9,BTC,1618826684,9.068784258008431
3633f00d-bf93-44be-9ad2-4c7a0e1e5679,ETH,1618842694,-6.819718532138652
fa3e5601-04c5-4918-9c31-0d02d5ed3431,ETH,1618866396,5.936466927031805
fe3b675f-21d2-4b79-b25f-45150d0e837a,BTC,1618872755,0.8819607141634638
6044e2ef-8425-487c-b8bf-b88a87cc43f9,BTC,1618876693,4.48796668911279
ec22ff9f-6f33-4055-bc53-7ee7d8b51c05,ETH,1618885058,1.1243364467242571
9b2e8458-726f-42d9-97cb-5e66de168da5,EUR,1618889330,-3.909189224778813
ec22ff9f-6f33-4055-bc53-7ee7d8b51c05,XPR,1618899193,9.887918458307166
f89443b9-1dfe-427e-b718-8846f977bf51,USD,1618912935,1.7238592748106267
e2b54159-2bf7-4b89-850b-9f1c680b6bbe,EUR,1618917066,-1.4361863300771063
4760ba51-fb20-47c1-8751-abd21264713a,EUR,1618918651,6.4962561035633755
93becbec-6a43-428a-a1ce-6b096c956ca7,BTC,1618941450,-3.487796975715338
3063533e-d3d2-46ca-91f5-6168c95c9835,EUR,1618945246,4.5037421749888615
3063533e-d3d2-46ca-91f5-6168c95c9835,ETH,1618946310,0.6362018011791193
3063533e-d3d2-46ca-91f5-6168c95c9835,ETH,1618957585,9.944773233020822
e2b54159-2bf7-4b89-850b-9f1c680b6bbe,EUR,1618979653,-7.896645245548532
a61e005c-af0a-4820-8cd1-8029218fb066,BTC,1618985895,-4.7527635463516305
f30a7fba-468c-4b04-aac4-8cf836652573,EUR,1619006809,5.751053386702088
75845357-d843-4036-841a-d2e6088b72ce,ETH,1619008698,4.175832454642416
fe3b675f-21d2-4b79-b25f-45150d0e837a,ETH,1619014109,2.8706312629551753
8f08a9c5-0884-4bd2-8d00-d772d32654a1,BAT,1619025247,8.095767099527016
93becbec-6a43-428a-a1ce-6b096c956ca7,EUR,1619033368,3.629202666351098
3063533e-d3d2-46ca-91f5-6168c95c9835,XPR,1619079290,1.031762249253596
3063533e-d3d2-46ca-91f5-6168c95c9835,USD,1619106308,-2.180218463118109
ab77e7b3-19cf-4680-a47f-28b90448335c,BTC,1619125104,-4.349037989030197
93becbec-6a43-428a-a1ce-6b096c956ca7,EUR,1619151519,-2.318845323088743
f41feb3a-a469-487a-bc9d-59a0dfd89c29,USD,1619152801,3.673874951751513
fe3b675f-21d2-4b79-b25f-45150d0e837a,ETH,1619164577,0.8795858873648079
beed12b3-f39a-43dc-bee6-721a89c0a937,ETH,1619169555,7.0160135256052705
a61e005c-af0a-4820-8cd1-8029218fb066,ETH,1619170561,-3.919442705139833
93becbec-6a43-428a-a1ce-6b096c956ca7,EUR,1619198981,-9.903353416450845
3063533e-d3d2-46ca-91f5-6168c95c9835,ETH,1619213947,2.179792361795128
d216d37c-df5d-4c8d-a79d-8cb1f7dbc0f7,BTC,1619214362,-4.977469589927958
27ad712a-9148-4b34-83ec-8bae3ea4cdbf,USD,1619214377,-6.928588946416292
e2b54159-2bf7-4b89-850b-9f1c680b6bbe,USD,1619221819,-4.378862873469023
3063533e-d3d2-46ca-91f5-6168c95c9835,BTC,1619226836,-5.18745393509416
3063533e-d3d2-46ca-91f5-6168c95c9835,XPR,1619230010,6.944086514627056
f41feb3a-a469-487a-bc9d-59a0dfd89c29,USD,1619237227,9.541730619575702
f89443b9-1dfe-427e-b718-8846f977bf51,USD,1619257911,-8.86243004569652
93becbec-6a43-428a-a1ce-6b096c956ca7,USD,1619258506,1.719609111360171
dc45ff15-8e0b-4d6a-ba44-195073e4bd0a,EUR,1619263555,9.737312268159446
3063533e-d3d2-46ca-91f5-6168c95c9835,ETH,1619282610,-6.6668190346871326
3063533e-d3d2-46ca-91f5-6168c95c9835,CAD,1619309183,5.188214234436153
e2b54159-2bf7-4b89-850b-9f1c680b6bbe,BTC,1619310569,-5.566085800723437
fe3b675f-21d2-4b79-b25f-45150d0e837a,BTC,1619330369,9.491867741526583
93becbec-6a43-428a-a1ce-6b096c956ca7,BTC,1619340224,7.612643312699358
beed12b3-f39a-43dc-bee6-721a89c0a937,BAT,1619346080,-9.59106963522251
e2b54159-2bf7-4b89-850b-9f1c680b6bbe,USD,1619349532,-9.828349260449729
7e26da7f-3fe1-4790-a9bf-147bf2a852ec,USD,1619363496,2.102157783618532
39b1b575-8789-45b1-bf90-16b30832ecc0,USD,1619364657,-4.158002745347195
c0ad94db-d257-4e4a-84ca-b9e73442cf78,USD,1619375483,-9.020942955400564
f41feb3a-a469-487a-bc9d-59a0dfd89c29,ETH,1619384201,-9.908201061145604
beed12b3-f39a-43dc-bee6-721a89c0a937,ETH,1619384564,-5.100738058564351
e2b54159-2bf7-4b89-850b-9f1c680b6bbe,EUR,1619385993,-6.229394819789931
f1010a49-5aa3-477c-bb16-4d5aebb637c0,USD,1619402034,-3.516437619452823
d858e131-0a18-45b3-92a5-77467ce513a5,BTC,1619415599,7.41136711305202
f41feb3a-a469-487a-bc9d-59a0dfd89c29,EUR,1619420456,-4.046423571000686
fe3b675f-21d2-4b79-b25f-45150d0e837a,BTC,1619434942,-5.668888003724593
ec22ff9f-6f33-4055-bc53-7ee7d8b51c05,EUR,1619442911,9.687380988351904
93becbec-6a43-428a-a1ce-6b096c956ca7,ETH,1619451360,-6.74631154092652
f41feb3a-a469-487a-bc9d-59a0dfd89c29,ETH,1619467581,-7.043366952490739
9287b4ea-2911-45b2-8da7-cc3ca70cb118,BTC,1619472482,-8.131487235077033
e2b54159-2bf7-4b89-850b-9f1c680b6bbe,CAD,1619479564,-0.3193690203156123
93becbec-6a43-428a-a1ce-6b096c956ca7,BAT,1619482983,1.496800498527655
044ebe23-2980-4172-aa8b-f59e48b07343,BTC,1619489685,1.3111446421447077
d216d37c-df5d-4c8d-a79d-8cb1f7dbc0f7,USD,1619494290,-7.02624562438479
d94aed09-3f48-4b79-ae7d-a8f2cbf69501,USD,1619502826,1.6289333125376722
ec22ff9f-6f33-4055-bc53-7ee7d8b51c05,ETH,1619516807,0.5247166405379318
beed12b3-f39a-43dc-bee6-721a89c0a937,USD,1619531134,6.067221860995847
dc45ff15-8e0b-4d6a-ba44-195073e4bd0a,ETH,1619534914,9.006989175505332
1e6d232e-11f4-4cd6-9eb4-020af5d6a1fb,USD,1619535303,7.261521250546835
75845357-d843-4036-841a-d2e6088b72ce,USD,1619536815,-4.684640631960402
9287b4ea-2911-45b2-8da7-cc3ca70cb118,EUR,1619556569,-4.049933345406211
fe3b675f-21d2-4b79-b25f-45150d0e837a,EUR,1619564996,7.854010112974596
3063533e-d3d2-46ca-91f5-6168c95c9835,EUR,1619567427,7.498294812841394
0640659b-bfbc-414c-8e89-4c316287a8dd,ETH,1619579607,7.798076901036271
7d6a9d9e-25b5-4ce1-b8bd-087f702725cc,EUR,1619585429,9.107226762835179
25382ae7-1c6c-4b32-a120-7717c6f4080a,USD,1619594301,-0.05244399316810444
93becbec-6a43-428a-a1ce-6b096c956ca7,BTC,1619606311,-2.1563842301642726
fe3b675f-21d2-4b79-b25f-45150d0e837a,USD,1619607876,1.1251361785555876
75845357-d843-4036-841a-d2e6088b72ce,ETH,1619609984,-8.64056881670152
f41feb3a-a469-487a-bc9d-59a0dfd89c29,ETH,1619611172,-2.7916786018745254
fe3b675f-21d2-4b79-b25f-45150d0e837a,XPR,1619620187,9.572335047630084
92934d8d-a4cc-456f-97ca-c77f528c6bda,ETH,1619626028,-5.963575822305913
e2b54159-2bf7-4b89-850b-9f1c680b6bbe,EUR,1619631854,-7.871457417368148
f41feb3a-a469-487a-bc9d-59a0dfd89c29,USD,1619636894,-7.275334791801464
0615a717-29b9-4c76-826a-ece60a60f3ae,EUR,1619648082,-8.177900925858339
93becbec-6a43-428a-a1ce-6b096c956ca7,EUR,1619652425,1.5982941019071397
0615a717-29b9-4c76-826a-ece60a60f3ae,BTC,1619677525,-1.2157529176364257
f41feb3a-a469-487a-bc9d-59a0dfd89c29,EUR,1619681044,9.956472020425885
f41feb3a-a469-487a-bc9d-59a0dfd89c29,BAT,1619684327,-4.211685304512642
f41feb3a-a469-487a-bc9d-59a0dfd89c29,ETH,1619691448,2.085161818496088
fe3b675f-21d2-4b79-b25f-45150d0e837a,BTC,1619718772,-4.274507509960586
e2b54159-2bf7-4b89-850b-9f1c680b6bbe,EUR,1619719873,-8.217442751088761
fe3b675f-21d2-4b79-b25f-45150d0e837a,EUR,1619725334,3.725023053941996
f41feb3a-a469-487a-bc9d-59a0dfd89c29,CAD,1619750377,7.737989007851386
e2b54159-2bf7-4b89-850b-9f1c680b6bbe,EUR,1619801104,-1.380980852187701
f41feb3a-a469-487a-bc9d-59a0dfd89c29,USD,1619810845,-4.02713462660488
75845357-d843-4036-841a-d2e6088b72ce,EUR,1619814705,4.746328088681434
93becbec-6a43-428a-a1ce-6b096c956ca7,ETH,1619817416,0.5490947579017877
75845357-d843-4036-841a-d2e6088b72ce,ETH,1619817773,-4.652154492515415
6044e2ef-8425-487c-b8bf-b88a87cc43f9,USD,1619824475,8.830190574312557
3caf1a3a-46cf-4c91-b352-9ea9f0c571ec,BTC,1619824815,-1.411364480308146
a61e005c-af0a-4820-8cd1-8029218fb066,USD,1619829723,-3.6173703377559585
f41feb3a-a469-487a-bc9d-59a0dfd89c29,EUR,1619849649,4.3667764325537295
f41feb3a-a469-487a-bc9d-59a0dfd89c29,EUR,1619861494,0.6849530461288857
3063533e-d3d2-46ca-91f5-6168c95c9835,EUR,1619863704,0.39395327988675
f41feb3a-a469-487a-bc9d-59a0dfd89c29,BTC,1619879803,-3.432042852808845
1e6d232e-11f4-4cd6-9eb4-020af5d6a1fb,BTC,1619884669,7.907993261536333
a02bd628-3dc5-46ba-98eb-42abbce82ad3,BTC,1619886484,-6.646861091994827
78fec595-1f14-4e85-b295-e430a6ba7686,EUR,1619892538,1.1618889010636693
75845357-d843-4036-841a-d2e6088b72ce,EUR,1619902657,8.678244966987382
ec22ff9f-6f33-4055-bc53-7ee7d8b51c05,ETH,1619907223,6.555880791750305
a75ecbba-3eb1-43a0-8c9a-863569911bc3,EUR,1619911045,9.57624897580925
3063533e-d3d2-46ca-91f5-6168c95c9835,BTC,1619924422,-0.3440200541496772
f41feb3a-a469-487a-bc9d-59a0dfd89c29,ETH,1619926094,6.853697503851052
75845357-d843-4036-841a-d2e6088b72ce,USD,1619930889,0.6536055832378089
fe3b675f-21d2-4b79-b25f-45150d0e837a,USD,1619934225,0.2657797932441426
7e26da7f-3fe1-4790-a9bf-147bf2a852ec,BTC,1620002595,4.113319193711986
df2392b6-0dd6-4e24-82fb-b0a403615b06,BAT,1620007335,-9.386558498620207
75845357-d843-4036-841a-d2e6088b72ce,ETH,1620010763,-4.345920940616739
8f08a9c5-0884-4bd2-8d00-d772d32654a1,EUR,1620022383,7.053122492516554
9287b4ea-2911-45b2-8da7-cc3ca70cb118,BTC,1620022947,-7.043758523026311
e2b54159-2bf7-4b89-850b-9f1c680b6bbe,EUR,1620023243,-9.763928069816824
75845357-d843-4036-841a-d2e6088b72ce,ETH,1620035179,3.0121761312384017
75845357-d843-4036-841a-d2e6088b72ce,USD,1620047375,8.430222099599447
93becbec-6a43-428a-a1ce-6b096c956ca7,CAD,1620057748,-4.25682164511273
beed12b3-f39a-43dc-bee6-721a89c0a937,CAD,1620059613,6.058336702849104
93becbec-6a43-428a-a1ce-6b096c956ca7,USD,1620060462,-4.587506073551726
fa3e5601-04c5-4918-9c31-0d02d5ed3431,USD,1620067943,-7.540682753367609
75845357-d843-4036-841a-d2e6088b72ce,EUR,1620071133,4.088121360539381
fe3b675f-21d2-4b79-b25f-45150d0e837a,ETH,1620086992,-4.491384946871602
c12908fd-8688-4926-8453-c480b5ecb48a,ETH,1620099952,-6.675662666801989
8f08a9c5-0884-4bd2-8d00-d772d32654a1,BTC,1620120080,9.246142041386463
93becbec-6a43-428a-a1ce-6b096c956ca7,ETH,1620139545,-1.0667742084343796
a61e005c-af0a-4820-8cd1-8029218fb066,EUR,1620153764,5.860107404724236
f41feb3a-a469-487a-bc9d-59a0dfd89c29,BTC,1620165309,7.838368256895244
93becbec-6a43-428a-a1ce-6b096c956ca7,EUR,1620184007,-2.7976660772963395
fe3b675f-21d2-4b79-b25f-45150d0e837a,USD,1620190535,-1.626863649604184
f41feb3a-a469-487a-bc9d-59a0dfd89c29,EUR,1620214309,6.054774416275684
f41feb3a-a469-487a-bc9d-59a0dfd89c29,USD,1620228220,-4.201174373553352
c2e51592-d482-4909-892e-01b0a8a0d423,EUR,1620234648,-6.032295221115735
93becbec-6a43-428a-a1ce-6b096c956ca7,USD,1620254454,9.977474260466984
75845357-d843-4036-841a-d2e6088b72ce,USD,1620286625,8.047999718381991
06864593-c803-470c-a6cc-acbbed53c0cb,USD,1620286933,6.691745917248674
f41feb3a-a469-487a-bc9d-59a0dfd89c29,ETH,1620321724,3.9859700026954563
cc19a596-79eb-4ae6-92a8-6f7ff846355a,ETH,1620327399,-1.0583514617309842
960aed32-ddad-4784-a770-74fc1ff0da8d,CAD,1620337704,1.4016952067224846
a61e005c-af0a-4820-8cd1-8029218fb066,BTC,1620352480,4.499703923955892
75845357-d843-4036-841a-d2e6088b72ce,EUR,1620384720,-4.226615961458369
f41feb3a-a469-487a-bc9d-59a0dfd89c29,ETH,1620385961,-1.6515112358142918
e64722ab-ac45-4631-80ac-c45da5ff8c01,BTC,1620403763,3.7893027084323627
f41feb3a-a469-487a-bc9d-59a0dfd89c29,EUR,1620411769,-6.468865117089971
75845357-d843-4036-841a-d2e6088b72ce,BTC,1620435970,-8.8630706967946
75845357-d843-4036-841a-d2e6088b72ce,ETH,1620465274,6.149371028828256
3063533e-d3d2-46ca-91f5-6168c95c9835,EUR,1620489204,-9.735804177816135
a61e005c-af0a-4820-8cd1-8029218fb066,BTC,1620497114,0.7158257855590229
75845357-d843-4036-841a-d2e6088b72ce,BTC,1620498380,-8.018250912821486
27ad712a-9148-4b34-83ec-8bae3ea4cdbf,BTC,1620507002,3.0872007036237896
3063533e-d3d2-46ca-91f5-6168c95c9835,BTC,1620508656,-2.1068740629737803
fe3b675f-21d2-4b79-b25f-45150d0e837a,EUR,1620552264,8.951452734194756
27ad712a-9148-4b34-83ec-8bae3ea4cdbf,EUR,1620579746,1.2323113815950428
75845357-d843-4036-841a-d2e6088b72ce,USD,1620581017,9.70262187402766
beed12b3-f39a-43dc-bee6-721a89c0a937,BTC,1620605347,5.857084364117304
bdbeede3-8470-4baf-9f28-8f9e01b935d6,USD,1620609722,-8.05456366549631
39b1b575-8789-45b1-bf90-16b30832ecc0,USD,1620617354,-3.2270728324836213
987eae8b-a10b-4a88-a437-37a982f5acb5,EUR,1620627660,9.602386269666418
3063533e-d3d2-46ca-91f5-6168c95c9835,USD,1620627728,-5.691427574874526
a16bc127-d4af-4611-b5e6-9f9e451a851f,USD,1620632471,-8.772783691763077
a61e005c-af0a-4820-8cd1-8029218fb066,USD,1620635763,-7.525337041290674
beed12b3-f39a-43dc-bee6-721a89c0a937,EUR,1620644223,0.10660663379311863
7c615c0c-a984-410a-bbe4-7f9b06d717f8,EUR,1620650284,9.218909680092612
3caf1a3a-46cf-4c91-b352-9ea9f0c571ec,BTC,1620653575,5.922269334071322
c98bc1a8-6926-4a59-83c9-09de99a905b4,XPR,1620661382,9.14917056874095
beed12b3-f39a-43dc-bee6-721a89c0a937,ETH,1620661901,4.476101701420456
fe3b675f-21d2-4b79-b25f-45150d0e837a,BAT,1620679952,8.502085628155125
a61e005c-af0a-4820-8cd1-8029218fb066,XPR,1620691716,7.56269319414568
79b2b699-e758-48a8-bc3b-379fa77bb478,ETH,1620697564,-3.8041530261133705
ec22ff9f-6f33-4055-bc53-7ee7d8b51c05,BTC,1620712983,-5.049214230813249
a61e005c-af0a-4820-8cd1-8029218fb066,EUR,1620714744,-1.6712453545134558
e64722ab-ac45-4631-80ac-c45da5ff8c01,EUR,1620722138,4.768639905291428
75845357-d843-4036-841a-d2e6088b72ce,EUR,1620730220,-0.40466193751129076
f41feb3a-a469-487a-bc9d-59a0dfd89c29,EUR,1620730550,7.490396561819001
93becbec-6a43-428a-a1ce-6b096c956ca7,USD,1620730624,-3.9234079795457806
93becbec-6a43-428a-a1ce-6b096c956ca7,XPR,1620740937,2.9224845109127013
ec22ff9f-6f33-4055-bc53-7ee7d8b51c05,ETH,1620741876,-3.91786914918465
3caf1a3a-46cf-4c91-b352-9ea9f0c571ec,USD,1620744123,-5.416877169153933
3063533e-d3d2-46ca-91f5-6168c95c9835,ETH,1620745286,9.5605500060821
a61e005c-af0a-4820-8cd1-8029218fb066,BTC,1620749964,-5.0599683830051845
beed12b3-f39a-43dc-bee6-721a89c0a937,ETH,1620754265,-9.879497953922144
3caf1a3a-46cf-4c91-b352-9ea9f0c571ec,BTC,1620763452,7.9008202785312776
75845357-d843-4036-841a-d2e6088b72ce,ETH,1620768079,4.155435493688408
9287b4ea-2911-45b2-8da7-cc3ca70cb118,USD,1620790014,-8.993456036208986
beed12b3-f39a-43dc-bee6-721a89c0a937,ETH,1620791768,7.280869415894333
f41feb3a-a469-487a-bc9d-59a0dfd89c29,ETH,1620814535,-4.836649870659664
464298b8-8b92-463e-949b-3ba65c3b58c6,BTC,1620825672,-1.478829240355319
75845357-d843-4036-841a-d2e6088b72ce,BTC,1620848186,9.23687373209614
75845357-d843-4036-841a-d2e6088b72ce,ETH,1620858391,-1.2311083316368787
a61e005c-af0a-4820-8cd1-8029218fb066,CAD,1620895951,5.482056610515864
9287b4ea-2911-45b2-8da7-cc3ca70cb118,EUR,1620921374,0.7536471984317075
75845357-d843-4036-841a-d2e6088b72ce,USD,1620941541,-5.196832618216323
9287b4ea-2911-45b2-8da7-cc3ca70cb118,BTC,1620947792,-3.693794826024563
cc19a596-79eb-4ae6-92a8-6f7ff846355a,BTC,1620961051,-3.101099614300371
d4dcb8fa-5698-4391-a79f-043adda8a220,ETH,1620968426,9.777200788009615
3063533e-d3d2-46ca-91f5-6168c95c9835,BTC,1620973124,9.100955808620824
93becbec-6a43-428a-a1ce-6b096c956ca7,BTC,1620979973,-7.475107626758284
9287b4ea-2911-45b2-8da7-cc3ca70cb118,BTC,1620983325,-0.3701415600686211
9287b4ea-2911-45b2-8da7-cc3ca70cb118,USD,1620984673,8.246285334928317
9287b4ea-2911-45b2-8da7-cc3ca70cb118,USD,1620984900,-8.347592725616241
6e7c8b3b-708e-4d1f-a58d-d904d91152d7,USD,1620990852,-1.985548927494822
fe3b675f-21d2-4b79-b25f-45150d0e837a,ETH,1621004003,3.5320724477411183
034f584c-d4fd-4260-8611-c3423745f933,BTC,1621013183,-3.003361741398325
f41feb3a-a469-487a-bc9d-59a0dfd89c29,CAD,1621018513,0.756068034244624
ec22ff9f-6f33-4055-bc53-7ee7d8b51c05,EUR,1621021989,-9.6126384178507
414e4248-1b1e-4a8e-af48-e65d6c6eef6b,EUR,1621035512,6.165978406848112
7d6a9d9e-25b5-4ce1-b8bd-087f702725cc,EUR,1621045025,-7.490383803437313
92934d8d-a4cc-456f-97ca-c77f528c6bda,BTC,1621046822,3.7520780448082913
78fec595-1f14-4e85-b295-e430a6ba7686,USD,1621051708,3.228668783864965
c12908fd-8688-4926-8453-c480b5ecb48a,USD,1621058724,6.755419770651212
7d6a9d9e-25b5-4ce1-b8bd-087f702725cc,BTC,1621061304,0.16103501601521586
e2b54159-2bf7-4b89-850b-9f1c680b6bbe,BTC,1621068234,4.211556619155809
c12908fd-8688-4926-8453-c480b5ecb48a,ETH,1621084605,5.066125299005066
d137f350-8287-42e4-99aa-cd56cb77aa8f,BTC,1621112036,-4.364549676127673
e2b54159-2bf7-4b89-850b-9f1c680b6bbe,USD,1621113655,4.133896016882513
f30a7fba-468c-4b04-aac4-8cf836652573,BAT,1621115346,1.2377083563706393
f41feb3a-a469-487a-bc9d-59a0dfd89c29,BTC,1621121951,2.0539027873452724
a61e005c-af0a-4820-8cd1-8029218fb066,USD,1621126572,3.9052422846436095
3063533e-d3d2-46ca-91f5-6168c95c9835,BTC,1621143049,-1.3031187961311481
75845357-d843-4036-841a-d2e6088b72ce,CAD,1621145867,-3.235186155083028
93becbec-6a43-428a-a1ce-6b096c956ca7,XPR,1621148811,-4.7396194496862325
cc19a596-79eb-4ae6-92a8-6f7ff846355a,ETH,1621163522,-2.478868841669783
f41feb3a-a469-487a-bc9d-59a0dfd89c29,EUR,1621163687,5.497063176919852
a29da963-12ff-433b-9872-cf9533a3f170,BAT,1621188546,-6.021185631935593
9287b4ea-2911-45b2-8da7-cc3ca70cb118,ETH,1621191989,-9.62740723938683
d858e131-0a18-45b3-92a5-77467ce513a5,BTC,1621196379,-7.703457647963356
3063533e-d3d2-46ca-91f5-6168c95c9835,ETH,1621207238,-9.016596888463235
e2b54159-2bf7-4b89-850b-9f1c680b6bbe,ETH,1621244154,-7.437990715146572
a61e005c-af0a-4820-8cd1-8029218fb066,USD,1621260693,-1.3289208102476753
75845357-d843-4036-841a-d2e6088b72ce,ETH,1621265373,7.176089280345906
79b2b699-e758-48a8-bc3b-379fa77bb478,BTC,1621282302,7.824746420032106
e84d7bec-86b6-4f13-892c-1970e2d466bc,USD,1621288716,1.6149682598890696
9287b4ea-2911-45b2-8da7-cc3ca70cb118,EUR,1621305591,6.669367602874857
93becbec-6a43-428a-a1ce-6b096c956ca7,USD,1621320165,8.100782085190815
3063533e-d3d2-46ca-91f5-6168c95c9835,BTC,1621325686,-6.535032768144459
0640659b-bfbc-414c-8e89-4c316287a8dd,BTC,1621328827,-3.5090947667828143
464298b8-8b92-463e-949b-3ba65c3b58c6,USD,1621333467,-8.106548421678516
75845357-d843-4036-841a-d2e6088b72ce,BTC,1621335920,0.8550637144305853
93becbec-6a43-428a-a1ce-6b096c956ca7,EUR,1621338309,-3.5494085206719417
93becbec-6a43-428a-a1ce-6b096c956ca7,USD,1621342321,9.069937745173448
5d47c0f3-920d-49f5-b9b3-5afeca5ece24,ETH,1621344367,-6.896239935248865
5b1caf3b-c40b-419f-b819-86b258ae3a18,ETH,1621356743,-3.701245619917133
5fec4264-78eb-43ed-9c3d-33b6e58a8c3f,EUR,1621357823,-0.9858382051763765
75845357-d843-4036-841a-d2e6088b72ce,ETH,1621365307,-1.5891448114795743
ec22ff9f-6f33-4055-bc53-7ee7d8b51c05,EUR,1621366075,-5.232232127159406
259c4a32-9c8f-474a-9f8b-3a9ded89e9b3,BTC,1621379776,-6.720656923289068
01f5b699-535e-415c-af84-446e5c00385e,EUR,1621398595,-6.8490648323837755
ec22ff9f-6f33-4055-bc53-7ee7d8b51c05,EUR,1621420470,5.5021201706223355
93becbec-6a43-428a-a1ce-6b096c956ca7,ETH,1621442905,4.711052969374418
fe3b675f-21d2-4b79-b25f-45150d0e837a,BTC,1621479317,-5.375217254178361
06864593-c803-470c-a6cc-acbbed53c0cb,ETH,1621489348,7.775602551626758
f41feb3a-a469-487a-bc9d-59a0dfd89c29,EUR,1621500998,4.6568649869813505
e2b54159-2bf7-4b89-850b-9f1c680b6bbe,EUR,1621539163,4.432959838735208
a61e005c-af0a-4820-8cd1-8029218fb066,BTC,1621565202,-5.842511155751316
beed12b3-f39a-43dc-bee6-721a89c0a937,EUR,1621565446,-7.974459169735684
d137f350-8287-42e4-99aa-cd56cb77aa8f,ETH,1621565599,-8.807620918206222
3633f00d-bf93-44be-9ad2-4c7a0e1e5679,EUR,1621568902,8.18370068961455
75845357-d843-4036-841a-d2e6088b72ce,BTC,1621574434,2.312335808636803
f41feb3a-a469-487a-bc9d-59a0dfd89c29,EUR,1621576047,-1.094442951587407
e2b54159-2bf7-4b89-850b-9f1c680b6bbe,EUR,1621582905,-0.8889059893315565
fe3b675f-21d2-4b79-b25f-45150d0e837a,BTC,1621584444,-8.272851493410018
fe3b675f-21d2-4b79-b25f-45150d0e837a,USD,1621596133,0.5745114805532552
4760ba51-fb20-47c1-8751-abd21264713a,USD,1621607242,-2.260170666852357
0615a717-29b9-4c76-826a-ece60a60f3ae,ETH,1621607706,-8.922056564814753
7c615c0c-a984-410a-bbe4-7f9b06d717f8,ETH,1621607763,9.078726021715873
9287b4ea-2911-45b2-8da7-cc3ca70cb118,EUR,1621627297,-9.7995599284451
93becbec-6a43-428a-a1ce-6b096c956ca7,ETH,1621631124,-6.12523059390816
414e4248-1b1e-4a8e-af48-e65d6c6eef6b,EUR,1621633591,5.037161702603594
ec22ff9f-6f33-4055-bc53-7ee7d8b51c05,EUR,1621654541,4.4406623796468345
75845357-d843-4036-841a-d2e6088b72ce,USD,1621668067,-2.081073232774666
b61477de-b466-4b13-8a72-e80a721689ca,BAT,1621688803,-3.317975895225187
e2b54159-2bf7-4b89-850b-9f1c680b6bbe,USD,1621701681,8.380691685810405
fe3b675f-21d2-4b79-b25f-45150d0e837a,USD,1621701790,5.238399318927893
a61e005c-af0a-4820-8cd1-8029218fb066,EUR,1621721183,8.408146461251825
ec22ff9f-6f33-4055-bc53-7ee7d8b51c05,USD,1621736779,5.0181629661616505
b61477de-b466-4b13-8a72-e80a721689ca,BTC,1621742670,-9.584140126716743
f8259c81-0d30-436b-bb3e-156cc731e641,XPR,1621751336,7.876591580488544
fe3b675f-21d2-4b79-b25f-45150d0e837a,BTC,1621752362,-7.256789444327378
f41feb3a-a469-487a-bc9d-59a0dfd89c29,ETH,1621754744,-4.672248945648672
e2b54159-2bf7-4b89-850b-9f1c680b6bbe,USD,1621759399,1.6161302972043217
ab77e7b3-19cf-4680-a47f-28b90448335c,USD,1621763538,6.09800382370635
414e4248-1b1e-4a8e-af48-e65d6c6eef6b,BTC,1621764685,6.707735293501273
c2e51592-d482-4909-892e-01b0a8a0d423,USD,1621766370,2.402594177320923
9287b4ea-2911-45b2-8da7-cc3ca70cb118,EUR,1621790051,-5.613225072576345
a75ecbba-3eb1-43a0-8c9a-863569911bc3,EUR,1621796146,-7.439203955327516
68b37b28-d244-45ab-94c4-21f57bb55a62,ETH,1621801211,6.811485153531304
25382ae7-1c6c-4b32-a120-7717c6f4080a,EUR,1621808687,-6.431187695264056
3063533e-d3d2-46ca-91f5-6168c95c9835,BTC,1621822134,-8.124314368193545
4a6f2b89-07cb-4557-b821-5a8ea03d2f71,EUR,1621827148,-5.518213647034507
ec22ff9f-6f33-4055-bc53-7ee7d8b51c05,BAT,1621836276,-5.577674935124368
fe3b675f-21d2-4b79-b25f-45150d0e837a,BTC,1621838384,8.276314256199399
d94aed09-3f48-4b79-ae7d-a8f2cbf69501,BTC,1621843072,6.609181812047019
9287b4ea-2911-45b2-8da7-cc3ca70cb118,ETH,1621853170,-3.3056754201383143
75845357-d843-4036-841a-d2e6088b72ce,BTC,1621865600,-9.210232241631077
ec22ff9f-6f33-4055-bc53-7ee7d8b51c05,BTC,1621873281,-4.68587594657508
5e106318-4553-4462-b510-5438b6a329e5,ETH,1621875306,-7.769143038441994
c2e51592-d482-4909-892e-01b0a8a0d423,ETH,1621881109,9.89101797956462
a947e704-dbd7-430b-adf4-7039824b8d63,ETH,1621900159,-5.209243484023151
75845357-d843-4036-841a-d2e6088b72ce,BTC,1621901218,-5.480523305528122
e2b54159-2bf7-4b89-850b-9f1c680b6bbe,ETH,1621912256,-8.72192924664574
cc19a596-79eb-4ae6-92a8-6f7ff846355a,EUR,1621915473,0.8908724158233596
51caadde-8903-4316-8c98-507aedfe306a,BTC,1621922553,8.516081748740746
beed12b3-f39a-43dc-bee6-721a89c0a937,EUR,1621923352,-9.619851239561202
f41feb3a-a469-487a-bc9d-59a0dfd89c29,XPR,1621945551,-6.969959553868481
ec22ff9f-6f33-4055-bc53-7ee7d8b51c05,BTC,1621977966,8.733947580926568
e2b54159-2bf7-4b89-850b-9f1c680b6bbe,ETH,1622003843,-0.36014093005188386
beed12b3-f39a-43dc-bee6-721a89c0a937,BTC,1622004619,-1.0905874949022003
9287b4ea-2911-45b2-8da7-cc3ca70cb118,USD,1622012870,-0.38397913924631055
f41feb3a-a469-487a-bc9d-59a0dfd89c29,ETH,1622016929,-6.903370848089558
99c17ee8-9189-4682-8f4d-a3e22a59e12f,ETH,1622018829,1.929409237107242
4832c931-325f-4bda-9926-9dfc310ccbad,XPR,1622034715,-4.202591594547624
3caf1a3a-46cf-4c91-b352-9ea9f0c571ec,BTC,1622045897,6.251221390122549
55578bf3-84af-4f11-bf24-6be394197c26,USD,1622046459,-8.076425954298017
93becbec-6a43-428a-a1ce-6b096c956ca7,ETH,1622052383,-7.658374673788247
75845357-d843-4036-841a-d2e6088b72ce,BTC,1622061431,-0.18478624219385154
d83f6123-2f33-402e-9fb1-25a96c6d19f5,BTC,1622062237,-4.210300150375392
beed12b3-f39a-43dc-bee6-721a89c0a937,USD,1622064526,-2.451567445539869
38a23cc5-363b-43c7-ba39-5daa13ed4e2b,BAT,1622066494,2.789380641792734
78fec595-1f14-4e85-b295-e430a6ba7686,ETH,1622069744,-9.592385682804935
a61e005c-af0a-4820-8cd1-8029218fb066,EUR,1622073153,9.50335936885137
9287b4ea-2911-45b2-8da7-cc3ca70cb118,ETH,1622075957,-8.710460432780556
4760ba51-fb20-47c1-8751-abd21264713a,ETH,1622076778,2.61618088180089
9287b4ea-2911-45b2-8da7-cc3ca70cb118,BAT,1622085485,-0.591924874053829
beed12b3-f39a-43dc-bee6-721a89c0a937,BTC,1622087779,1.5604922996968114
e2b54159-2bf7-4b89-850b-9f1c680b6bbe,EUR,1622102262,-6.463803302941709
fe3b675f-21d2-4b79-b25f-45150d0e837a,BTC,1622107081,9.773264270857315
f41feb3a-a469-487a-bc9d-59a0dfd89c29,BTC,1622118139,7.568038976585967
fdaa102d-797c-4c57-a793-feb6e3aaff0d,EUR,1622118884,6.840210935458021
beed12b3-f39a-43dc-bee6-721a89c0a937,USD,1622130351,-2.467198579274821
9287b4ea-2911-45b2-8da7-cc3ca70cb118,USD,1622135578,-0.09787851158099059
beed12b3-f39a-43dc-bee6-721a89c0a937,BAT,1622150367,-3.2659961078746385
beed12b3-f39a-43dc-bee6-721a89c0a937,USD,1622151132,4.185543508426031
0615a717-29b9-4c76-826a-ece60a60f3ae,USD,1622152674,3.77053211641795
3063533e-d3d2-46ca-91f5-6168c95c9835,ETH,1622154816,-3.616310312544469
f41feb3a-a469-487a-bc9d-59a0dfd89c29,USD,1622160610,-8.515045975858637
3063533e-d3d2-46ca-91f5-6168c95c9835,USD,1622171511,9.284211684022768
3063533e-d3d2-46ca-91f5-6168c95c9835,ETH,1622179225,8.916864446712825
fdaa102d-797c-4c57-a793-feb6e3aaff0d,USD,1622195730,-3.8190927534483325
9287b4ea-2911-45b2-8da7-cc3ca70cb118,USD,1622204526,6.079540541677154
fe3b675f-21d2-4b79-b25f-45150d0e837a,ETH,1622215802,-9.7254800426621
beed12b3-f39a-43dc-bee6-721a89c0a937,BTC,1622243837,9.662013009006959
beed12b3-f39a-43dc-bee6-721a89c0a937,EUR,1622260549,1.8492375467060533
e2b54159-2bf7-4b89-850b-9f1c680b6bbe,EUR,1622265970,4.7042663700407985
d94aed09-3f48-4b79-ae7d-a8f2cbf69501,ETH,1622266864,2.326904825161302
beed12b3-f39a-43dc-bee6-721a89c0a937,EUR,1622277564,5.07486634114214
75845357-d843-4036-841a-d2e6088b72ce,USD,1622313954,1.5692167692970642
9287b4ea-2911-45b2-8da7-cc3ca70cb118,BTC,1622314342,-2.1244843398346402
0615a717-29b9-4c76-826a-ece60a60f3ae,ETH,1622315863,5.886287360314373
75845357-d843-4036-841a-d2e6088b72ce,BTC,1622319536,-1.252852741002732
f41feb3a-a469-487a-bc9d-59a0dfd89c29,BTC,1622331467,-2.768215679482249
93becbec-6a43-428a-a1ce-6b096c956ca7,BTC,1622333035,8.670457765302736
93becbec-6a43-428a-a1ce-6b096c956ca7,EUR,1622386644,0.39844963908567266
3063533e-d3d2-46ca-91f5-6168c95c9835,USD,1622410155,-8.935043990997727
beed12b3-f39a-43dc-bee6-721a89c0a937,USD,1622437929,-1.7018625626631625
c12908fd-8688-4926-8453-c480b5ecb48a,BTC,1622453743,1.8265923889263505
fe2f78e2-7054-4eba-ad62-6c2164a7e3e3,EUR,1622458230,4.610138184221913
d83f6123-2f33-402e-9fb1-25a96c6d19f5,XPR,1622477352,0.5226354529390704
a61e005c-af0a-4820-8cd1-8029218fb066,USD,1622485663,1.5432762620872538
9287b4ea-2911-45b2-8da7-cc3ca70cb118,BTC,1622493419,-5.824648791923535
a61e005c-af0a-4820-8cd1-8029218fb066,USD,1622493760,9.180086899292942
ec22ff9f-6f33-4055-bc53-7ee7d8b51c05,EUR,1622498906,0.4409259940471504
e2b54159-2bf7-4b89-850b-9f1c680b6bbe,BTC,1622515340,-1.329157107783555
4b2f64c2-d6b2-421b-a6af-685573cd7f56,EUR,1622518619,-9.904878669934833
39b1b575-8789-45b1-bf90-16b30832ecc0,ETH,1622543577,8.669724808408358
9287b4ea-2911-45b2-8da7-cc3ca70cb118,CAD,1622547901,-9.124778793980973
fe3b675f-21d2-4b79-b25f-45150d0e837a,EUR,1622582119,-9.477130021901289
3063533e-d3d2-46ca-91f5-6168c95c9835,USD,1622597612,4.164460493721505
a61e005c-af0a-4820-8cd1-8029218fb066,ETH,1622602888,6.048556139816679
e2b54159-2bf7-4b89-850b-9f1c680b6bbe,EUR,1622616030,-0.8356593160252146
fdaa102d-797c-4c57-a793-feb6e3aaff0d,ETH,1622620362,7.61733210932427
3063533e-d3d2-46ca-91f5-6168c95c9835,USD,1622622586,6.961377565987512
ec22ff9f-6f33-4055-bc53-7ee7d8b51c05,BAT,1622629496,-7.912592671101764
ec22ff9f-6f33-4055-bc53-7ee7d8b51c05,USD,1622631462,1.683199317584716
034f584c-d4fd-4260-8611-c3423745f933,EUR,1622634753,1.7184734467998108
ec22ff9f-6f33-4055-bc53-7ee7d8b51c05,ETH,1622635256,3.778928705694378
93becbec-6a43-428a-a1ce-6b096c956ca7,ETH,1622637336,-1.0454638121814632
7d6a9d9e-25b5-4ce1-b8bd-087f702725cc,ETH,1622665647,6.546432179546141
beed12b3-f39a-43dc-bee6-721a89c0a937,USD,1622668307,-0.45650570345318897
e2b54159-2bf7-4b89-850b-9f1c680b6bbe,USD,1622686137,5.426302984173235
99c17ee8-9189-4682-8f4d-a3e22a59e12f,ETH,1622718809,5.96884614872029
beed12b3-f39a-43dc-bee6-721a89c0a937,BTC,1622733404,-7.985280956299352
92934d8d-a4cc-456f-97ca-c77f528c6bda,ETH,1622733772,-1.384529646534192
93becbec-6a43-428a-a1ce-6b096c956ca7,EUR,1622750424,1.2157407068290826
9287b4ea-2911-45b2-8da7-cc3ca70cb118,BTC,1622771226,-6.287908785516063
3063533e-d3d2-46ca-91f5-6168c95c9835,EUR,1622776538,-2.9293659971207013
beed12b3-f39a-43dc-bee6-721a89c0a937,ETH,1622784725,2.6776829769945287
75845357-d843-4036-841a-d2e6088b72ce,USD,1622795033,1.8900674658046093
3063533e-d3d2-46ca-91f5-6168c95c9835,XPR,1622822635,9.920619052610256
d216d37c-df5d-4c8d-a79d-8cb1f7dbc0f7,XPR,1622823844,8.755967173601228
75845357-d843-4036-841a-d2e6088b72ce,USD,1622824481,7.3000901633257165
f41feb3a-a469-487a-bc9d-59a0dfd89c29,USD,1622834052,-3.7921560442989044
fe3b675f-21d2-4b79-b25f-45150d0e837a,ETH,1622838540,0.3791795619415481
75845357-d843-4036-841a-d2e6088b72ce,ETH,1622839052,-3.7878639853377543
ec22ff9f-6f33-4055-bc53-7ee7d8b51c05,BTC,1622844714,0.3849957536467983
259c4a32-9c8f-474a-9f8b-3a9ded89e9b3,USD,1622849286,6.671220048965306
beed12b3-f39a-43dc-bee6-721a89c0a937,ETH,1622858047,5.260650385240966
ec22ff9f-6f33-4055-bc53-7ee7d8b51c05,XPR,1622865461,3.072694962551065
fe3b675f-21d2-4b79-b25f-45150d0e837a,EUR,1622885256,-5.82053033422712
bdbeede3-8470-4baf-9f28-8f9e01b935d6,BTC,1622885628,6.169749164867969
a02bd628-3dc5-46ba-98eb-42abbce82ad3,ETH,1622907338,-8.00389400810441
9287b4ea-2911-45b2-8da7-cc3ca70cb118,EUR,1622947980,9.469405564584484
f30a7fba-468c-4b04-aac4-8cf836652573,USD,1622949753,7.851998191856168
c85a849b-72dd-43a9-9b24-4815240184b4,EUR,1622956640,-9.1406182197286
4760ba51-fb20-47c1-8751-abd21264713a,ETH,1622958220,6.338448908017078
a61e005c-af0a-4820-8cd1-8029218fb066,USD,1622965530,8.582325711966774
e84d7bec-86b6-4f13-892c-1970e2d466bc,ETH,1622970233,-2.291368948133692
a61e005c-af0a-4820-8cd1-8029218fb066,BTC,1622985842,-9.547321645094922
934357bf-b14a-4da8-8b0c-ed0c28540389,EUR,1622991264,-2.0702600401129505
9287b4ea-2911-45b2-8da7-cc3ca70cb118,BAT,1622998354,-0.8211159922341587
93becbec-6a43-428a-a1ce-6b096c956ca7,EUR,1623015577,8.485718359593157
f41feb3a-a469-487a-bc9d-59a0dfd89c29,USD,1623018211,-7.522583756295078
55578bf3-84af-4f11-bf24-6be394197c26,ETH,1623026197,6.3066404764173605
f41feb3a-a469-487a-bc9d-59a0dfd89c29,ETH,1623057593,9.52146779053404
93becbec-6a43-428a-a1ce-6b096c956ca7,USD,1623059684,-8.75904775219253
cc19a596-79eb-4ae6-92a8-6f7ff846355a,BTC,1623063622,-9.906414222339418
c5cefec7-2341-4c3e-bee1-cb30fee93bd8,XPR,1623066162,6.164226089084586
9287b4ea-2911-45b2-8da7-cc3ca70cb118,EUR,1623074599,0.8391310548904016
a61e005c-af0a-4820-8cd1-8029218fb066,XPR,1623077477,-0.9765772184027384
75845357-d843-4036-841a-d2e6088b72ce,XPR,1623078609,3.3294273419030436
e2b54159-2bf7-4b89-850b-9f1c680b6bbe,EUR,1623082954,1.0224040838558999
f41feb3a-a469-487a-bc9d-59a0dfd89c29,EUR,1623088474,2.645025730132783
9287b4ea-2911-45b2-8da7-cc3ca70cb118,BTC,1623096010,-4.141084479941783
a61e005c-af0a-4820-8cd1-8029218fb066,ETH,1623100310,4.759236063115855
f8259c81-0d30-436b-bb3e-156cc731e641,USD,1623101281,8.23624501091141
cc19a596-79eb-4ae6-92a8-6f7ff846355a,USD,1623119641,8.116000801608756
3063533e-d3d2-46ca-91f5-6168c95c9835,ETH,1623129714,-9.639782916022511
e2b54159-2bf7-4b89-850b-9f1c680b6bbe,USD,1623132447,1.1045276985131203
f41feb3a-a469-487a-bc9d-59a0dfd89c29,BTC,1623140238,7.406678922182731
f41feb3a-a469-487a-bc9d-59a0dfd89c29,BTC,1623162906,-2.69413362315313
4832c931-325f-4bda-9926-9dfc310ccbad,CAD,1623187632,-2.9487019237892964
beed12b3-f39a-43dc-bee6-721a89c0a937,EUR,1623196177,5.772167025046544
3063533e-d3d2-46ca-91f5-6168c95c9835,BTC,1623199371,7.902379362039014
f41feb3a-a469-487a-bc9d-59a0dfd89c29,EUR,1623217378,2.094787377470997
fe3b675f-21d2-4b79-b25f-45150d0e837a,USD,1623227671,-5.754238356152572
fe3b675f-21d2-4b79-b25f-45150d0e837a,ETH,1623251697,9.281869586712066
ec22ff9f-6f33-4055-bc53-7ee7d8b51c05,USD,1623255025,-9.358428602679387
fe3b675f-21d2-4b79-b25f-45150d0e837a,EUR,1623273268,1.2509494906733352
93becbec-6a43-428a-a1ce-6b096c956ca7,BTC,1623306982,2.3928945559473203
f41feb3a-a469-487a-bc9d-59a0dfd89c29,USD,1623314646,2.7234180100994934
f41feb3a-a469-487a-bc9d-59a0dfd89c29,BAT,1623319168,3.2010695494606605
75845357-d843-4036-841a-d2e6088b72ce,BTC,1623321844,8.782172647634297
75845357-d843-4036-841a-d2e6088b72ce,ETH,1623367848,-1.289136209925637
89e5edba-3eef-4514-856a-287526ae50fa,EUR,1623405830,-8.158703702926593
e2b54159-2bf7-4b89-850b-9f1c680b6bbe,USD,1623408289,-3.3439053729657147
3633f00d-bf93-44be-9ad2-4c7a0e1e5679,BTC,1623409815,0.4231707687617252
4b2f64c2-d6b2-421b-a6af-685573cd7f56,BTC,1623429238,-9.825738322081776
a61e005c-af0a-4820-8cd1-8029218fb066,EUR,1623430115,9.817154486831924
75845357-d843-4036-841a-d2e6088b72ce,USD,1623434884,-4.690971197844291
89e5edba-3eef-4514-856a-287526ae50fa,USD,1623460898,-2.145207508359679
a02bd628-3dc5-46ba-98eb-42abbce82ad3,ETH,1623477947,-9.19724446415584
f41feb3a-a469-487a-bc9d-59a0dfd89c29,EUR,1623480155,1.8402969421812738
fdaa102d-797c-4c57-a793-feb6e3aaff0d,USD,1623492996,-8.26109646962314
7d6a9d9e-25b5-4ce1-b8bd-087f702725cc,EUR,1623504562,6.702414061862591
93becbec-6a43-428a-a1ce-6b096c956ca7,BTC,1623513848,-8.865873881747248
f41feb3a-a469-487a-bc9d-59a0dfd89c29,ETH,1623528866,-2.457077381288002
beed12b3-f39a-43dc-bee6-721a89c0a937,BTC,1623532906,5.042697939565279
93becbec-6a43-428a-a1ce-6b096c956ca7,ETH,1623540198,5.625769252752912
79b2b699-e758-48a8-bc3b-379fa77bb478,USD,1623563907,4.360198946085436
ec22ff9f-6f33-4055-bc53-7ee7d8b51c05,BTC,1623580664,5.574179762912193
a61e005c-af0a-4820-8cd1-8029218fb066,ETH,1623581788,-5.764310781393851
b8599949-2ffc-44c4-bc46-2e596e131c17,CAD,1623593396,-9.608923185414461
5b8e58a5-9b9f-4f1b-969f-21dbee72f0bb,EUR,1623594482,-2.399484109766103
9287b4ea-2911-45b2-8da7-cc3ca70cb118,BTC,1623604418,5.591929606227682
89e5edba-3eef-4514-856a-287526ae50fa,EUR,1623606264,1.9497491376077
f41feb3a-a469-487a-bc9d-59a0dfd89c29,USD,1623613531,-7.430639259458429
c5cefec7-2341-4c3e-bee1-cb30fee93bd8,BAT,1623619583,-3.0905585819447605
a61e005c-af0a-4820-8cd1-8029218fb066,ETH,1623628232,1.6806428033898122
f41feb3a-a469-487a-bc9d-59a0dfd89c29,ETH,1623638546,-1.5272675722684266
93becbec-6a43-428a-a1ce-6b096c956ca7,USD,1623650310,0.16685234310386576
beed12b3-f39a-43dc-bee6-721a89c0a937,XPR,1623658687,-0.9233843303041471
3063533e-d3d2-46ca-91f5-6168c95c9835,EUR,1623662757,-3.640440634470754
d216d37c-df5d-4c8d-a79d-8cb1f7dbc0f7,EUR,1623674556,-2.4994995557026574
3063533e-d3d2-46ca-91f5-6168c95c9835,USD,1623690891,-3.9521621104063165
9287b4ea-2911-45b2-8da7-cc3ca70cb118,EUR,1623698255,-5.861099027336881
fe3b675f-21d2-4b79-b25f-45150d0e837a,ETH,1623702487,-0.46369906441204733
f41feb3a-a469-487a-bc9d-59a0dfd89c29,BAT,1623732654,1.008175680909062
f41feb3a-a469-487a-bc9d-59a0dfd89c29,BTC,1623740906,3.2247319831245846
fe3b675f-21d2-4b79-b25f-45150d0e837a,EUR,1623745128,0.8727316226311554
987eae8b-a10b-4a88-a437-37a982f5acb5,BTC,1623755111,4.5194522775842
4760ba51-fb20-47c1-8751-abd21264713a,EUR,1623770037,9.727299676249878
9b889da5-cd5e-4fea-9680-e4aef39193ad,USD,1623777566,-0.7728291395462286
e2b54159-2bf7-4b89-850b-9f1c680b6bbe,BTC,1623789809,9.767791648564863
e84d7bec-86b6-4f13-892c-1970e2d466bc,BTC,1623792122,7.043337986043245
b8599949-2ffc-44c4-bc46-2e596e131c17,USD,1623796302,-1.761901006138407
9287b4ea-2911-45b2-8da7-cc3ca70cb118,ETH,1623803727,1.6689770945364586
3063533e-d3d2-46ca-91f5-6168c95c9835,USD,1623808096,7.063545924559577
9b889da5-cd5e-4fea-9680-e4aef39193ad,USD,1623815792,-0.06362499262923826
fe3b675f-21d2-4b79-b25f-45150d0e837a,EUR,1623818668,-9.23000576452697
f41feb3a-a469-487a-bc9d-59a0dfd89c29,BTC,1623820820,-3.1565701039903153
f1bc887e-df8c-4d6d-b633-a0432564e31a,XPR,1623846186,4.6790191976256565
93becbec-6a43-428a-a1ce-6b096c956ca7,EUR,1623852070,-0.06070187160243279
fe3b675f-21d2-4b79-b25f-45150d0e837a,BTC,1623856831,3.1357486801162118
e2b54159-2bf7-4b89-850b-9f1c680b6bbe,EUR,1623859024,6.635711556540521
f41feb3a-a469-487a-bc9d-59a0dfd89c29,BTC,1623860281,-7.475899286352339
9287b4ea-2911-45b2-8da7-cc3ca70cb118,EUR,1623860665,-3.023119032756451
f41feb3a-a469-487a-bc9d-59a0dfd89c29,USD,1623870376,-6.947707478217184
a61e005c-af0a-4820-8cd1-8029218fb066,BTC,1623875270,0.23390930989152459
51caadde-8903-4316-8c98-507aedfe306a,USD,1623882780,-2.430661251831361
75845357-d843-4036-841a-d2e6088b72ce,USD,1623895127,2.2160352284716662
9287b4ea-2911-45b2-8da7-cc3ca70cb118,USD,1623929620,8.129356998426626
a61e005c-af0a-4820-8cd1-8029218fb066,ETH,1623931796,9.946733923401144
25382ae7-1c6c-4b32-a120-7717c6f4080a,BTC,1623934279,-2.8861627493716764
beed12b3-f39a-43dc-bee6-721a89c0a937,EUR,1623940392,9.214253855266467
51caadde-8903-4316-8c98-507aedfe306a,EUR,1623941897,2.6585532580767044
f41feb3a-a469-487a-bc9d-59a0dfd89c29,CAD,1623954725,-0.3885628709400546
fe3b675f-21d2-4b79-b25f-45150d0e837a,EUR,1623977089,-1.8234006285627107
e2b54159-2bf7-4b89-850b-9f1c680b6bbe,ETH,1623983103,-3.150856515943685
7c615c0c-a984-410a-bbe4-7f9b06d717f8,USD,1624000165,8.024802996590296
9287b4ea-2911-45b2-8da7-cc3ca70cb118,BTC,1624013791,-1.9032509360783259
e2b54159-2bf7-4b89-850b-9f1c680b6bbe,EUR,1624015736,8.921627256442413
a61e005c-af0a-4820-8cd1-8029218fb066,EUR,1624030975,-7.759090008771253
93becbec-6a43-428a-a1ce-6b096c956ca7,USD,1624042980,2.3504686017091014
ec22ff9f-6f33-4055-bc53-7ee7d8b51c05,ETH,1624047614,-8.709231551775005
9287b4ea-2911-45b2-8da7-cc3ca70cb118,BTC,1624054751,3.6688839026841045
75845357-d843-4036-841a-d2e6088b72ce,BTC,1624064406,-4.281249008362192
4832c931-325f-4bda-9926-9dfc310ccbad,BTC,1624076388,1.177474538513291
beed12b3-f39a-43dc-bee6-721a89c0a937,EUR,1624079323,-3.2102812243175594
9287b4ea-2911-45b2-8da7-cc3ca70cb118,BTC,1624100667,-2.7295895539178368
5d47c0f3-920d-49f5-b9b3-5afeca5ece24,USD,1624112197,0.1242722155128746
75845357-d843-4036-841a-d2e6088b72ce,ETH,1624117367,-9.693275875538315
fe3b675f-21d2-4b79-b25f-45150d0e837a,BTC,1624119015,-0.2941802462881391
7d6a9d9e-25b5-4ce1-b8bd-087f702725cc,BTC,1624123830,1.298074518577172
79b2b699-e758-48a8-bc3b-379fa77bb478,USD,1624128388,3.518237041311645
e2b54159-2bf7-4b89-850b-9f1c680b6bbe,USD,1624132847,5.437289947504038
3063533e-d3d2-46ca-91f5-6168c95c9835,EUR,1624142541,3.556714164130046
c5cefec7-2341-4c3e-bee1-cb30fee93bd8,ETH,1624168886,7.788254481901742
beed12b3-f39a-43dc-bee6-721a89c0a937,BTC,1624169011,9.62107255781184
034f584c-d4fd-4260-8611-c3423745f933,EUR,1624171839,1.6046610635217888
a61e005c-af0a-4820-8cd1-8029218fb066,USD,1624178669,6.552340329552962
f41feb3a-a469-487a-bc9d-59a0dfd89c29,USD,1624179882,9.423494473987663
a16bc127-d4af-4611-b5e6-9f9e451a851f,BTC,1624182608,-5.859362804402117
f41feb3a-a469-487a-bc9d-59a0dfd89c29,EUR,1624197759,-4.274888176139751
5b1caf3b-c40b-419f-b819-86b258ae3a18,ETH,1624198496,3.568595110220363
a75ecbba-3eb1-43a0-8c9a-863569911bc3,USD,1624199501,-6.726313886247686
f41feb3a-a469-487a-bc9d-59a0dfd89c29,ETH,1624204382,-2.729350915139608
38a23cc5-363b-43c7-ba39-5daa13ed4e2b,USD,1624204987,-7.640066853380798
ec22ff9f-6f33-4055-bc53-7ee7d8b51c05,EUR,1624208651,2.658241181658914
93becbec-6a43-428a-a1ce-6b096c956ca7,ETH,1624223753,-1.2735804790828276
beed12b3-f39a-43dc-bee6-721a89c0a937,ETH,1624224419,7.693730392774508
9287b4ea-2911-45b2-8da7-cc3ca70cb118,USD,1624224545,5.368311658188006
f41feb3a-a469-487a-bc9d-59a0dfd89c29,BTC,1624245077,0.24722260046508282
c12908fd-8688-4926-8453-c480b5ecb48a,ETH,1624245629,5.555838318546538
f89443b9-1dfe-427e-b718-8846f977bf51,EUR,1624252353,-3.9898901323015394
e2b54159-2bf7-4b89-850b-9f1c680b6bbe,USD,1624279031,-4.06631302115986
f41feb3a-a469-487a-bc9d-59a0dfd89c29,CAD,1624284905,6.901258711471922
ec22ff9f-6f33-4055-bc53-7ee7d8b51c05,XPR,1624286611,9.791423173861048
f41feb3a-a469-487a-bc9d-59a0dfd89c29,USD,1624303674,-7.548544424466266
beed12b3-f39a-43dc-bee6-721a89c0a937,BTC,1624329812,4.497120990006829
fe3b675f-21d2-4b79-b25f-45150d0e837a,USD,1624337495,0.7887953853626666
ec22ff9f-6f33-4055-bc53-7ee7d8b51c05,EUR,1624359233,8.807407288064574
93becbec-6a43-428a-a1ce-6b096c956ca7,EUR,1624397446,0.6196111794181451
9287b4ea-2911-45b2-8da7-cc3ca70cb118,BTC,1624400255,1.125700618296685
a61e005c-af0a-4820-8cd1-8029218fb066,ETH,1624427446,-9.595643852495662
6044e2ef-8425-487c-b8bf-b88a87cc43f9,ETH,1624430636,0.644251575236602
fe3b675f-21d2-4b79-b25f-45150d0e837a,USD,1624432253,-1.9400367691664737
f41feb3a-a469-487a-bc9d-59a0dfd89c29,BTC,1624441235,-4.148108821748437
25382ae7-1c6c-4b32-a120-7717c6f4080a,BTC,1624454491,-7.951948870762298
ec22ff9f-6f33-4055-bc53-7ee7d8b51c05,ETH,1624465148,2.755825835500813
9287b4ea-2911-45b2-8da7-cc3ca70cb118,USD,1624482621,3.049297895822427
93becbec-6a43-428a-a1ce-6b096c956ca7,BTC,1624509132,7.504457922297256
9287b4ea-2911-45b2-8da7-cc3ca70cb118,EUR,1624509353,1.504314321775034
f41feb3a-a469-487a-bc9d-59a0dfd89c29,ETH,1624511220,6.07874545932637
4a6f2b89-07cb-4557-b821-5a8ea03d2f71,USD,1624528627,-9.46456554315743
89e5edba-3eef-4514-856a-287526ae50fa,BTC,1624531845,2.255573702382776
fe3b675f-21d2-4b79-b25f-45150d0e837a,USD,1624538852,8.088818305732286
93becbec-6a43-428a-a1ce-6b096c956ca7,USD,1624579752,1.095730618556555
9287b4ea-2911-45b2-8da7-cc3ca70cb118,USD,1624588978,-2.178961458508475
5d47c0f3-920d-49f5-b9b3-5afeca5ece24,EUR,1624591515,5.645052169018456
fe3b675f-21d2-4b79-b25f-45150d0e837a,BTC,1624607368,-9.30068782228485
fe3b675f-21d2-4b79-b25f-45150d0e837a,USD,1624614915,1.1728264325425322
a61e005c-af0a-4820-8cd1-8029218fb066,USD,1624622313,-5.632908779439725
f41feb3a-a469-487a-bc9d-59a0dfd89c29,BTC,1624630725,5.0462226395627585
93becbec-6a43-428a-a1ce-6b096c956ca7,EUR,1624641840,-7.049098196089281
fe3b675f-21d2-4b79-b25f-45150d0e837a,ETH,1624656261,7.731057765238873
fe3b675f-21d2-4b79-b25f-45150d0e837a,EUR,1624668476,8.760891906991173
9287b4ea-2911-45b2-8da7-cc3ca70cb118,USD,1624680649,2.972905009680307
75845357-d843-4036-841a-d2e6088b72ce,BTC,1624696902,-1.3887891083385782
5b1caf3b-c40b-419f-b819-86b258ae3a18,XPR,1624708236,8.133880067685368
beed12b3-f39a-43dc-bee6-721a89c0a937,XPR,1624712701,-1.1813172857125416
93becbec-6a43-428a-a1ce-6b096c956ca7,USD,1624722519,-6.726385775050641
f89443b9-1dfe-427e-b718-8846f977bf51,BTC,1624731055,-5.152514049029541
ec22ff9f-6f33-4055-bc53-7ee7d8b51c05,BTC,1624815113,5.154936417597785
27ad712a-9148-4b34-83ec-8bae3ea4cdbf,EUR,1624818625,-1.7940959126693556
75845357-d843-4036-841a-d2e6088b72ce,EUR,1624832860,2.8162605555374505
4760ba51-fb20-47c1-8751-abd21264713a,ETH,1624838955,-5.911564403046747
b61477de-b466-4b13-8a72-e80a721689ca,ETH,1624851315,-6.3982516752286145
ec22ff9f-6f33-4055-bc53-7ee7d8b51c05,ETH,1624876117,-9.433623640778496
9287b4ea-2911-45b2-8da7-cc3ca70cb118,USD,1624878631,-5.422082015530272
9287b4ea-2911-45b2-8da7-cc3ca70cb118,USD,1624881755,-4.70410311738009
3063533e-d3d2-46ca-91f5-6168c95c9835,BTC,1624888091,6.191652003244105
b8599949-2ffc-44c4-bc46-2e596e131c17,BTC,1624908275,5.807685432115132
beed12b3-f39a-43dc-bee6-721a89c0a937,EUR,1624911669,-8.993128493736616
a61e005c-af0a-4820-8cd1-8029218fb066,ETH,1624914520,9.840722606966736
a61e005c-af0a-4820-8cd1-8029218fb066,EUR,1624918430,-3.510953113303179
beed12b3-f39a-43dc-bee6-721a89c0a937,EUR,1624924455,-8.45293866961754
a61e005c-af0a-4820-8cd1-8029218fb066,ETH,1624924900,-9.950273968565158
75845357-d843-4036-841a-d2e6088b72ce,EUR,1624928532,5.941209440226203
a61e005c-af0a-4820-8cd1-8029218fb066,ETH,1624936326,-5.272369693142194
a61e005c-af0a-4820-8cd1-8029218fb066,EUR,1624936582,2.1544360357769214
3063533e-d3d2-46ca-91f5-6168c95c9835,BAT,1624940670,9.208310695845963
f8259c81-0d30-436b-bb3e-156cc731e641,EUR,1624943789,6.310647883105979
fe2f78e2-7054-4eba-ad62-6c2164a7e3e3,ETH,1624950234,-3.3024312286606676
9287b4ea-2911-45b2-8da7-cc3ca70cb118,ETH,1624973027,-8.169230320496846
a61e005c-af0a-4820-8cd1-8029218fb066,USD,1624977371,9.259435224299782
f89443b9-1dfe-427e-b718-8846f977bf51,USD,1624982588,7.5957362686664
a61e005c-af0a-4820-8cd1-8029218fb066,ETH,1624992737,-4.337639705490854
5b8e58a5-9b9f-4f1b-969f-21dbee72f0bb,XPR,1624992859,1.7009754483426232
75845357-d843-4036-841a-d2e6088b72ce,EUR,1625018281,5.614055331853432
5e106318-4553-4462-b510-5438b6a329e5,CAD,1625019950,0.375330647143846
75845357-d843-4036-841a-d2e6088b72ce,BTC,1625028857,8.595810064401277
414e4248-1b1e-4a8e-af48-e65d6c6eef6b,ETH,1625030616,-9.487726025567103
3063533e-d3d2-46ca-91f5-6168c95c9835,BTC,1625037982,5.003953885590612
a61e005c-af0a-4820-8cd1-8029218fb066,BTC,1625056955,-5.943457480419141
75845357-d843-4036-841a-d2e6088b72ce,ETH,1625058198,-7.019682821859343
3063533e-d3d2-46ca-91f5-6168c95c9835,USD,1625060900,3.1022772576813473
cb1a5abb-9cf9-4e37-91ab-83d3959b1277,BTC,1625062564,-2.0210366990511712
3063533e-d3d2-46ca-91f5-6168c95c9835,XPR,1625091932,0.5884164663777476
ec22ff9f-6f33-4055-bc53-7ee7d8b51c05,ETH,1625114682,-6.850557572552263
93becbec-6a43-428a-a1ce-6b096c956ca7,ETH,1625117289,-8.793017826826926
fe3b675f-21d2-4b79-b25f-45150d0e837a,ETH,1625129133,-7.585769651783973
335809b4-e5f6-4eeb-872d-539052a9546d,BAT,1625131348,9.511034236642896
75845357-d843-4036-841a-d2e6088b72ce,BTC,1625149731,5.114515073400563
3063533e-d3d2-46ca-91f5-6168c95c9835,USD,1625151285,3.5974709330854253
5fec4264-78eb-43ed-9c3d-33b6e58a8c3f,USD,1625159815,-9.037825018125057
75845357-d843-4036-841a-d2e6088b72ce,USD,1625160092,-6.588234886410893
a61e005c-af0a-4820-8cd1-8029218fb066,USD,1625161727,2.039450161278012
f41feb3a-a469-487a-bc9d-59a0dfd89c29,BTC,1625165723,-4.578113345805413
259c4a32-9c8f-474a-9f8b-3a9ded89e9b3,BTC,1625168839,0.5488525763500931
fe3b675f-21d2-4b79-b25f-45150d0e837a,ETH,1625195911,8.285485802004214
c12908fd-8688-4926-8453-c480b5ecb48a,BTC,1625206056,7.632205710791176
89e5edba-3eef-4514-856a-287526ae50fa,BTC,1625209461,-0.33274689101215316
d1bfeb51-cf4e-43b4-af30-434bf70a7e5f,XPR,1625213994,-0.16037530397856514
3063533e-d3d2-46ca-91f5-6168c95c9835,USD,1625223621,1.2417883763922113
9287b4ea-2911-45b2-8da7-cc3ca70cb118,USD,1625235444,-0.8406617649111752
93becbec-6a43-428a-a1ce-6b096c956ca7,ETH,1625284533,4.234332483457949
f30a7fba-468c-4b04-aac4-8cf836652573,BTC,1625284722,6.262728687161754
3063533e-d3d2-46ca-91f5-6168c95c9835,ETH,1625325564,-4.9476317439464035
fe3b675f-21d2-4b79-b25f-45150d0e837a,EUR,1625329207,2.9458267220609162
ec22ff9f-6f33-4055-bc53-7ee7d8b51c05,USD,1625342388,-2.5058876123537788
51caadde-8903-4316-8c98-507aedfe306a,USD,1625363079,-8.694259900958725
934357bf-b14a-4da8-8b0c-ed0c28540389,USD,1625428849,1.2613919711260042
beed12b3-f39a-43dc-bee6-721a89c0a937,BAT,1625430430,-0.21408443401834276
e2b54159-2bf7-4b89-850b-9f1c680b6bbe,USD,1625435668,3.1768498919152606
9b889da5-cd5e-4fea-9680-e4aef39193ad,BAT,1625454773,-9.014005298331291
a61e005c-af0a-4820-8cd1-8029218fb066,BAT,1625479157,-4.080270983503036
414e4248-1b1e-4a8e-af48-e65d6c6eef6b,EUR,1625491972,6.770842508910551
ec22ff9f-6f33-4055-bc53-7ee7d8b51c05,EUR,1625498676,-7.273136100233537
7d6a9d9e-25b5-4ce1-b8bd-087f702725cc,EUR,1625520122,2.8630730006743974
75845357-d843-4036-841a-d2e6088b72ce,EUR,1625552655,2.864713351886106
f41feb3a-a469-487a-bc9d-59a0dfd89c29,ETH,1625558060,-0.36528603352447675
fa3e5601-04c5-4918-9c31-0d02d5ed3431,EUR,1625563823,7.880591274241848
a61e005c-af0a-4820-8cd1-8029218fb066,USD,1625564414,8.136368553522246
3633f00d-bf93-44be-9ad2-4c7a0e1e5679,ETH,1625572142,-8.528783338971452
beed12b3-f39a-43dc-bee6-721a89c0a937,ETH,1625583223,-1.2036844360542815
beed12b3-f39a-43dc-bee6-721a89c0a937,EUR,1625613615,0.5275599370616479
9287b4ea-2911-45b2-8da7-cc3ca70cb118,ETH,1625619104,-9.731670307615925
9b889da5-cd5e-4fea-9680-e4aef39193ad,ETH,1625641569,-5.28034439122634
78fec595-1f14-4e85-b295-e430a6ba7686,BTC,1625647422,6.411018569185266
fe3b675f-21d2-4b79-b25f-45150d0e837a,ETH,1625651413,4.37931341728506
f2bd38cb-310b-457e-8cb1-c8b5bb589288,ETH,1625652507,8.25390455632662
fdaa102d-797c-4c57-a793-feb6e3aaff0d,ETH,1625661767,1.792834846161874
3063533e-d3d2-46ca-91f5-6168c95c9835,EUR,1625671972,8.188960649306718
5b1caf3b-c40b-419f-b819-86b258ae3a18,XPR,1625702714,5.217811672023311
75845357-d843-4036-841a-d2e6088b72ce,ETH,1625752468,-6.005123277301189
fe3b675f-21d2-4b79-b25f-45150d0e837a,BTC,1625754676,6.285269519176364
75845357-d843-4036-841a-d2e6088b72ce,EUR,1625757599,2.546615477677271
f41feb3a-a469-487a-bc9d-59a0dfd89c29,EUR,1625772271,4.1988065135534995
a61e005c-af0a-4820-8cd1-8029218fb066,USD,1625782197,-9.058016154915913
9287b4ea-2911-45b2-8da7-cc3ca70cb118,USD,1625782273,-9.290976714485865
75845357-d843-4036-841a-d2e6088b72ce,EUR,1625786317,0.3110042045039343
75845357-d843-4036-841a-d2e6088b72ce,USD,1625800212,4.727704295694748
fe3b675f-21d2-4b79-b25f-45150d0e837a,BAT,1625803392,9.65201338462602
e2b54159-2bf7-4b89-850b-9f1c680b6bbe,ETH,1625805332,2.5231288695921137
d137f350-8287-42e4-99aa-cd56cb77aa8f,XPR,1625824537,-9.085360713160958
beed12b3-f39a-43dc-bee6-721a89c0a937,EUR,1625827192,7.699599972361305
01f5b699-535e-415c-af84-446e5c00385e,ETH,1625850595,9.199407157226972
e2b54159-2bf7-4b89-850b-9f1c680b6bbe,EUR,1625863683,-9.80440201356107
3063533e-d3d2-46ca-91f5-6168c95c9835,USD,1625865829,0.03387400944339802
b8599949-2ffc-44c4-bc46-2e596e131c17,BTC,1625868364,9.219262348592522
f41feb3a-a469-487a-bc9d-59a0dfd89c29,BTC,1625881851,-2.817962106875134
beed12b3-f39a-43dc-bee6-721a89c0a937,USD,1625885464,-3.6075895335807022
93becbec-6a43-428a-a1ce-6b096c956ca7,EUR,1625894664,8.660295043255704
9287b4ea-2911-45b2-8da7-cc3ca70cb118,USD,1625907466,-4.950075571574056
f8259c81-0d30-436b-bb3e-156cc731e641,BTC,1625908928,-8.403354637742044
a61e005c-af0a-4820-8cd1-8029218fb066,ETH,1625928676,6.979909313749019
f89443b9-1dfe-427e-b718-8846f977bf51,EUR,1625931911,-5.813216019447978
93becbec-6a43-428a-a1ce-6b096c956ca7,ETH,1625932281,1.460315818316202
cb1a5abb-9cf9-4e37-91ab-83d3959b1277,BTC,1625941774,4.3323694387720035
3063533e-d3d2-46ca-91f5-6168c95c9835,USD,1625943917,-0.9453252547468356
75845357-d843-4036-841a-d2e6088b72ce,XPR,1625961716,0.9918354477121287
a61e005c-af0a-4820-8cd1-8029218fb066,USD,1625986775,-4.179027059950116
3caf1a3a-46cf-4c91-b352-9ea9f0c571ec,USD,1625988782,2.442471930410166
1e6d232e-11f4-4cd6-9eb4-020af5d6a1fb,ETH,1625993809,1.6111191005506775
f8259c81-0d30-436b-bb3e-156cc731e641,USD,1625993809,7.069030382897516
4a6f2b89-07cb-4557-b821-5a8ea03d2f71,EUR,1626005143,-1.537829157708309
3063533e-d3d2-46ca-91f5-6168c95c9835,EUR,1626013834,-8.132973551921722
0640659b-bfbc-414c-8e89-4c316287a8dd,USD,1626042072,1.094161473197497
9287b4ea-2911-45b2-8da7-cc3ca70cb118,XPR,1626052153,8.673357192990608
beed12b3-f39a-43dc-bee6-721a89c0a937,BAT,1626055092,9.212550322230712
d137f350-8287-42e4-99aa-cd56cb77aa8f,EUR,1626067769,-7.2520248973236034
9287b4ea-2911-45b2-8da7-cc3ca70cb118,ETH,1626070526,-4.493808956832186
beed12b3-f39a-43dc-bee6-721a89c0a937,CAD,1626093048,2.640801927643654
f41feb3a-a469-487a-bc9d-59a0dfd89c29,XPR,1626102790,-6.528201951668036
3caf1a3a-46cf-4c91-b352-9ea9f0c571ec,EUR,1626123069,7.824667300209477
75845357-d843-4036-841a-d2e6088b72ce,ETH,1626138654,-3.24237246876407
93becbec-6a43-428a-a1ce-6b096c956ca7,USD,1626145041,-7.699549358582589
fe3b675f-21d2-4b79-b25f-45150d0e837a,EUR,1626149435,-0.6288848627878068
a61e005c-af0a-4820-8cd1-8029218fb066,EUR,1626151585,7.0411567082900355
beed12b3-f39a-43dc-bee6-721a89c0a937,BTC,1626151949,4.811712559061053
ec22ff9f-6f33-4055-bc53-7ee7d8b51c05,ETH,1626152280,9.843206953803683
beed12b3-f39a-43dc-bee6-721a89c0a937,ETH,1626154038,-2.4362322026271173
a61e005c-af0a-4820-8cd1-8029218fb066,EUR,1626156793,-0.3782093400663271
a61e005c-af0a-4820-8cd1-8029218fb066,BTC,1626160114,7.601010859515618
f89443b9-1dfe-427e-b718-8846f977bf51,USD,1626165076,-7.217914726188939
e2b54159-2bf7-4b89-850b-9f1c680b6bbe,BTC,1626165653,-8.848290385025352
3063533e-d3d2-46ca-91f5-6168c95c9835,ETH,1626179641,-3.2568546359647765
d216d37c-df5d-4c8d-a79d-8cb1f7dbc0f7,USD,1626194091,1.3588593663273763
75845357-d843-4036-841a-d2e6088b72ce,BTC,1626206612,6.11032352729428
75845357-d843-4036-841a-d2e6088b72ce,EUR,1626209082,2.28202434008206
ec22ff9f-6f33-4055-bc53-7ee7d8b51c05,EUR,1626212414,1.5642435454885337
ec22ff9f-6f33-4055-bc53-7ee7d8b51c05,USD,1626219907,1.9613348569136306
27ad712a-9148-4b34-83ec-8bae3ea4cdbf,ETH,1626222399,-6.085460298000025
cc19a596-79eb-4ae6-92a8-6f7ff846355a,ETH,1626223772,-2.6017302417918
f41feb3a-a469-487a-bc9d-59a0dfd89c29,ETH,1626226180,2.637421829898612
c12908fd-8688-4926-8453-c480b5ecb48a,BAT,1626241352,-8.898171745798447
fe3b675f-21d2-4b79-b25f-45150d0e837a,ETH,1626246018,6.695847157419781
fe3b675f-21d2-4b79-b25f-45150d0e837a,BTC,1626248571,-0.29818780872252404
4b2f64c2-d6b2-421b-a6af-685573cd7f56,BAT,1626250688,-9.493604893096496
fe3b675f-21d2-4b79-b25f-45150d0e837a,BTC,1626252526,-4.566146473869286
9287b4ea-2911-45b2-8da7-cc3ca70cb118,XPR,1626267265,6.6794918655700855
3063533e-d3d2-46ca-91f5-6168c95c9835,ETH,1626274580,-0.13683727754502328
ec22ff9f-6f33-4055-bc53-7ee7d8b51c05,USD,1626306796,-1.578149876001394
3caf1a3a-46cf-4c91-b352-9ea9f0c571ec,ETH,1626310375,1.5656610869607412
9287b4ea-2911-45b2-8da7-cc3ca70cb118,BTC,1626335236,3.8310813206090657
3063533e-d3d2-46ca-91f5-6168c95c9835,BAT,1626337121,-1.2775109351014216
d94aed09-3f48-4b79-ae7d-a8f2cbf69501,USD,1626348605,2.6804217902055285
e2b54159-2bf7-4b89-850b-9f1c680b6bbe,BAT,1626361240,-5.4613155497965105
a61e005c-af0a-4820-8cd1-8029218fb066,XPR,1626386164,3.8039522068919407
ec22ff9f-6f33-4055-bc53-7ee7d8b51c05,USD,1626388639,-0.33031005796303425
4832c931-325f-4bda-9926-9dfc310ccbad,CAD,1626414275,4.312891839458906
93becbec-6a43-428a-a1ce-6b096c956ca7,EUR,1626428317,-4.820528169302838
a61e005c-af0a-4820-8cd1-8029218fb066,EUR,1626429301,-5.453613664364636
75845357-d843-4036-841a-d2e6088b72ce,CAD,1626434133,7.114449066496423
e64722ab-ac45-4631-80ac-c45da5ff8c01,BTC,1626435473,7.3493972150775235
d216d37c-df5d-4c8d-a79d-8cb1f7dbc0f7,USD,1626441797,-9.27227585089251
e2b54159-2bf7-4b89-850b-9f1c680b6bbe,ETH,1626447137,-1.887154527082382
9287b4ea-2911-45b2-8da7-cc3ca70cb118,USD,1626447600,-3.7142818052147586
e2b54159-2bf7-4b89-850b-9f1c680b6bbe,USD,1626460682,-3.0229214220033285
dc45ff15-8e0b-4d6a-ba44-195073e4bd0a,BTC,1626468010,-0.5991463275810425
a61e005c-af0a-4820-8cd1-8029218fb066,EUR,1626500519,-9.292022591490754
75845357-d843-4036-841a-d2e6088b72ce,BTC,1626506053,-1.5841964982992174
1e6d232e-11f4-4cd6-9eb4-020af5d6a1fb,BTC,1626507640,0.009323667097319799
a02bd628-3dc5-46ba-98eb-42abbce82ad3,BTC,1626512182,-3.5341110248783085
75845357-d843-4036-841a-d2e6088b72ce,BTC,1626514225,9.944311336267347
1c624660-7fbd-43a5-b791-c997b810db49,EUR,1626517675,-0.37568752823432483
beed12b3-f39a-43dc-bee6-721a89c0a937,ETH,1626529362,1.2621129310866657
fdaa102d-797c-4c57-a793-feb6e3aaff0d,ETH,1626554175,9.363781692305128
e84d7bec-86b6-4f13-892c-1970e2d466bc,CAD,1626555643,-9.206708408069524
beed12b3-f39a-43dc-bee6-721a89c0a937,ETH,1626563567,4.817506676504568
fdaa102d-797c-4c57-a793-feb6e3aaff0d,BTC,1626567160,0.9347665328732635
93becbec-6a43-428a-a1ce-6b096c956ca7,EUR,1626575331,-0.24519410264104913
75845357-d843-4036-841a-d2e6088b72ce,XPR,1626578474,6.819458255426298
fe3b675f-21d2-4b79-b25f-45150d0e837a,USD,1626606213,-5.552453537344812
3063533e-d3d2-46ca-91f5-6168c95c9835,USD,1626658189,-3.7836829467083533
fe3b675f-21d2-4b79-b25f-45150d0e837a,ETH,1626672604,4.91435804165973
ec22ff9f-6f33-4055-bc53-7ee7d8b51c05,EUR,1626674538,-3.9670323828534855
a16bc127-d4af-4611-b5e6-9f9e451a851f,BTC,1626690228,4.646004667653248
f41feb3a-a469-487a-bc9d-59a0dfd89c29,BTC,1626730674,-8.020712543428672
3063533e-d3d2-46ca-91f5-6168c95c9835,ETH,1626736096,-2.968400850484649
3063533e-d3d2-46ca-91f5-6168c95c9835,ETH,1626738654,-7.615861409661379
ec22ff9f-6f33-4055-bc53-7ee7d8b51c05,EUR,1626756878,-8.109244733415615
f41feb3a-a469-487a-bc9d-59a0dfd89c29,EUR,1626765188,2.2231876227450105
f41feb3a-a469-487a-bc9d-59a0dfd89c29,ETH,1626790316,7.473169905221756
9287b4ea-2911-45b2-8da7-cc3ca70cb118,ETH,1626799716,4.083099978639524
f41feb3a-a469-487a-bc9d-59a0dfd89c29,BTC,1626802425,-1.0300325082786053
75845357-d843-4036-841a-d2e6088b72ce,ETH,1626807021,6.2264134474118435
75845357-d843-4036-841a-d2e6088b72ce,BTC,1626813942,-0.23482205825865954
5b8e58a5-9b9f-4f1b-969f-21dbee72f0bb,EUR,1626824006,-2.3207093615219847
e2b54159-2bf7-4b89-850b-9f1c680b6bbe,ETH,1626845999,-5.036626889807058
93becbec-6a43-428a-a1ce-6b096c956ca7,ETH,1626853844,-4.975729230447237
beed12b3-f39a-43dc-bee6-721a89c0a937,ETH,1626864952,-1.7256409460274789
034f584c-d4fd-4260-8611-c3423745f933,EUR,1626870976,-9.990318024221217
beed12b3-f39a-43dc-bee6-721a89c0a937,ETH,1626871355,7.365286279631825
beed12b3-f39a-43dc-bee6-721a89c0a937,EUR,1626884039,7.991516758404593
beed12b3-f39a-43dc-bee6-721a89c0a937,BTC,1626885798,-4.249127987504031
e2b54159-2bf7-4b89-850b-9f1c680b6bbe,CAD,1626924318,-6.366276527978812
a61e005c-af0a-4820-8cd1-8029218fb066,USD,1626964809,2.6105644304856153
e2b54159-2bf7-4b89-850b-9f1c680b6bbe,BTC,1626975569,-3.6862361247673814
4a6f2b89-07cb-4557-b821-5a8ea03d2f71,EUR,1626990639,-0.8983067808700174
e2b54159-2bf7-4b89-850b-9f1c680b6bbe,USD,1626993886,8.021658220497837
c12908fd-8688-4926-8453-c480b5ecb48a,BAT,1627003169,8.430356574087213
3063533e-d3d2-46ca-91f5-6168c95c9835,ETH,1627021581,-5.070963541982751
93becbec-6a43-428a-a1ce-6b096c956ca7,CAD,1627023988,9.449341823943449
5dd16e20-7875-458f-bee4-29f27dd61bbd,BTC,1627030377,6.869407683599572
5dd16e20-7875-458f-bee4-29f27dd61bbd,XPR,1627044564,1.487665542567207
75845357-d843-4036-841a-d2e6088b72ce,EUR,1627045021,8.438872277436523
5a623012-bb14-4bc5-977a-8d57033a1342,BTC,1627048049,-9.247804075308627
6044e2ef-8425-487c-b8bf-b88a87cc43f9,EUR,1627049073,4.063111759655946
9287b4ea-2911-45b2-8da7-cc3ca70cb118,EUR,1627079358,0.7214163726088643
75845357-d843-4036-841a-d2e6088b72ce,USD,1627130068,-2.320641410839155
9b2e8458-726f-42d9-97cb-5e66de168da5,BTC,1627138496,-7.4176128054111246
fe3b675f-21d2-4b79-b25f-45150d0e837a,ETH,1627155765,-5.524975019848421
5b8e58a5-9b9f-4f1b-969f-21dbee72f0bb,ETH,1627157082,5.034206128041825
93becbec-6a43-428a-a1ce-6b096c956ca7,BTC,1627161300,-6.6058219908957945
93becbec-6a43-428a-a1ce-6b096c956ca7,USD,1627175216,5.370746347497505
f41feb3a-a469-487a-bc9d-59a0dfd89c29,USD,1627184351,0.4739414233904391
3063533e-d3d2-46ca-91f5-6168c95c9835,ETH,1627187455,6.9474386363286875
ec22ff9f-6f33-4055-bc53-7ee7d8b51c05,ETH,1627189798,6.863763715874974
99c17ee8-9189-4682-8f4d-a3e22a59e12f,ETH,1627192575,-5.425001637063193
3063533e-d3d2-46ca-91f5-6168c95c9835,BTC,1627195141,5.041089228219462
992286bf-16a1-43d3-a31d-642222d91603,ETH,1627197424,0.707553607306135
fa3e5601-04c5-4918-9c31-0d02d5ed3431,EUR,1627203218,-9.212020438141629
a61e005c-af0a-4820-8cd1-8029218fb066,ETH,1627219157,0.7512309335055267
ab77e7b3-19cf-4680-a47f-28b90448335c,USD,1627240804,-8.894804913808086
f41feb3a-a469-487a-bc9d-59a0dfd89c29,ETH,1627244488,-2.2760806743313715
beed12b3-f39a-43dc-bee6-721a89c0a937,ETH,1627247729,7.399491651052294
f41feb3a-a469-487a-bc9d-59a0dfd89c29,USD,1627253969,-2.537623119977999
f41feb3a-a469-487a-bc9d-59a0dfd89c29,BTC,1627260686,3.693207437738806
5dd16e20-7875-458f-bee4-29f27dd61bbd,BAT,1627264961,-7.845532180059198
75845357-d843-4036-841a-d2e6088b72ce,USD,1627266643,-2.9660784385788475
75845357-d843-4036-841a-d2e6088b72ce,BTC,1627277215,0.03554451300700734
f1bc887e-df8c-4d6d-b633-a0432564e31a,BTC,1627286142,-2.0635311456121634
f41feb3a-a469-487a-bc9d-59a0dfd89c29,ETH,1627299346,-7.2141146373428295
9287b4ea-2911-45b2-8da7-cc3ca70cb118,USD,1627311468,-7.697924643606293
ec22ff9f-6f33-4055-bc53-7ee7d8b51c05,BTC,1627338427,9.850523631243789
f41feb3a-a469-487a-bc9d-59a0dfd89c29,BTC,1627360496,-8.618702406054737
a61e005c-af0a-4820-8cd1-8029218fb066,EUR,1627365830,7.574328839953694
e84d7bec-86b6-4f13-892c-1970e2d466bc,USD,1627367639,7.637988493013278
c0ad94db-d257-4e4a-84ca-b9e73442cf78,ETH,1627385972,1.113289048806303
beed12b3-f39a-43dc-bee6-721a89c0a937,BTC,1627390519,-7.031814865375425
6044e2ef-8425-487c-b8bf-b88a87cc43f9,BTC,1627391520,-4.975270242098344
79b2b699-e758-48a8-bc3b-379fa77bb478,ETH,1627392362,0.7104694561518698
e2b54159-2bf7-4b89-850b-9f1c680b6bbe,USD,1627398363,6.929627557840362
beed12b3-f39a-43dc-bee6-721a89c0a937,USD,1627406211,9.113273950907722
945d4c4d-4281-4ff9-a6fe-de9dfd858f72,ETH,1627413292,-2.0494582897127067
ec22ff9f-6f33-4055-bc53-7ee7d8b51c05,CAD,1627421572,2.7839176525901426
d4dcb8fa-5698-4391-a79f-043adda8a220,EUR,1627440678,8.076056401827238
9287b4ea-2911-45b2-8da7-cc3ca70cb118,USD,1627441600,-4.395179099643441
f41feb3a-a469-487a-bc9d-59a0dfd89c29,BTC,1627469134,-7.619272146423269
ec22ff9f-6f33-4055-bc53-7ee7d8b51c05,EUR,1627471271,3.038577468873518
9287b4ea-2911-45b2-8da7-cc3ca70cb118,BTC,1627491695,-9.02212684230773
75845357-d843-4036-841a-d2e6088b72ce,USD,1627513313,6.406923165066576
b8599949-2ffc-44c4-bc46-2e596e131c17,EUR,1627520606,-0.557008805656519
75845357-d843-4036-841a-d2e6088b72ce,BTC,1627524320,4.978739008204085
25382ae7-1c6c-4b32-a120-7717c6f4080a,USD,1627525281,-9.454726457991134
f41feb3a-a469-487a-bc9d-59a0dfd89c29,EUR,1627540233,6.12969783773714
3633f00d-bf93-44be-9ad2-4c7a0e1e5679,EUR,1627543154,6.931072456768902
f41feb3a-a469-487a-bc9d-59a0dfd89c29,EUR,1627563824,-5.905665803455717
3063533e-d3d2-46ca-91f5-6168c95c9835,BTC,1627571880,3.3707206022956164
3063533e-d3d2-46ca-91f5-6168c95c9835,EUR,1627579864,-8.886564717211202
e2b54159-2bf7-4b89-850b-9f1c680b6bbe,USD,1627591483,-1.0742575470820057
e2b54159-2bf7-4b89-850b-9f1c680b6bbe,BTC,1627608591,8.257462793799139
ec22ff9f-6f33-4055-bc53-7ee7d8b51c05,EUR,1627613260,9.2384905984743
beed12b3-f39a-43dc-bee6-721a89c0a937,EUR,1627613834,-0.5063200696119363
fe3b675f-21d2-4b79-b25f-45150d0e837a,BTC,1627619735,-8.336341341567152
e2b54159-2bf7-4b89-850b-9f1c680b6bbe,BTC,1627626681,8.83457359040652
ec22ff9f-6f33-4055-bc53-7ee7d8b51c05,BTC,1627634048,3.3379395216022516
f41feb3a-a469-487a-bc9d-59a0dfd89c29,USD,1627636769,9.582678595391023
25382ae7-1c6c-4b32-a120-7717c6f4080a,BTC,1627645997,2.510917319705383
f41feb3a-a469-487a-bc9d-59a0dfd89c29,USD,1627654455,0.8610754532898639
fe3b675f-21d2-4b79-b25f-45150d0e837a,ETH,1627659667,7.074836715583821
fe3b675f-21d2-4b79-b25f-45150d0e837a,BTC,1627670276,9.434456640104631
93becbec-6a43-428a-a1ce-6b096c956ca7,USD,1627671847,3.9034654692754316
ec22ff9f-6f33-4055-bc53-7ee7d8b51c05,BTC,1627693736,8.654769741935603
6044e2ef-8425-487c-b8bf-b88a87cc43f9,XPR,1627695069,3.91320256563022
fe3b675f-21d2-4b79-b25f-45150d0e837a,EUR,1627697864,9.959150906979929
fe3b675f-21d2-4b79-b25f-45150d0e837a,ETH,1627715212,8.782798236525139
a61e005c-af0a-4820-8cd1-8029218fb066,BAT,1627734643,-6.7472982245428215
f2bd38cb-310b-457e-8cb1-c8b5bb589288,EUR,1627742308,7.322462289841123
9287b4ea-2911-45b2-8da7-cc3ca70cb118,ETH,1627744418,0.10842564985406078
93becbec-6a43-428a-a1ce-6b096c956ca7,ETH,1627773953,2.0786295412897715
a61e005c-af0a-4820-8cd1-8029218fb066,USD,1627778268,5.412518109321221
e64722ab-ac45-4631-80ac-c45da5ff8c01,USD,1627778786,-0.009298826352386769
93becbec-6a43-428a-a1ce-6b096c956ca7,EUR,1627812874,5.57152931055888
25382ae7-1c6c-4b32-a120-7717c6f4080a,BTC,1627833686,1.6771088287057232
fe3b675f-21d2-4b79-b25f-45150d0e837a,ETH,1627846663,6.842256180905991
3063533e-d3d2-46ca-91f5-6168c95c9835,USD,1627849828,-4.630123336570014
3063533e-d3d2-46ca-91f5-6168c95c9835,BAT,1627863123,-6.018104202239176
fe3b675f-21d2-4b79-b25f-45150d0e837a,ETH,1627865811,-7.566241495335378
fe3b675f-21d2-4b79-b25f-45150d0e837a,EUR,1627879267,5.953701082822477
ec22ff9f-6f33-4055-bc53-7ee7d8b51c05,XPR,1627888407,-5.755833920913338
fa3e5601-04c5-4918-9c31-0d02d5ed3431,BTC,1627894453,-2.7110564177923635
3063533e-d3d2-46ca-91f5-6168c95c9835,BTC,1627900171,4.600202944041092
93becbec-6a43-428a-a1ce-6b096c956ca7,ETH,1627907461,2.239105335243721
9287b4ea-2911-45b2-8da7-cc3ca70cb118,BTC,1627909874,5.090055052366985
ec22ff9f-6f33-4055-bc53-7ee7d8b51c05,EUR,1627922391,-8.679594696632378
ec22ff9f-6f33-4055-bc53-7ee7d8b51c05,EUR,1627933523,7.002929853773082
a61e005c-af0a-4820-8cd1-8029218fb066,USD,1627945632,-1.0431840030976591
c12908fd-8688-4926-8453-c480b5ecb48a,BTC,1627958347,8.49179374707013
987eae8b-a10b-4a88-a437-37a982f5acb5,BTC,1627978818,3.509930553042185
93becbec-6a43-428a-a1ce-6b096c956ca7,EUR,1627986478,6.410107447554964
e2b54159-2bf7-4b89-850b-9f1c680b6bbe,EUR,1628001425,-7.28295067164953
5b8e58a5-9b9f-4f1b-969f-21dbee72f0bb,USD,1628016904,4.830100346176211
5a623012-bb14-4bc5-977a-8d57033a1342,BAT,1628034947,-6.155640298871443
f41feb3a-a469-487a-bc9d-59a0dfd89c29,ETH,1628040396,9.538713958864136
93becbec-6a43-428a-a1ce-6b096c956ca7,EUR,1628049489,8.259265139066343
3063533e-d3d2-46ca-91f5-6168c95c9835,USD,1628060792,3.4526803197459603
68b37b28-d244-45ab-94c4-21f57bb55a62,BTC,1628064829,-7.37633698228194
ec22ff9f-6f33-4055-bc53-7ee7d8b51c05,BTC,1628076940,-0.2903330688607326
3633f00d-bf93-44be-9ad2-4c7a0e1e5679,EUR,1628085904,-1.276486513960041
3063533e-d3d2-46ca-91f5-6168c95c9835,BTC,1628086147,-9.536072428672377
9287b4ea-2911-45b2-8da7-cc3ca70cb118,EUR,1628090227,-1.0329851612884013
75845357-d843-4036-841a-d2e6088b72ce,BTC,1628102768,-2.5999368554992808
3063533e-d3d2-46ca-91f5-6168c95c9835,EUR,1628131706,1.9701011224657012
5a623012-bb14-4bc5-977a-8d57033a1342,USD,1628184006,-6.605382187586983
4832c931-325f-4bda-9926-9dfc310ccbad,EUR,1628184585,-7.511064332685646
ec22ff9f-6f33-4055-bc53-7ee7d8b51c05,USD,1628245814,-7.980904106505782
75845357-d843-4036-841a-d2e6088b72ce,BTC,1628255843,1.5732136151363196
fe3b675f-21d2-4b79-b25f-45150d0e837a,EUR,1628256562,6.098679717529691
fe2f78e2-7054-4eba-ad62-6c2164a7e3e3,XPR,1628266037,7.733971941069576
75845357-d843-4036-841a-d2e6088b72ce,BTC,1628302507,4.501821292293053
335809b4-e5f6-4eeb-872d-539052a9546d,BTC,1628310412,0.06506183590072467
fe2f78e2-7054-4eba-ad62-6c2164a7e3e3,EUR,1628334933,5.256717968222585
ec22ff9f-6f33-4055-bc53-7ee7d8b51c05,USD,1628344015,2.9988316622217166
fe3b675f-21d2-4b79-b25f-45150d0e837a,BTC,1628346062,9.031133660554012
a61e005c-af0a-4820-8cd1-8029218fb066,CAD,1628355920,3.189394424028576
9287b4ea-2911-45b2-8da7-cc3ca70cb118,EUR,1628373803,-0.11085383703218099
93becbec-6a43-428a-a1ce-6b096c956ca7,BTC,1628376808,-1.1914875528082618
fe3b675f-21d2-4b79-b25f-45150d0e837a,BTC,1628379618,-7.691084024903607
fe3b675f-21d2-4b79-b25f-45150d0e837a,EUR,1628380328,7.057032248494057
a75ecbba-3eb1-43a0-8c9a-863569911bc3,USD,1628380336,8.147462377423643
27ad712a-9148-4b34-83ec-8bae3ea4cdbf,BAT,1628382844,-7.163079026655357
034f584c-d4fd-4260-8611-c3423745f933,EUR,1628384363,-9.763821189515234
3063533e-d3d2-46ca-91f5-6168c95c9835,CAD,1628386659,6.182024505822824
75845357-d843-4036-841a-d2e6088b72ce,BTC,1628387147,-1.2513766278882024
93becbec-6a43-428a-a1ce-6b096c956ca7,ETH,1628427068,-8.471937656347885
f1010a49-5aa3-477c-bb16-4d5aebb637c0,BTC,1628439519,-2.6560582754649786
f41feb3a-a469-487a-bc9d-59a0dfd89c29,EUR,1628456425,2.3022729314140093
f41feb3a-a469-487a-bc9d-59a0dfd89c29,EUR,1628460148,-4.225109949360927
992286bf-16a1-43d3-a31d-642222d91603,BTC,1628460947,1.1056692844847404
75845357-d843-4036-841a-d2e6088b72ce,BTC,1628467533,-0.7368177181532225
93becbec-6a43-428a-a1ce-6b096c956ca7,USD,1628486710,-2.134428367831875
75845357-d843-4036-841a-d2e6088b72ce,USD,1628492851,6.281499206494626
992286bf-16a1-43d3-a31d-642222d91603,XPR,1628503107,-8.256150999056276
beed12b3-f39a-43dc-bee6-721a89c0a937,BTC,1628511335,-1.876040453681071
93becbec-6a43-428a-a1ce-6b096c956ca7,EUR,1628517425,2.133811546785168
ec22ff9f-6f33-4055-bc53-7ee7d8b51c05,BTC,1628530310,-1.0019503539116528
beed12b3-f39a-43dc-bee6-721a89c0a937,ETH,1628537924,-4.881458173521387
beed12b3-f39a-43dc-bee6-721a89c0a937,ETH,1628538685,-3.2230863896907502
93becbec-6a43-428a-a1ce-6b096c956ca7,EUR,1628539964,9.610608152690688
9287b4ea-2911-45b2-8da7-cc3ca70cb118,BAT,1628543916,3.771797396647303
93becbec-6a43-428a-a1ce-6b096c956ca7,ETH,1628552506,-8.434978710327988
25382ae7-1c6c-4b32-a120-7717c6f4080a,BTC,1628554900,-1.0945770637661116
3063533e-d3d2-46ca-91f5-6168c95c9835,BTC,1628576159,6.152287001862653
fe3b675f-21d2-4b79-b25f-45150d0e837a,EUR,1628627562,-0.46506709469353424
f41feb3a-a469-487a-bc9d-59a0dfd89c29,BAT,1628643370,2.5280690620449775
992286bf-16a1-43d3-a31d-642222d91603,ETH,1628645445,0.43363417437595686
f41feb3a-a469-487a-bc9d-59a0dfd89c29,ETH,1628648571,-7.791658632458802
9287b4ea-2911-45b2-8da7-cc3ca70cb118,BTC,1628650906,7.458275198274013
e2b54159-2bf7-4b89-850b-9f1c680b6bbe,EUR,1628654759,6.98714048295593
92934d8d-a4cc-456f-97ca-c77f528c6bda,XPR,1628679666,6.604038293759416
f41feb3a-a469-487a-bc9d-59a0dfd89c29,EUR,1628686668,-2.2784491598153167
75845357-d843-4036-841a-d2e6088b72ce,USD,1628690798,7.706753663613576
beed12b3-f39a-43dc-bee6-721a89c0a937,ETH,1628690808,-4.56084677187053
9287b4ea-2911-45b2-8da7-cc3ca70cb118,USD,1628693242,1.8686539149689878
5fec4264-78eb-43ed-9c3d-33b6e58a8c3f,ETH,1628695095,-0.259196771749421
b61477de-b466-4b13-8a72-e80a721689ca,USD,1628707746,9.456439813178623
75845357-d843-4036-841a-d2e6088b72ce,BTC,1628709813,-5.070058913131843
d137f350-8287-42e4-99aa-cd56cb77aa8f,BTC,1628736016,6.572941645251387
9287b4ea-2911-45b2-8da7-cc3ca70cb118,XPR,1628749736,-9.08078302652272
a61e005c-af0a-4820-8cd1-8029218fb066,EUR,1628821215,2.0569831898507154
5b8e58a5-9b9f-4f1b-969f-21dbee72f0bb,EUR,1628843196,9.282813742241473
f41feb3a-a469-487a-bc9d-59a0dfd89c29,USD,1628844559,1.6739901246632414
d216d37c-df5d-4c8d-a79d-8cb1f7dbc0f7,USD,1628858835,-7.8396478112204555
a16bc127-d4af-4611-b5e6-9f9e451a851f,EUR,1628889587,2.387078859683001
75845357-d843-4036-841a-d2e6088b72ce,CAD,1628895987,7.380595653368928
fe3b675f-21d2-4b79-b25f-45150d0e837a,ETH,1628902472,6.899140769421457
e2b54159-2bf7-4b89-850b-9f1c680b6bbe,BTC,1628903202,9.252834035863227
75845357-d843-4036-841a-d2e6088b72ce,USD,1628919616,3.9881593299563782
d216d37c-df5d-4c8d-a79d-8cb1f7dbc0f7,EUR,1628921003,-0.11702418654546953
75845357-d843-4036-841a-d2e6088b72ce,EUR,1628924660,-3.2220487985942174
0615a717-29b9-4c76-826a-ece60a60f3ae,ETH,1628926844,-1.4608216233434508
5b8e58a5-9b9f-4f1b-969f-21dbee72f0bb,BTC,1628935933,-4.267289505191146
93becbec-6a43-428a-a1ce-6b096c956ca7,BTC,1628964027,-6.903959466279812
ec22ff9f-6f33-4055-bc53-7ee7d8b51c05,BAT,1628975233,0.3111749956669527
a61e005c-af0a-4820-8cd1-8029218fb066,EUR,1628976456,6.545245425948206
fe3b675f-21d2-4b79-b25f-45150d0e837a,EUR,1629032483,4.469252009755451
ec22ff9f-6f33-4055-bc53-7ee7d8b51c05,BTC,1629034357,9.326958585413518
beed12b3-f39a-43dc-bee6-721a89c0a937,EUR,1629040177,-6.809281559771021
75845357-d843-4036-841a-d2e6088b72ce,XPR,1629048278,0.7678887526534179
beed12b3-f39a-43dc-bee6-721a89c0a937,BTC,1629049027,-9.032928824461804
5b8e58a5-9b9f-4f1b-969f-21dbee72f0bb,BTC,1629052931,5.542366076690863
5b1caf3b-c40b-419f-b819-86b258ae3a18,ETH,1629062691,-5.309718486034423
9287b4ea-2911-45b2-8da7-cc3ca70cb118,ETH,1629065491,-7.3940338610651235
f8259c81-0d30-436b-bb3e-156cc731e641,ETH,1629065567,-9.500860831906836
93becbec-6a43-428a-a1ce-6b096c956ca7,ETH,1629066945,-1.7937226592413396
e64722ab-ac45-4631-80ac-c45da5ff8c01,USD,1629075619,-5.525250503103618
e2b54159-2bf7-4b89-850b-9f1c680b6bbe,ETH,1629083968,-8.97592506504341
f41feb3a-a469-487a-bc9d-59a0dfd89c29,ETH,1629095211,-6.073005627557362
75845357-d843-4036-841a-d2e6088b72ce,ETH,1629100793,7.570829718937976
75845357-d843-4036-841a-d2e6088b72ce,EUR,1629108507,-6.911971355363917
beed12b3-f39a-43dc-bee6-721a89c0a937,BTC,1629109233,4.192392855235552
c5cefec7-2341-4c3e-bee1-cb30fee93bd8,USD,1629124444,5.863237739619622
ec22ff9f-6f33-4055-bc53-7ee7d8b51c05,USD,1629167378,-2.9827429128572236
9287b4ea-2911-45b2-8da7-cc3ca70cb118,USD,1629171850,-2.4790207453286612
1c624660-7fbd-43a5-b791-c997b810db49,USD,1629179811,0.9969890306115126
c5cefec7-2341-4c3e-bee1-cb30fee93bd8,BAT,1629182875,-8.797142409737642
75845357-d843-4036-841a-d2e6088b72ce,USD,1629194664,7.827199836833632
e2b54159-2bf7-4b89-850b-9f1c680b6bbe,XPR,1629194702,8.815058524267123
7c615c0c-a984-410a-bbe4-7f9b06d717f8,USD,1629206038,6.337616376462062
934357bf-b14a-4da8-8b0c-ed0c28540389,EUR,1629207072,-8.156981522891682
e2b54159-2bf7-4b89-850b-9f1c680b6bbe,USD,1629207154,-9.682088890658706
93becbec-6a43-428a-a1ce-6b096c956ca7,USD,1629226750,-9.999165368451068
3caf1a3a-46cf-4c91-b352-9ea9f0c571ec,USD,1629231496,2.647892640059702
beed12b3-f39a-43dc-bee6-721a89c0a937,USD,1629241698,0.6952898790092199
fe3b675f-21d2-4b79-b25f-45150d0e837a,USD,1629257612,9.194398859701785
3063533e-d3d2-46ca-91f5-6168c95c9835,USD,1629265823,-6.568536992079414
3063533e-d3d2-46ca-91f5-6168c95c9835,EUR,1629287328,-5.0354849254836935
89e5edba-3eef-4514-856a-287526ae50fa,ETH,1629298873,4.471302577681801
3063533e-d3d2-46ca-91f5-6168c95c9835,CAD,1629300909,-0.5426215764815812
9287b4ea-2911-45b2-8da7-cc3ca70cb118,BTC,1629317568,-6.668285914644452
fe3b675f-21d2-4b79-b25f-45150d0e837a,ETH,1629356207,7.929457306372704
fe3b675f-21d2-4b79-b25f-45150d0e837a,ETH,1629362839,9.415256878332443
93becbec-6a43-428a-a1ce-6b096c956ca7,ETH,1629373024,3.0679904428552867
f41feb3a-a469-487a-bc9d-59a0dfd89c29,USD,1629373341,6.519354483912988
ec22ff9f-6f33-4055-bc53-7ee7d8b51c05,EUR,1629385953,-6.158048038174336
ec22ff9f-6f33-4055-bc53-7ee7d8b51c05,ETH,1629398777,2.3119055947739593
93becbec-6a43-428a-a1ce-6b096c956ca7,USD,1629400285,-6.144815488112572
75845357-d843-4036-841a-d2e6088b72ce,ETH,1629400928,-2.2218614780456996
335809b4-e5f6-4eeb-872d-539052a9546d,EUR,1629424512,-7.248306015800729
6044e2ef-8425-487c-b8bf-b88a87cc43f9,BTC,1629424770,-0.7921321164546828
7d6a9d9e-25b5-4ce1-b8bd-087f702725cc,ETH,1629470677,6.664611845224616
ab77e7b3-19cf-4680-a47f-28b90448335c,XPR,1629501123,-7.507270153798016
f41feb3a-a469-487a-bc9d-59a0dfd89c29,ETH,1629521083,-7.815853766151184
7c615c0c-a984-410a-bbe4-7f9b06d717f8,USD,1629527214,-5.261482160586071
9b889da5-cd5e-4fea-9680-e4aef39193ad,BAT,1629531612,4.928096097179166
3063533e-d3d2-46ca-91f5-6168c95c9835,ETH,1629536597,-3.107573764552547
a61e005c-af0a-4820-8cd1-8029218fb066,EUR,1629539187,0.6250666236114366
a61e005c-af0a-4820-8cd1-8029218fb066,BTC,1629546039,1.0436251419143066
f41feb3a-a469-487a-bc9d-59a0dfd89c29,XPR,1629552407,-6.480569207427531
beed12b3-f39a-43dc-bee6-721a89c0a937,BTC,1629566155,-6.0157002795674615
75845357-d843-4036-841a-d2e6088b72ce,EUR,1629589270,-7.166018699152654
9287b4ea-2911-45b2-8da7-cc3ca70cb118,ETH,1629593795,-9.619023517105385
a61e005c-af0a-4820-8cd1-8029218fb066,ETH,1629612844,-8.311681441802303
d94aed09-3f48-4b79-ae7d-a8f2cbf69501,BTC,1629614205,-5.882949871678331
93becbec-6a43-428a-a1ce-6b096c956ca7,BTC,1629640215,-9.201968611142647
4b2f64c2-d6b2-421b-a6af-685573cd7f56,BTC,1629652018,-4.780633498653111
75845357-d843-4036-841a-d2e6088b72ce,USD,1629655198,0.9010134760390827
ab77e7b3-19cf-4680-a47f-28b90448335c,ETH,1629663833,8.640380538723683
a61e005c-af0a-4820-8cd1-8029218fb066,USD,1629665277,-5.334358185478392
5dd16e20-7875-458f-bee4-29f27dd61bbd,BTC,1629675335,2.709889981168331
ec22ff9f-6f33-4055-bc53-7ee7d8b51c05,USD,1629700730,0.5887538094872511
a61e005c-af0a-4820-8cd1-8029218fb066,ETH,1629703565,2.7978485467225678
934357bf-b14a-4da8-8b0c-ed0c28540389,XPR,1629706959,5.974060772265606
beed12b3-f39a-43dc-bee6-721a89c0a937,BTC,1629724180,7.75281897900555
9287b4ea-2911-45b2-8da7-cc3ca70cb118,BTC,1629726906,8.31287917674787
beed12b3-f39a-43dc-bee6-721a89c0a937,EUR,1629728923,1.4277098528452612
9287b4ea-2911-45b2-8da7-cc3ca70cb118,ETH,1629740901,9.666019188308812
3063533e-d3d2-46ca-91f5-6168c95c9835,EUR,1629745240,-2.8184084488377126
beed12b3-f39a-43dc-bee6-721a89c0a937,USD,1629754975,6.583312668754758
e2b54159-2bf7-4b89-850b-9f1c680b6bbe,XPR,1629778522,-2.302563182133211
5b1caf3b-c40b-419f-b819-86b258ae3a18,USD,1629805134,-6.379400147996154
beed12b3-f39a-43dc-bee6-721a89c0a937,USD,1629806178,5.85750618781397
93becbec-6a43-428a-a1ce-6b096c956ca7,ETH,1629819437,-0.6136623087199808
d137f350-8287-42e4-99aa-cd56cb77aa8f,EUR,1629821412,8.06383220859328
a61e005c-af0a-4820-8cd1-8029218fb066,BTC,1629822128,1.6858140027017932
93becbec-6a43-428a-a1ce-6b096c956ca7,EUR,1629824968,5.375654084276187
75845357-d843-4036-841a-d2e6088b72ce,EUR,1629827804,0.41267731419936027
f41feb3a-a469-487a-bc9d-59a0dfd89c29,USD,1629830939,-4.531022010177603
fe3b675f-21d2-4b79-b25f-45150d0e837a,ETH,1629838037,4.813258078291206
fe3b675f-21d2-4b79-b25f-45150d0e837a,BTC,1629839417,1.2483837870206766
92934d8d-a4cc-456f-97ca-c77f528c6bda,XPR,1629845496,4.364688039498446
3063533e-d3d2-46ca-91f5-6168c95c9835,XPR,1629885704,-6.698937003755782
78db312b-071d-41d4-8ed6-d46411f44aa4,ETH,1629915657,-6.420758741900072
f41feb3a-a469-487a-bc9d-59a0dfd89c29,ETH,1629931711,-0.3441582782595738
75845357-d843-4036-841a-d2e6088b72ce,BTC,1629932902,1.6625069331914606
5b1caf3b-c40b-419f-b819-86b258ae3a18,BTC,1629940433,-0.5790480500343254
335809b4-e5f6-4eeb-872d-539052a9546d,ETH,1629944527,8.683278736397707
01f5b699-535e-415c-af84-446e5c00385e,EUR,1629954895,-8.238887054741188
a61e005c-af0a-4820-8cd1-8029218fb066,USD,1629962021,9.030400096309606
a61e005c-af0a-4820-8cd1-8029218fb066,ETH,1629965902,6.052624865261343
93becbec-6a43-428a-a1ce-6b096c956ca7,USD,1629983172,6.760661294072147
f41feb3a-a469-487a-bc9d-59a0dfd89c29,BAT,1629984753,-8.907500092834066
f41feb3a-a469-487a-bc9d-59a0dfd89c29,USD,1629998175,-9.431345585861946
464298b8-8b92-463e-949b-3ba65c3b58c6,EUR,1629999446,-5.364221180353339
93becbec-6a43-428a-a1ce-6b096c956ca7,USD,1630003741,-1.4419542633035718
e84d7bec-86b6-4f13-892c-1970e2d466bc,ETH,1630005939,6.975631265390703
beed12b3-f39a-43dc-bee6-721a89c0a937,EUR,1630006992,8.822895273394035
992286bf-16a1-43d3-a31d-642222d91603,ETH,1630015229,-4.575643139352019
f30a7fba-468c-4b04-aac4-8cf836652573,BTC,1630039468,4.997338573038414
e64722ab-ac45-4631-80ac-c45da5ff8c01,ETH,1630044256,-1.0151247196726114
25382ae7-1c6c-4b32-a120-7717c6f4080a,EUR,1630047390,-0.04945531563469174
e2b54159-2bf7-4b89-850b-9f1c680b6bbe,ETH,1630051407,-3.770389586146125
75845357-d843-4036-841a-d2e6088b72ce,BTC,1630061539,-4.1040843189828795
3063533e-d3d2-46ca-91f5-6168c95c9835,BTC,1630091775,5.256836100692075
7d6a9d9e-25b5-4ce1-b8bd-087f702725cc,BTC,1630095595,1.9801256600527886
9b889da5-cd5e-4fea-9680-e4aef39193ad,USD,1630126825,-5.52291062080017
e2b54159-2bf7-4b89-850b-9f1c680b6bbe,BTC,1630141978,6.200873245749076
c12908fd-8688-4926-8453-c480b5ecb48a,USD,1630147204,-6.065560918256514
e2b54159-2bf7-4b89-850b-9f1c680b6bbe,EUR,1630151050,7.158257827354454
a61e005c-af0a-4820-8cd1-8029218fb066,EUR,1630154759,-9.871589539491445
beed12b3-f39a-43dc-bee6-721a89c0a937,USD,1630174454,1.7844387798020716
93becbec-6a43-428a-a1ce-6b096c956ca7,BTC,1630176476,0.5836277842501776
75845357-d843-4036-841a-d2e6088b72ce,ETH,1630178464,-1.988576120080893
9287b4ea-2911-45b2-8da7-cc3ca70cb118,ETH,1630179084,-2.3325738128887696
4832c931-325f-4bda-9926-9dfc310ccbad,USD,1630184468,-0.2738512935580921
fe3b675f-21d2-4b79-b25f-45150d0e837a,ETH,1630202462,2.0426943675789726
a947e704-dbd7-430b-adf4-7039824b8d63,BTC,1630203926,-5.921673910291691
e2b54159-2bf7-4b89-850b-9f1c680b6bbe,EUR,1630227066,-1.3612419258933368
beed12b3-f39a-43dc-bee6-721a89c0a937,ETH,1630234535,-2.26213928779525
9287b4ea-2911-45b2-8da7-cc3ca70cb118,BTC,1630235943,1.9071636342315923
93becbec-6a43-428a-a1ce-6b096c956ca7,USD,1630248908,-3.7369632052606905
0615a717-29b9-4c76-826a-ece60a60f3ae,ETH,1630277851,9.026563642866542
0615a717-29b9-4c76-826a-ece60a60f3ae,ETH,1630285515,0.8190272303475581
75845357-d843-4036-841a-d2e6088b72ce,USD,1630287518,-4.557211573267502
ec22ff9f-6f33-4055-bc53-7ee7d8b51c05,BAT,1630298575,1.1050998508629064
fe3b675f-21d2-4b79-b25f-45150d0e837a,BTC,1630311620,5.704322757119201
fe3b675f-21d2-4b79-b25f-45150d0e837a,EUR,1630356784,-6.786377238534833
5fec4264-78eb-43ed-9c3d-33b6e58a8c3f,BTC,1630362350,-2.700923702027989
9287b4ea-2911-45b2-8da7-cc3ca70cb118,USD,1630370909,-9.820577339303338
fe3b675f-21d2-4b79-b25f-45150d0e837a,USD,1630371854,-7.257873080277662
0615a717-29b9-4c76-826a-ece60a60f3ae,EUR,1630383688,7.49585861571714
9287b4ea-2911-45b2-8da7-cc3ca70cb118,BTC,1630387964,8.922970685962998
034f584c-d4fd-4260-8611-c3423745f933,EUR,1630404044,7.501448514808061
a61e005c-af0a-4820-8cd1-8029218fb066,BTC,1630449460,-3.833093825829483
75845357-d843-4036-841a-d2e6088b72ce,BTC,1630466410,0.3917019758166802
ec22ff9f-6f33-4055-bc53-7ee7d8b51c05,EUR,1630471806,-5.985257361377762
fe3b675f-21d2-4b79-b25f-45150d0e837a,BTC,1630500107,7.079702380091241
ec22ff9f-6f33-4055-bc53-7ee7d8b51c05,BTC,1630501044,-6.755586193342371
93becbec-6a43-428a-a1ce-6b096c956ca7,BTC,1630505975,0.412533219617611
3063533e-d3d2-46ca-91f5-6168c95c9835,EUR,1630511062,9.238927943913936
3063533e-d3d2-46ca-91f5-6168c95c9835,USD,1630512278,4.735951069131268
f41feb3a-a469-487a-bc9d-59a0dfd89c29,CAD,1630547198,-0.3674047518883903
7e26da7f-3fe1-4790-a9bf-147bf2a852ec,BAT,1630548636,1.314889846416012
960aed32-ddad-4784-a770-74fc1ff0da8d,EUR,1630565784,-2.1312374326082706
fe3b675f-21d2-4b79-b25f-45150d0e837a,ETH,1630588698,3.697912262402024
f2bd38cb-310b-457e-8cb1-c8b5bb589288,ETH,1630590224,-5.322942088898051
4760ba51-fb20-47c1-8751-abd21264713a,ETH,1630601093,-2.865349189246338
0615a717-29b9-4c76-826a-ece60a60f3ae,USD,1630630433,-8.663399963411564
75845357-d843-4036-841a-d2e6088b72ce,EUR,1630636170,7.134068340193444
f41feb3a-a469-487a-bc9d-59a0dfd89c29,EUR,1630650249,4.323517492761429
f41feb3a-a469-487a-bc9d-59a0dfd89c29,USD,1630654913,6.125677269477965
93becbec-6a43-428a-a1ce-6b096c956ca7,XPR,1630664149,-2.3342972460695766
93becbec-6a43-428a-a1ce-6b096c956ca7,USD,1630666914,1.8805222093125202
93becbec-6a43-428a-a1ce-6b096c956ca7,BTC,1630700269,-6.100850866447889
6044e2ef-8425-487c-b8bf-b88a87cc43f9,USD,1630701591,7.155261328361032
fe3b675f-21d2-4b79-b25f-45150d0e837a,EUR,1630708891,-0.29759129146695784
55578bf3-84af-4f11-bf24-6be394197c26,EUR,1630719832,-0.9947504669224614
fe3b675f-21d2-4b79-b25f-45150d0e837a,EUR,1630730020,5.998534419581487
a61e005c-af0a-4820-8cd1-8029218fb066,USD,1630739308,-8.39532701675228
89e5edba-3eef-4514-856a-287526ae50fa,EUR,1630747015,-1.6627975826879364
75845357-d843-4036-841a-d2e6088b72ce,EUR,1630748534,-6.265021247312341
beed12b3-f39a-43dc-bee6-721a89c0a937,EUR,1630750696,1.58349323182032
93becbec-6a43-428a-a1ce-6b096c956ca7,BTC,1630755192,4.120629087432501
bdbeede3-8470-4baf-9f28-8f9e01b935d6,EUR,1630757519,-3.876032293717495
a61e005c-af0a-4820-8cd1-8029218fb066,USD,1630763318,9.76418470658173
93becbec-6a43-428a-a1ce-6b096c956ca7,BTC,1630765412,4.3380290032242605
c2e51592-d482-4909-892e-01b0a8a0d423,EUR,1630784747,0.7003587877358814
9287b4ea-2911-45b2-8da7-cc3ca70cb118,EUR,1630786337,-9.499596635388002
ec22ff9f-6f33-4055-bc53-7ee7d8b51c05,EUR,1630789923,2.316071905285458
ec22ff9f-6f33-4055-bc53-7ee7d8b51c05,BTC,1630797102,-2.5439484911821086
93becbec-6a43-428a-a1ce-6b096c956ca7,BTC,1630805384,9.368646173302139
fa3e5601-04c5-4918-9c31-0d02d5ed3431,BTC,1630806851,5.8707108971399595
93becbec-6a43-428a-a1ce-6b096c956ca7,ETH,1630813930,-9.430333862890656
beed12b3-f39a-43dc-bee6-721a89c0a937,BAT,1630828837,7.49835094487792
fe3b675f-21d2-4b79-b25f-45150d0e837a,ETH,1630832029,-0.4306571161854116
9287b4ea-2911-45b2-8da7-cc3ca70cb118,ETH,1630836521,-9.154457792542065
464298b8-8b92-463e-949b-3ba65c3b58c6,CAD,1630844054,7.490742678908976
ec22ff9f-6f33-4055-bc53-7ee7d8b51c05,BAT,1630845411,-8.531592580386551
75845357-d843-4036-841a-d2e6088b72ce,BTC,1630856010,0.4055149551788624
89e5edba-3eef-4514-856a-287526ae50fa,EUR,1630859238,-8.06991167510702
fe3b675f-21d2-4b79-b25f-45150d0e837a,EUR,1630862291,-4.9411795985746725
fe3b675f-21d2-4b79-b25f-45150d0e837a,BTC,1630878167,-2.708409376081635
9287b4ea-2911-45b2-8da7-cc3ca70cb118,BTC,1630899508,6.196498244295768
06864593-c803-470c-a6cc-acbbed53c0cb,BTC,1630919098,-0.2836027705959552
a61e005c-af0a-4820-8cd1-8029218fb066,ETH,1630921429,-0.3872117175815397
beed12b3-f39a-43dc-bee6-721a89c0a937,EUR,1630927322,9.844347373568525
e2b54159-2bf7-4b89-850b-9f1c680b6bbe,EUR,1630936502,-5.216747621999325
e2b54159-2bf7-4b89-850b-9f1c680b6bbe,USD,1630936951,3.285855556500902
beed12b3-f39a-43dc-bee6-721a89c0a937,USD,1630944306,9.205130494356276
beed12b3-f39a-43dc-bee6-721a89c0a937,USD,1630946041,-7.120590637195368
a61e005c-af0a-4820-8cd1-8029218fb066,EUR,1630967128,9.53493043612372
75845357-d843-4036-841a-d2e6088b72ce,BTC,1630991133,7.222358406238129
4760ba51-fb20-47c1-8751-abd21264713a,ETH,1630992831,0.5080405072387961
f41feb3a-a469-487a-bc9d-59a0dfd89c29,EUR,1631002352,7.85770268201977
5fec4264-78eb-43ed-9c3d-33b6e58a8c3f,EUR,1631022754,8.209193424157316
a29da963-12ff-433b-9872-cf9533a3f170,XPR,1631023155,-9.0125108259857
ab77e7b3-19cf-4680-a47f-28b90448335c,BTC,1631045313,-9.176632523498787
fe3b675f-21d2-4b79-b25f-45150d0e837a,USD,1631059490,-2.149743783760889
93becbec-6a43-428a-a1ce-6b096c956ca7,EUR,1631068859,-4.337461562861378
93becbec-6a43-428a-a1ce-6b096c956ca7,USD,1631074838,-3.1600796700328715
75845357-d843-4036-841a-d2e6088b72ce,BTC,1631093574,3.4391802976151915
fe3b675f-21d2-4b79-b25f-45150d0e837a,ETH,1631098397,-3.987706939028703
3063533e-d3d2-46ca-91f5-6168c95c9835,ETH,1631098876,6.985408155669699
d858e131-0a18-45b3-92a5-77467ce513a5,ETH,1631101188,-0.4524768814235749
beed12b3-f39a-43dc-bee6-721a89c0a937,USD,1631146433,3.6690655972129615
9287b4ea-2911-45b2-8da7-cc3ca70cb118,ETH,1631157194,-2.2592615156975215
a61e005c-af0a-4820-8cd1-8029218fb066,ETH,1631160681,-2.6843579656012313
a947e704-dbd7-430b-adf4-7039824b8d63,BTC,1631188594,-0.17430195763816592
a02bd628-3dc5-46ba-98eb-42abbce82ad3,ETH,1631190071,-0.54646378445468
06864593-c803-470c-a6cc-acbbed53c0cb,ETH,1631196553,-0.299558221313589
beed12b3-f39a-43dc-bee6-721a89c0a937,EUR,1631200107,4.071078565351861
39b1b575-8789-45b1-bf90-16b30832ecc0,ETH,1631233502,5.051792326134228
e2b54159-2bf7-4b89-850b-9f1c680b6bbe,EUR,1631233534,9.014362392938
e2b54159-2bf7-4b89-850b-9f1c680b6bbe,BTC,1631237278,1.1769671612806505
4a6f2b89-07cb-4557-b821-5a8ea03d2f71,BTC,1631242233,-5.076707471280832
fe3b675f-21d2-4b79-b25f-45150d0e837a,EUR,1631251499,-2.1442974201796616
960aed32-ddad-4784-a770-74fc1ff0da8d,BTC,1631259394,-8.537578987249073
3063533e-d3d2-46ca-91f5-6168c95c9835,EUR,1631312174,-5.199789852644596
e2b54159-2bf7-4b89-850b-9f1c680b6bbe,BTC,1631315148,-2.992812598797374
f89443b9-1dfe-427e-b718-8846f977bf51,USD,1631320104,-5.833935787240216
f41feb3a-a469-487a-bc9d-59a0dfd89c29,EUR,1631325988,8.229488739145214
fe3b675f-21d2-4b79-b25f-45150d0e837a,EUR,1631338662,7.8119106963193765
3063533e-d3d2-46ca-91f5-6168c95c9835,USD,1631351318,-1.8024576097613085
3063533e-d3d2-46ca-91f5-6168c95c9835,EUR,1631381140,1.826475873357932
75845357-d843-4036-841a-d2e6088b72ce,BTC,1631382844,-4.443969557276024
3063533e-d3d2-46ca-91f5-6168c95c9835,USD,1631384996,-9.836722172550532
75845357-d843-4036-841a-d2e6088b72ce,BTC,1631396893,0.7987596342445151
044ebe23-2980-4172-aa8b-f59e48b07343,BAT,1631398005,-7.990392917718092
f41feb3a-a469-487a-bc9d-59a0dfd89c29,ETH,1631399268,9.94547530923326
93becbec-6a43-428a-a1ce-6b096c956ca7,EUR,1631399960,-4.763776925111611
cc19a596-79eb-4ae6-92a8-6f7ff846355a,BTC,1631412233,-8.154010480009742
75845357-d843-4036-841a-d2e6088b72ce,USD,1631418000,2.566476837581046
9287b4ea-2911-45b2-8da7-cc3ca70cb118,USD,1631435660,2.595624527951445
beed12b3-f39a-43dc-bee6-721a89c0a937,ETH,1631440750,-1.4853858575235872
ec22ff9f-6f33-4055-bc53-7ee7d8b51c05,XPR,1631443290,-1.936111492566365
a61e005c-af0a-4820-8cd1-8029218fb066,USD,1631443393,-8.58917292821979
a02bd628-3dc5-46ba-98eb-42abbce82ad3,USD,1631453337,-0.47324688477798915
a29da963-12ff-433b-9872-cf9533a3f170,ETH,1631466041,-0.31433873801396395
3063533e-d3d2-46ca-91f5-6168c95c9835,BTC,1631480728,-6.688889755059959
5e106318-4553-4462-b510-5438b6a329e5,ETH,1631483477,3.705862290897956
9287b4ea-2911-45b2-8da7-cc3ca70cb118,EUR,1631484376,8.852272506520077
e2b54159-2bf7-4b89-850b-9f1c680b6bbe,ETH,1631487870,9.421158307880123
df2392b6-0dd6-4e24-82fb-b0a403615b06,EUR,1631489209,-2.2892788195756264
f1010a49-5aa3-477c-bb16-4d5aebb637c0,BTC,1631504434,7.6040250537669465
ec22ff9f-6f33-4055-bc53-7ee7d8b51c05,BTC,1631525786,-3.5650389373388
d1bfeb51-cf4e-43b4-af30-434bf70a7e5f,EUR,1631526470,8.325682198214228
e2b54159-2bf7-4b89-850b-9f1c680b6bbe,ETH,1631534720,-9.319824494786664
3063533e-d3d2-46ca-91f5-6168c95c9835,CAD,1631564709,-6.993749559560842
987eae8b-a10b-4a88-a437-37a982f5acb5,USD,1631580675,-4.575331746859204
27ad712a-9148-4b34-83ec-8bae3ea4cdbf,BAT,1631587397,-2.4282876145201033
ec22ff9f-6f33-4055-bc53-7ee7d8b51c05,USD,1631602490,-3.2930508110629564
a29da963-12ff-433b-9872-cf9533a3f170,USD,1631603370,3.022239454308302
beed12b3-f39a-43dc-bee6-721a89c0a937,BAT,1631613435,2.1314713971520867
4a6f2b89-07cb-4557-b821-5a8ea03d2f71,EUR,1631619350,-6.443375571402987
ec22ff9f-6f33-4055-bc53-7ee7d8b51c05,BTC,1631620153,-8.187357350499813
5e106318-4553-4462-b510-5438b6a329e5,BTC,1631627804,6.515186427776488
75845357-d843-4036-841a-d2e6088b72ce,ETH,1631683580,6.654914235615067
f89443b9-1dfe-427e-b718-8846f977bf51,ETH,1631702992,-5.580193771263087
ec22ff9f-6f33-4055-bc53-7ee7d8b51c05,BTC,1631706894,6.825599844600276
75845357-d843-4036-841a-d2e6088b72ce,EUR,1631711941,2.8795550313022993
9287b4ea-2911-45b2-8da7-cc3ca70cb118,BTC,1631714455,3.0616791817411873
fe3b675f-21d2-4b79-b25f-45150d0e837a,BAT,1631722682,0.6716274624427871
75845357-d843-4036-841a-d2e6088b72ce,USD,1631751266,5.301212198827145
3063533e-d3d2-46ca-91f5-6168c95c9835,CAD,1631768137,0.8995423092232908
39b1b575-8789-45b1-bf90-16b30832ecc0,BAT,1631772584,7.40603832407832
fe3b675f-21d2-4b79-b25f-45150d0e837a,ETH,1631778165,-6.957874550200618
beed12b3-f39a-43dc-bee6-721a89c0a937,BTC,1631789531,-9.26934534688957
3633f00d-bf93-44be-9ad2-4c7a0e1e5679,BTC,1631797669,9.918025457894338
93becbec-6a43-428a-a1ce-6b096c956ca7,XPR,1631801323,1.4512138768200593
93becbec-6a43-428a-a1ce-6b096c956ca7,ETH,1631810581,-5.839527035612917
3063533e-d3d2-46ca-91f5-6168c95c9835,ETH,1631833924,9.203003538423811
75845357-d843-4036-841a-d2e6088b72ce,EUR,1631835955,9.070951780515447
ec22ff9f-6f33-4055-bc53-7ee7d8b51c05,EUR,1631836751,3.6534473146072717
51caadde-8903-4316-8c98-507aedfe306a,USD,1631848041,-3.1802885846747753
c85a849b-72dd-43a9-9b24-4815240184b4,EUR,1631854515,-4.047486994830507
93becbec-6a43-428a-a1ce-6b096c956ca7,ETH,1631854581,7.582501382111136
beed12b3-f39a-43dc-bee6-721a89c0a937,BTC,1631884690,-4.471967088949816
c0ad94db-d257-4e4a-84ca-b9e73442cf78,ETH,1631891192,1.9031293022556675
e84d7bec-86b6-4f13-892c-1970e2d466bc,ETH,1631905696,-8.946503477654524
e2b54159-2bf7-4b89-850b-9f1c680b6bbe,USD,1631919849,2.333620690632575
414e4248-1b1e-4a8e-af48-e65d6c6eef6b,BTC,1631920773,7.721216398108108
3063533e-d3d2-46ca-91f5-6168c95c9835,BTC,1631929583,6.505114585182447
f41feb3a-a469-487a-bc9d-59a0dfd89c29,EUR,1631946495,-1.97959313116392
a61e005c-af0a-4820-8cd1-8029218fb066,USD,1631947255,-5.068650575044275
fe3b675f-21d2-4b79-b25f-45150d0e837a,BAT,1631947719,-1.8432535571306836
e2b54159-2bf7-4b89-850b-9f1c680b6bbe,BAT,1631983436,6.594071734205084
f41feb3a-a469-487a-bc9d-59a0dfd89c29,BTC,1631989042,-4.843592065201436
f41feb3a-a469-487a-bc9d-59a0dfd89c29,BTC,1632027622,4.131579367250529
e2b54159-2bf7-4b89-850b-9f1c680b6bbe,EUR,1632046728,-8.3322052824779
f41feb3a-a469-487a-bc9d-59a0dfd89c29,BTC,1632059539,-1.8727587840447981
ec22ff9f-6f33-4055-bc53-7ee7d8b51c05,USD,1632061283,8.967510400053907
a61e005c-af0a-4820-8cd1-8029218fb066,USD,1632070518,-9.170909097180468
e2b54159-2bf7-4b89-850b-9f1c680b6bbe,XPR,1632074060,4.098294022782266
beed12b3-f39a-43dc-bee6-721a89c0a937,XPR,1632078979,-1.7244726476114884
4832c931-325f-4bda-9926-9dfc310ccbad,USD,1632086570,-2.346013350068792
9287b4ea-2911-45b2-8da7-cc3ca70cb118,BTC,1632106253,8.715754903611366
c5cefec7-2341-4c3e-bee1-cb30fee93bd8,BTC,1632116318,-2.2931477584075477
fe3b675f-21d2-4b79-b25f-45150d0e837a,EUR,1632142952,-5.098583384804465
d858e131-0a18-45b3-92a5-77467ce513a5,BTC,1632146922,7.285434079116776
3063533e-d3d2-46ca-91f5-6168c95c9835,BTC,1632151678,1.6765239330402189
93becbec-6a43-428a-a1ce-6b096c956ca7,BTC,1632180124,-0.7114021409830134
fe3b675f-21d2-4b79-b25f-45150d0e837a,USD,1632183109,3.2605357896760108
f41feb3a-a469-487a-bc9d-59a0dfd89c29,BTC,1632191108,0.39392080071746705
9287b4ea-2911-45b2-8da7-cc3ca70cb118,BTC,1632194308,-1.6390918489392234
beed12b3-f39a-43dc-bee6-721a89c0a937,ETH,1632207008,-3.8119932662035305
ec22ff9f-6f33-4055-bc53-7ee7d8b51c05,USD,1632220382,-3.973788089398436
f41feb3a-a469-487a-bc9d-59a0dfd89c29,USD,1632266069,7.431598805553058
fe3b675f-21d2-4b79-b25f-45150d0e837a,EUR,1632282578,-9.92073443323876
960aed32-ddad-4784-a770-74fc1ff0da8d,ETH,1632288159,-4.092708224113077
9287b4ea-2911-45b2-8da7-cc3ca70cb118,BAT,1632297485,-0.08993459030214801
75845357-d843-4036-841a-d2e6088b72ce,EUR,1632299572,-0.21572773131666523
beed12b3-f39a-43dc-bee6-721a89c0a937,BAT,1632309932,-8.502315025394353
cb1a5abb-9cf9-4e37-91ab-83d3959b1277,EUR,1632313076,-9.648544234218274
a29da963-12ff-433b-9872-cf9533a3f170,ETH,1632325836,2.3803503529776027
fe3b675f-21d2-4b79-b25f-45150d0e837a,BTC,1632328979,5.398878173944679
75845357-d843-4036-841a-d2e6088b72ce,EUR,1632329819,-7.4164047053451565
f41feb3a-a469-487a-bc9d-59a0dfd89c29,XPR,1632333339,9.669391340211131
fe3b675f-21d2-4b79-b25f-45150d0e837a,ETH,1632333807,-8.490584936454365
ec22ff9f-6f33-4055-bc53-7ee7d8b51c05,ETH,1632336476,-3.800046952907355
93becbec-6a43-428a-a1ce-6b096c956ca7,BTC,1632340386,6.913923844412587
75845357-d843-4036-841a-d2e6088b72ce,USD,1632340847,-9.246525917942122
e2b54159-2bf7-4b89-850b-9f1c680b6bbe,BTC,1632353737,6.355553535785955
a61e005c-af0a-4820-8cd1-8029218fb066,EUR,1632354012,-4.087917200688265
e2b54159-2bf7-4b89-850b-9f1c680b6bbe,ETH,1632358890,3.5181036540699395
fe3b675f-21d2-4b79-b25f-45150d0e837a,USD,1632364240,6.524001847776869
f41feb3a-a469-487a-bc9d-59a0dfd89c29,BTC,1632365150,-5.52877195776992
7d6a9d9e-25b5-4ce1-b8bd-087f702725cc,EUR,1632373104,-2.570097684076396
d83f6123-2f33-402e-9fb1-25a96c6d19f5,BTC,1632381074,-5.514162523560351
9287b4ea-2911-45b2-8da7-cc3ca70cb118,EUR,1632390127,-9.053194048475678
bdbeede3-8470-4baf-9f28-8f9e01b935d6,ETH,1632397273,4.447099375561681
75845357-d843-4036-841a-d2e6088b72ce,BTC,1632402977,-3.9421085651161043
75845357-d843-4036-841a-d2e6088b72ce,EUR,1632409530,7.941570120310775
beed12b3-f39a-43dc-bee6-721a89c0a937,ETH,1632411903,6.441937942238521
75845357-d843-4036-841a-d2e6088b72ce,BTC,1632416418,0.31466707620988466
39b1b575-8789-45b1-bf90-16b30832ecc0,ETH,1632431740,-2.248759347986466
a61e005c-af0a-4820-8cd1-8029218fb066,XPR,1632435456,2.1822687398527467
9287b4ea-2911-45b2-8da7-cc3ca70cb118,BTC,1632442649,2.593038935921525
9287b4ea-2911-45b2-8da7-cc3ca70cb118,USD,1632444106,9.012394352369125
3063533e-d3d2-46ca-91f5-6168c95c9835,EUR,1632479259,-1.7542917416856127
e2b54159-2bf7-4b89-850b-9f1c680b6bbe,ETH,1632486262,2.081180788996509
75845357-d843-4036-841a-d2e6088b72ce,ETH,1632491855,-8.19503844056177
7e26da7f-3fe1-4790-a9bf-147bf2a852ec,USD,1632498706,7.944534617584829
75845357-d843-4036-841a-d2e6088b72ce,EUR,1632502147,8.834817086368652
3063533e-d3d2-46ca-91f5-6168c95c9835,USD,1632508208,8.889994389030953
9287b4ea-2911-45b2-8da7-cc3ca70cb118,USD,1632528265,-1.1664733904523956
f2bd38cb-310b-457e-8cb1-c8b5bb589288,BTC,1632529517,3.469976898816359
fe3b675f-21d2-4b79-b25f-45150d0e837a,ETH,1632531308,-4.371030134674974
9287b4ea-2911-45b2-8da7-cc3ca70cb118,EUR,1632531842,-0.8295537977180203
ec22ff9f-6f33-4055-bc53-7ee7d8b51c05,BAT,1632566756,-2.2979432830245443
a61e005c-af0a-4820-8cd1-8029218fb066,BTC,1632577408,-0.936738751381256
93becbec-6a43-428a-a1ce-6b096c956ca7,USD,1632579615,4.730225726832886
ec22ff9f-6f33-4055-bc53-7ee7d8b51c05,BTC,1632585116,4.607314023452471
a61e005c-af0a-4820-8cd1-8029218fb066,BAT,1632605434,4.917918602849593
75845357-d843-4036-841a-d2e6088b72ce,EUR,1632612706,7.5882589296850576
4b2f64c2-d6b2-421b-a6af-685573cd7f56,EUR,1632621060,9.706276679003857
5b8e58a5-9b9f-4f1b-969f-21dbee72f0bb,BTC,1632629157,-3.3129987877400424
a61e005c-af0a-4820-8cd1-8029218fb066,BTC,1632639474,-2.518356114986342
f89443b9-1dfe-427e-b718-8846f977bf51,EUR,1632644436,-1.6211752098895502
beed12b3-f39a-43dc-bee6-721a89c0a937,USD,1632646670,-4.255114130158351
fe3b675f-21d2-4b79-b25f-45150d0e837a,EUR,1632650935,2.0789925353972922
c12908fd-8688-4926-8453-c480b5ecb48a,USD,1632653244,0.5163489968846484
259c4a32-9c8f-474a-9f8b-3a9ded89e9b3,CAD,1632657288,1.0837966945776767
c98bc1a8-6926-4a59-83c9-09de99a905b4,CAD,1632665377,-1.2917646822064093
a61e005c-af0a-4820-8cd1-8029218fb066,XPR,1632719826,2.8957563528665275
beed12b3-f39a-43dc-bee6-721a89c0a937,EUR,1632763229,2.5562635941376968
ec22ff9f-6f33-4055-bc53-7ee7d8b51c05,EUR,1632764264,-8.497552135458053
93becbec-6a43-428a-a1ce-6b096c956ca7,ETH,1632765644,0.5005258501016812
3063533e-d3d2-46ca-91f5-6168c95c9835,ETH,1632772671,-4.8326700570021615
93becbec-6a43-428a-a1ce-6b096c956ca7,USD,1632773586,-2.2033771725047053
ec22ff9f-6f33-4055-bc53-7ee7d8b51c05,USD,1632784405,4.263425252040193
beed12b3-f39a-43dc-bee6-721a89c0a937,USD,1632812022,0.6392864778334335
1c624660-7fbd-43a5-b791-c997b810db49,BTC,1632841228,-5.4813511828757555
e2b54159-2bf7-4b89-850b-9f1c680b6bbe,BTC,1632852468,7.772452463380532
9287b4ea-2911-45b2-8da7-cc3ca70cb118,BTC,1632858674,4.379809425875941
fe3b675f-21d2-4b79-b25f-45150d0e837a,BTC,1632860740,-6.924818673799866
3063533e-d3d2-46ca-91f5-6168c95c9835,ETH,1632868986,0.015968983007228488
9287b4ea-2911-45b2-8da7-cc3ca70cb118,USD,1632889284,3.356988674717895
a61e005c-af0a-4820-8cd1-8029218fb066,EUR,1632893122,-8.850039895501634
d83f6123-2f33-402e-9fb1-25a96c6d19f5,USD,1632903699,-2.729046792102398
c2e51592-d482-4909-892e-01b0a8a0d423,USD,1632912157,0.6361980411759127
ec22ff9f-6f33-4055-bc53-7ee7d8b51c05,EUR,1632913508,-4.020657428195946
f41feb3a-a469-487a-bc9d-59a0dfd89c29,EUR,1632916032,8.613835100669679
beed12b3-f39a-43dc-bee6-721a89c0a937,USD,1632923616,1.2920004804578227
934357bf-b14a-4da8-8b0c-ed0c28540389,ETH,1632939556,-0.6752740087520799
e2b54159-2bf7-4b89-850b-9f1c680b6bbe,USD,1632944534,4.8538349351767565
f41feb3a-a469-487a-bc9d-59a0dfd89c29,EUR,1632946231,-7.980996940001017
3063533e-d3d2-46ca-91f5-6168c95c9835,EUR,1632959445,-7.007622422075503
99c17ee8-9189-4682-8f4d-a3e22a59e12f,BTC,1632976913,-6.23639571816351
fe3b675f-21d2-4b79-b25f-45150d0e837a,BTC,1632994141,-4.384162414296426
f41feb3a-a469-487a-bc9d-59a0dfd89c29,USD,1633007731,-3.146739085794687
68b37b28-d244-45ab-94c4-21f57bb55a62,BTC,1633020299,4.346478700142473
d94aed09-3f48-4b79-ae7d-a8f2cbf69501,BTC,1633025782,-1.5941320420124345
9287b4ea-2911-45b2-8da7-cc3ca70cb118,ETH,1633043219,-2.517435423818344
cc19a596-79eb-4ae6-92a8-6f7ff846355a,EUR,1633069585,6.227434865094917
25382ae7-1c6c-4b32-a120-7717c6f4080a,BTC,1633077571,8.397710922082734
ec22ff9f-6f33-4055-bc53-7ee7d8b51c05,USD,1633079592,3.706185361132846
4760ba51-fb20-47c1-8751-abd21264713a,USD,1633080627,7.558791662836953
beed12b3-f39a-43dc-bee6-721a89c0a937,ETH,1633087478,-0.7776808752992501
75845357-d843-4036-841a-d2e6088b72ce,BTC,1633127300,-2.0800619083055256
9287b4ea-2911-45b2-8da7-cc3ca70cb118,XPR,1633132029,-4.7519888097714835
9287b4ea-2911-45b2-8da7-cc3ca70cb118,USD,1633139066,3.20573529388186
987eae8b-a10b-4a88-a437-37a982f5acb5,USD,1633206460,-4.636122270307501
beed12b3-f39a-43dc-bee6-721a89c0a937,BTC,1633213850,-8.40080025031658
beed12b3-f39a-43dc-bee6-721a89c0a937,BTC,1633232201,-9.541388941588462
93becbec-6a43-428a-a1ce-6b096c956ca7,ETH,1633257656,-3.796661796084468
75845357-d843-4036-841a-d2e6088b72ce,BAT,1633263407,0.152812851959105
fe3b675f-21d2-4b79-b25f-45150d0e837a,EUR,1633264569,6.551643376759934
ec22ff9f-6f33-4055-bc53-7ee7d8b51c05,ETH,1633268270,1.5629959927444226
ec22ff9f-6f33-4055-bc53-7ee7d8b51c05,EUR,1633311087,-4.848374165813243
f41feb3a-a469-487a-bc9d-59a0dfd89c29,EUR,1633312069,7.639016345422647
9287b4ea-2911-45b2-8da7-cc3ca70cb118,BAT,1633323389,-9.06718770403873
3063533e-d3d2-46ca-91f5-6168c95c9835,ETH,1633329967,-4.194829864209629
9287b4ea-2911-45b2-8da7-cc3ca70cb118,BTC,1633349771,-8.32284915816679
3063533e-d3d2-46ca-91f5-6168c95c9835,USD,1633367720,2.6999732819966873
9287b4ea-2911-45b2-8da7-cc3ca70cb118,XPR,1633369419,7.50636070818366
ec22ff9f-6f33-4055-bc53-7ee7d8b51c05,ETH,1633369706,2.7660934211364214
fe3b675f-21d2-4b79-b25f-45150d0e837a,BTC,1633379147,-7.479926729335443
fe3b675f-21d2-4b79-b25f-45150d0e837a,EUR,1633384196,1.8241743587151547
93becbec-6a43-428a-a1ce-6b096c956ca7,ETH,1633412395,8.598441766667797
c0ad94db-d257-4e4a-84ca-b9e73442cf78,USD,1633419713,8.064771977853148
5dd16e20-7875-458f-bee4-29f27dd61bbd,BTC,1633450936,-7.7156636565562025
f89443b9-1dfe-427e-b718-8846f977bf51,ETH,1633458574,7.7871814979754355
6e7c8b3b-708e-4d1f-a58d-d904d91152d7,BTC,1633461204,-2.9213665739688626
ec22ff9f-6f33-4055-bc53-7ee7d8b51c05,BAT,1633471396,0.4480991467272304
034f584c-d4fd-4260-8611-c3423745f933,USD,1633472815,1.1371432426348136
034f584c-d4fd-4260-8611-c3423745f933,BTC,1633478621,3.8150277889681767
e2b54159-2bf7-4b89-850b-9f1c680b6bbe,EUR,1633497477,-0.21634698559894083
e2b54159-2bf7-4b89-850b-9f1c680b6bbe,USD,1633510381,-5.049331774444492
e2b54159-2bf7-4b89-850b-9f1c680b6bbe,BTC,1633513401,5.967002986168669
a61e005c-af0a-4820-8cd1-8029218fb066,USD,1633550659,3.2423791720001898
3633f00d-bf93-44be-9ad2-4c7a0e1e5679,ETH,1633553127,4.895063750321375
a61e005c-af0a-4820-8cd1-8029218fb066,USD,1633562511,6.008382561969128
75845357-d843-4036-841a-d2e6088b72ce,ETH,1633566506,-0.13118587953698402
fe3b675f-21d2-4b79-b25f-45150d0e837a,USD,1633572570,-1.9301943957487708
f2bd38cb-310b-457e-8cb1-c8b5bb589288,BTC,1633610992,-5.942859799682254
a947e704-dbd7-430b-adf4-7039824b8d63,BTC,1633628746,-1.243090421795781
93becbec-6a43-428a-a1ce-6b096c956ca7,USD,1633631253,-2.5473631480169683
e2b54159-2bf7-4b89-850b-9f1c680b6bbe,BTC,1633633135,6.631578813903353
75845357-d843-4036-841a-d2e6088b72ce,BTC,1633653085,2.8815576351437837
beed12b3-f39a-43dc-bee6-721a89c0a937,USD,1633666481,7.828094412563381
fe3b675f-21d2-4b79-b25f-45150d0e837a,USD,1633669403,-5.489809671033599
9287b4ea-2911-45b2-8da7-cc3ca70cb118,BTC,1633672101,-7.369882147492389
9287b4ea-2911-45b2-8da7-cc3ca70cb118,BTC,1633683788,-9.321539697041302
ec22ff9f-6f33-4055-bc53-7ee7d8b51c05,USD,1633689671,6.215901654310649
93becbec-6a43-428a-a1ce-6b096c956ca7,CAD,1633695184,7.2942068334028605
beed12b3-f39a-43dc-bee6-721a89c0a937,USD,1633695236,7.770266550424129
414e4248-1b1e-4a8e-af48-e65d6c6eef6b,EUR,1633699945,7.083286856036537
ec22ff9f-6f33-4055-bc53-7ee7d8b51c05,ETH,1633706822,-7.650881387956446
68b37b28-d244-45ab-94c4-21f57bb55a62,XPR,1633708257,-6.626141309495559
a75ecbba-3eb1-43a0-8c9a-863569911bc3,XPR,1633716139,5.436110649479813
93becbec-6a43-428a-a1ce-6b096c956ca7,ETH,1633718037,0.9794511758089328
e2b54159-2bf7-4b89-850b-9f1c680b6bbe,CAD,1633734316,-8.586678876570023
3063533e-d3d2-46ca-91f5-6168c95c9835,BTC,1633739881,0.5843371198201464
5a623012-bb14-4bc5-977a-8d57033a1342,XPR,1633740158,-3.2696389000135095
3063533e-d3d2-46ca-91f5-6168c95c9835,ETH,1633740649,0.18784193944570937
93becbec-6a43-428a-a1ce-6b096c956ca7,EUR,1633742925,6.926543284720243
3063533e-d3d2-46ca-91f5-6168c95c9835,ETH,1633758191,5.6490698269104165
beed12b3-f39a-43dc-bee6-721a89c0a937,XPR,1633759323,-0.8958891266301183
ec22ff9f-6f33-4055-bc53-7ee7d8b51c05,BTC,1633765881,2.113242086558781
3063533e-d3d2-46ca-91f5-6168c95c9835,ETH,1633783897,-8.051187016852335
9287b4ea-2911-45b2-8da7-cc3ca70cb118,BTC,1633787441,-8.534600702473165
beed12b3-f39a-43dc-bee6-721a89c0a937,EUR,1633804566,5.494066735121166
ec22ff9f-6f33-4055-bc53-7ee7d8b51c05,USD,1633812088,-8.700044231961098
7c615c0c-a984-410a-bbe4-7f9b06d717f8,EUR,1633833876,-8.744624809139879
75845357-d843-4036-841a-d2e6088b72ce,ETH,1633850827,-7.1822253389223185
beed12b3-f39a-43dc-bee6-721a89c0a937,BAT,1633851366,7.143088775099383
5d47c0f3-920d-49f5-b9b3-5afeca5ece24,EUR,1633857329,4.076642631878089
79b2b699-e758-48a8-bc3b-379fa77bb478,USD,1633864749,7.486621594019908
bdbeede3-8470-4baf-9f28-8f9e01b935d6,ETH,1633865789,6.057032792630629
9287b4ea-2911-45b2-8da7-cc3ca70cb118,BAT,1633872149,6.8013935297650505
9287b4ea-2911-45b2-8da7-cc3ca70cb118,BTC,1633878042,7.442477518986607
3063533e-d3d2-46ca-91f5-6168c95c9835,EUR,1633885267,6.191012309693008
75845357-d843-4036-841a-d2e6088b72ce,BTC,1633886815,2.758639460086112
93becbec-6a43-428a-a1ce-6b096c956ca7,USD,1633889106,7.650366214144025
e2b54159-2bf7-4b89-850b-9f1c680b6bbe,XPR,1633891748,3.692271300284691
beed12b3-f39a-43dc-bee6-721a89c0a937,USD,1633897252,-9.42771207498126
259c4a32-9c8f-474a-9f8b-3a9ded89e9b3,BTC,1633925683,1.4808996877556861
92934d8d-a4cc-456f-97ca-c77f528c6bda,ETH,1633930890,3.397284882302266
ec22ff9f-6f33-4055-bc53-7ee7d8b51c05,XPR,1633934506,9.325236883393416
9287b4ea-2911-45b2-8da7-cc3ca70cb118,USD,1633935740,-4.464910735346772
9287b4ea-2911-45b2-8da7-cc3ca70cb118,ETH,1633949065,6.453438544432611
27ad712a-9148-4b34-83ec-8bae3ea4cdbf,USD,1633950333,-6.081081672720712
9287b4ea-2911-45b2-8da7-cc3ca70cb118,USD,1633967155,-5.421205212968083
e2b54159-2bf7-4b89-850b-9f1c680b6bbe,ETH,1633975199,-0.4235186383308953
e2b54159-2bf7-4b89-850b-9f1c680b6bbe,USD,1633989969,-4.502966718542892
75845357-d843-4036-841a-d2e6088b72ce,BTC,1633995747,-4.645444807700406
9287b4ea-2911-45b2-8da7-cc3ca70cb118,BTC,1634000414,2.9577978778420633
c98bc1a8-6926-4a59-83c9-09de99a905b4,EUR,1634000538,3.03229899460511
934357bf-b14a-4da8-8b0c-ed0c28540389,BTC,1634009126,6.593366478243546
beed12b3-f39a-43dc-bee6-721a89c0a937,EUR,1634011117,-3.1813292156334487
9287b4ea-2911-45b2-8da7-cc3ca70cb118,USD,1634012909,-7.969394524984537
ec22ff9f-6f33-4055-bc53-7ee7d8b51c05,USD,1634031646,1.4339434139329494
e2b54159-2bf7-4b89-850b-9f1c680b6bbe,EUR,1634038978,1.1893120285596908
75845357-d843-4036-841a-d2e6088b72ce,EUR,1634040142,-7.812424833893328
93becbec-6a43-428a-a1ce-6b096c956ca7,BTC,1634040455,-7.03402765565002
fe3b675f-21d2-4b79-b25f-45150d0e837a,EUR,1634040638,-5.845076750741576
a61e005c-af0a-4820-8cd1-8029218fb066,ETH,1634059435,4.300728620497473
89e5edba-3eef-4514-856a-287526ae50fa,BTC,1634070922,9.535867500232005
cb1a5abb-9cf9-4e37-91ab-83d3959b1277,BTC,1634072799,-4.75115701445749
ec22ff9f-6f33-4055-bc53-7ee7d8b51c05,ETH,1634100296,-8.221120743444851
9287b4ea-2911-45b2-8da7-cc3ca70cb118,BTC,1634102986,-6.37399262663406
75845357-d843-4036-841a-d2e6088b72ce,ETH,1634105132,6.55338522789766
f41feb3a-a469-487a-bc9d-59a0dfd89c29,USD,1634105707,3.4355604848128696
e2b54159-2bf7-4b89-850b-9f1c680b6bbe,EUR,1634133667,3.566770989402631
beed12b3-f39a-43dc-bee6-721a89c0a937,ETH,1634147414,-4.915496883630153
9287b4ea-2911-45b2-8da7-cc3ca70cb118,EUR,1634153346,-8.95386011935176
4760ba51-fb20-47c1-8751-abd21264713a,BTC,1634153640,0.8694977344880339
3633f00d-bf93-44be-9ad2-4c7a0e1e5679,USD,1634156349,-4.598613742713371
93becbec-6a43-428a-a1ce-6b096c956ca7,BTC,1634183886,8.46783230195079
beed12b3-f39a-43dc-bee6-721a89c0a937,BTC,1634184854,-8.074687588804618
945d4c4d-4281-4ff9-a6fe-de9dfd858f72,USD,1634192065,-2.7473397163020374
cc19a596-79eb-4ae6-92a8-6f7ff846355a,ETH,1634230979,-9.57279591779737
197e14d9-700c-4d53-8b6e-f2c45d2bfac9,USD,1634250425,2.6505121139793637
9287b4ea-2911-45b2-8da7-cc3ca70cb118,USD,1634256343,-1.3207365407720335
a61e005c-af0a-4820-8cd1-8029218fb066,EUR,1634275345,7.801114224972029
75845357-d843-4036-841a-d2e6088b72ce,EUR,1634288621,-4.552418912330218
f30a7fba-468c-4b04-aac4-8cf836652573,USD,1634300102,-3.6457344850094664
39b1b575-8789-45b1-bf90-16b30832ecc0,ETH,1634326305,0.15910003000485773
4b2f64c2-d6b2-421b-a6af-685573cd7f56,EUR,1634361247,4.356047631062388
a61e005c-af0a-4820-8cd1-8029218fb066,BTC,1634365994,2.951654035218297
93becbec-6a43-428a-a1ce-6b096c956ca7,USD,1634370348,-1.114642412696849
3063533e-d3d2-46ca-91f5-6168c95c9835,USD,1634376007,-5.0749144419394066
3063533e-d3d2-46ca-91f5-6168c95c9835,USD,1634384942,0.22478050207974576
beed12b3-f39a-43dc-bee6-721a89c0a937,EUR,1634389160,-5.244212220577755
4b2f64c2-d6b2-421b-a6af-685573cd7f56,ETH,1634393450,3.4703027491676597
75845357-d843-4036-841a-d2e6088b72ce,BTC,1634395916,7.324278108232566
beed12b3-f39a-43dc-bee6-721a89c0a937,EUR,1634418348,7.9877108069584075
3063533e-d3d2-46ca-91f5-6168c95c9835,USD,1634430883,7.582624249983521
f41feb3a-a469-487a-bc9d-59a0dfd89c29,ETH,1634432589,2.914362671292654
5a623012-bb14-4bc5-977a-8d57033a1342,BTC,1634449000,-1.7926740016543832
fe3b675f-21d2-4b79-b25f-45150d0e837a,ETH,1634482712,-8.641593399453926
e2b54159-2bf7-4b89-850b-9f1c680b6bbe,EUR,1634483717,2.798451126204311
93becbec-6a43-428a-a1ce-6b096c956ca7,BTC,1634487246,0.6022382749050799
034f584c-d4fd-4260-8611-c3423745f933,BTC,1634493010,2.2400082892286406
e2b54159-2bf7-4b89-850b-9f1c680b6bbe,ETH,1634507987,0.5235423232392034
fe3b675f-21d2-4b79-b25f-45150d0e837a,USD,1634514065,1.793800890008697
ec22ff9f-6f33-4055-bc53-7ee7d8b51c05,ETH,1634527567,2.8807515984920844
ec22ff9f-6f33-4055-bc53-7ee7d8b51c05,EUR,1634529319,9.746183112832533
9287b4ea-2911-45b2-8da7-cc3ca70cb118,BAT,1634532722,-7.515752778623243
a75ecbba-3eb1-43a0-8c9a-863569911bc3,USD,1634532805,-4.86092859623497
75845357-d843-4036-841a-d2e6088b72ce,EUR,1634548134,0.09654971824719638
dc45ff15-8e0b-4d6a-ba44-195073e4bd0a,USD,1634559286,-3.599040189497553
fe3b675f-21d2-4b79-b25f-45150d0e837a,USD,1634562610,8.026744140217033
d216d37c-df5d-4c8d-a79d-8cb1f7dbc0f7,USD,1634579672,-8.09902387898547
ec22ff9f-6f33-4055-bc53-7ee7d8b51c05,USD,1634611257,1.0763079718078554
beed12b3-f39a-43dc-bee6-721a89c0a937,USD,1634656667,-8.533041849946027
75845357-d843-4036-841a-d2e6088b72ce,EUR,1634660191,6.5102715284637505
f41feb3a-a469-487a-bc9d-59a0dfd89c29,ETH,1634669118,-9.11773268981803
75845357-d843-4036-841a-d2e6088b72ce,USD,1634691000,0.7663402830119246
e2b54159-2bf7-4b89-850b-9f1c680b6bbe,EUR,1634698078,-8.420903342509963
044ebe23-2980-4172-aa8b-f59e48b07343,EUR,1634708255,-6.326925774714258
3063533e-d3d2-46ca-91f5-6168c95c9835,XPR,1634724383,-9.109258981325603
d94aed09-3f48-4b79-ae7d-a8f2cbf69501,ETH,1634733771,-2.3733792509636658
9287b4ea-2911-45b2-8da7-cc3ca70cb118,XPR,1634736619,1.8912440108935158
fe3b675f-21d2-4b79-b25f-45150d0e837a,ETH,1634745610,9.63998380861976
8f08a9c5-0884-4bd2-8d00-d772d32654a1,EUR,1634759542,5.320501781450256
5a623012-bb14-4bc5-977a-8d57033a1342,XPR,1634781243,2.3511698569188066
beed12b3-f39a-43dc-bee6-721a89c0a937,USD,1634820317,-2.589266099217273
3063533e-d3d2-46ca-91f5-6168c95c9835,BTC,1634824496,6.59974798254299
c2e51592-d482-4909-892e-01b0a8a0d423,USD,1634827885,-1.6060719584726808
1e6d232e-11f4-4cd6-9eb4-020af5d6a1fb,ETH,1634837684,9.500242403835465
beed12b3-f39a-43dc-bee6-721a89c0a937,ETH,1634865480,9.158622877963857
259c4a32-9c8f-474a-9f8b-3a9ded89e9b3,ETH,1634891300,-6.342686932241026
f1010a49-5aa3-477c-bb16-4d5aebb637c0,BAT,1634893569,-5.915616250913567
c0ad94db-d257-4e4a-84ca-b9e73442cf78,CAD,1634898502,5.4453015922111305
4832c931-325f-4bda-9926-9dfc310ccbad,ETH,1634917377,0.5226018489895434
9287b4ea-2911-45b2-8da7-cc3ca70cb118,USD,1634922018,9.300927994684955
e2b54159-2bf7-4b89-850b-9f1c680b6bbe,BTC,1634935165,-3.1851498115079213
a16bc127-d4af-4611-b5e6-9f9e451a851f,ETH,1634936908,-6.755620030015821
75845357-d843-4036-841a-d2e6088b72ce,ETH,1634940170,2.965993761216371
a61e005c-af0a-4820-8cd1-8029218fb066,USD,1634942609,9.348045723858245
beed12b3-f39a-43dc-bee6-721a89c0a937,BTC,1634942693,-4.7010910990239685
259c4a32-9c8f-474a-9f8b-3a9ded89e9b3,ETH,1634966347,8.708270639014902
75845357-d843-4036-841a-d2e6088b72ce,BTC,1634972221,0.5396278831878139
a61e005c-af0a-4820-8cd1-8029218fb066,BTC,1634979081,-3.0192114122114866
e2b54159-2bf7-4b89-850b-9f1c680b6bbe,XPR,1634979521,7.003241076111571
ec22ff9f-6f33-4055-bc53-7ee7d8b51c05,ETH,1635032132,-3.7313802943975
fe3b675f-21d2-4b79-b25f-45150d0e837a,ETH,1635062706,3.7963293143845984
4a6f2b89-07cb-4557-b821-5a8ea03d2f71,EUR,1635085148,-0.8214669223240367
335809b4-e5f6-4eeb-872d-539052a9546d,BTC,1635090822,5.061677581759035
c0ad94db-d257-4e4a-84ca-b9e73442cf78,EUR,1635090958,-7.1190159348735165
3063533e-d3d2-46ca-91f5-6168c95c9835,EUR,1635127494,8.617504017947404
e2b54159-2bf7-4b89-850b-9f1c680b6bbe,XPR,1635132114,-8.051082744289177
75845357-d843-4036-841a-d2e6088b72ce,BTC,1635150103,2.375756440213605
3063533e-d3d2-46ca-91f5-6168c95c9835,USD,1635151974,-4.003299244678365
93becbec-6a43-428a-a1ce-6b096c956ca7,BAT,1635159160,5.318553400979802
c85a849b-72dd-43a9-9b24-4815240184b4,EUR,1635160458,4.819098020775934
7c615c0c-a984-410a-bbe4-7f9b06d717f8,EUR,1635166242,8.746185710059727
e2b54159-2bf7-4b89-850b-9f1c680b6bbe,BTC,1635168085,4.143710537947777
a61e005c-af0a-4820-8cd1-8029218fb066,EUR,1635173391,2.1564550038105637
75845357-d843-4036-841a-d2e6088b72ce,BTC,1635209265,8.262897900876517
c12908fd-8688-4926-8453-c480b5ecb48a,ETH,1635225377,-2.6455949368986165
0615a717-29b9-4c76-826a-ece60a60f3ae,USD,1635231279,9.158588798374971
93becbec-6a43-428a-a1ce-6b096c956ca7,BTC,1635247848,4.514602437732954
ec22ff9f-6f33-4055-bc53-7ee7d8b51c05,EUR,1635250494,7.514872345856883
75845357-d843-4036-841a-d2e6088b72ce,EUR,1635260116,3.8517218416632293
fe3b675f-21d2-4b79-b25f-45150d0e837a,ETH,1635287397,9.534579362024882
fe3b675f-21d2-4b79-b25f-45150d0e837a,USD,1635297580,-2.894187350700679
5b8e58a5-9b9f-4f1b-969f-21dbee72f0bb,CAD,1635301279,0.009599895615528098
e2b54159-2bf7-4b89-850b-9f1c680b6bbe,ETH,1635305524,-1.7897317410044682
d94aed09-3f48-4b79-ae7d-a8f2cbf69501,EUR,1635313187,3.1872628256826534
9287b4ea-2911-45b2-8da7-cc3ca70cb118,BTC,1635315228,9.662931891619841
f41feb3a-a469-487a-bc9d-59a0dfd89c29,USD,1635320010,6.482331778671057
c5cefec7-2341-4c3e-bee1-cb30fee93bd8,BTC,1635325226,-3.276229812311115
a61e005c-af0a-4820-8cd1-8029218fb066,BAT,1635330515,-4.684390815986033
f41feb3a-a469-487a-bc9d-59a0dfd89c29,BTC,1635337501,-9.082037438988916
beed12b3-f39a-43dc-bee6-721a89c0a937,ETH,1635340988,-9.896257024035531
ec22ff9f-6f33-4055-bc53-7ee7d8b51c05,USD,1635361703,-7.014558068392606
e84d7bec-86b6-4f13-892c-1970e2d466bc,USD,1635365166,2.7204182081890274
fe3b675f-21d2-4b79-b25f-45150d0e837a,USD,1635365324,8.626954270191508
f41feb3a-a469-487a-bc9d-59a0dfd89c29,EUR,1635368321,-7.145439266604232
934357bf-b14a-4da8-8b0c-ed0c28540389,BTC,1635400422,1.2467840191233144
e2b54159-2bf7-4b89-850b-9f1c680b6bbe,EUR,1635411248,9.985745394504825
89e5edba-3eef-4514-856a-287526ae50fa,ETH,1635420446,-2.170894138728938
464298b8-8b92-463e-949b-3ba65c3b58c6,EUR,1635421531,2.1567106634513618
e2b54159-2bf7-4b89-850b-9f1c680b6bbe,BAT,1635422995,-8.215196030710892
f41feb3a-a469-487a-bc9d-59a0dfd89c29,EUR,1635427218,8.03474809449542
044ebe23-2980-4172-aa8b-f59e48b07343,EUR,1635433909,6.332882779521761
3063533e-d3d2-46ca-91f5-6168c95c9835,BTC,1635439005,-3.440109146058459
9287b4ea-2911-45b2-8da7-cc3ca70cb118,USD,1635440776,7.650323514762611
75845357-d843-4036-841a-d2e6088b72ce,BAT,1635471752,6.733511926525114
a61e005c-af0a-4820-8cd1-8029218fb066,EUR,1635538901,6.245522305663872
5d47c0f3-920d-49f5-b9b3-5afeca5ece24,ETH,1635558229,9.92181302071372
fe3b675f-21d2-4b79-b25f-45150d0e837a,XPR,1635577812,-8.801918079072777
ec22ff9f-6f33-4055-bc53-7ee7d8b51c05,USD,1635578098,7.287300143476383
f41feb3a-a469-487a-bc9d-59a0dfd89c29,BTC,1635581726,-4.207132821931008
93becbec-6a43-428a-a1ce-6b096c956ca7,ETH,1635582833,9.383900058490397
d83f6123-2f33-402e-9fb1-25a96c6d19f5,USD,1635607464,0.9551534756194329
9287b4ea-2911-45b2-8da7-cc3ca70cb118,USD,1635613531,8.3425953064351
ec22ff9f-6f33-4055-bc53-7ee7d8b51c05,EUR,1635615799,5.889299711780907
197e14d9-700c-4d53-8b6e-f2c45d2bfac9,BTC,1635626524,-2.6504575877535856
ec22ff9f-6f33-4055-bc53-7ee7d8b51c05,BAT,1635631776,8.810703328258903
f41feb3a-a469-487a-bc9d-59a0dfd89c29,XPR,1635633694,8.637732514700634
9b889da5-cd5e-4fea-9680-e4aef39193ad,EUR,1635647115,8.688434413074447
3063533e-d3d2-46ca-91f5-6168c95c9835,USD,1635648917,5.3157900758502095
fe3b675f-21d2-4b79-b25f-45150d0e837a,BTC,1635683118,5.910686068038782
df2392b6-0dd6-4e24-82fb-b0a403615b06,BTC,1635703121,6.084208785422945
e2b54159-2bf7-4b89-850b-9f1c680b6bbe,USD,1635717595,2.59795309242093
fe3b675f-21d2-4b79-b25f-45150d0e837a,EUR,1635722887,3.934986075903627
259c4a32-9c8f-474a-9f8b-3a9ded89e9b3,BTC,1635736663,-3.8972526518395156
fe3b675f-21d2-4b79-b25f-45150d0e837a,CAD,1635739303,4.158105422775558
a61e005c-af0a-4820-8cd1-8029218fb066,BTC,1635744718,-5.823853011716238
259c4a32-9c8f-474a-9f8b-3a9ded89e9b3,ETH,1635778588,9.155183150439253
ec22ff9f-6f33-4055-bc53-7ee7d8b51c05,BAT,1635799231,-5.972456776468762
93becbec-6a43-428a-a1ce-6b096c956ca7,XPR,1635807561,-7.199335925751289
f2bd38cb-310b-457e-8cb1-c8b5bb589288,EUR,1635811165,-7.628690300231115
c2e51592-d482-4909-892e-01b0a8a0d423,BTC,1635811767,3.224319472729311
ec22ff9f-6f33-4055-bc53-7ee7d8b51c05,ETH,1635818487,1.21518640370601
beed12b3-f39a-43dc-bee6-721a89c0a937,ETH,1635820700,-2.5833153637068147
e2b54159-2bf7-4b89-850b-9f1c680b6bbe,EUR,1635833046,1.9270369736251443
3063533e-d3d2-46ca-91f5-6168c95c9835,USD,1635847397,8.059214734624433
3063533e-d3d2-46ca-91f5-6168c95c9835,BTC,1635848854,-7.420737278508902
9287b4ea-2911-45b2-8da7-cc3ca70cb118,USD,1635857848,0.5980202849659442
75845357-d843-4036-841a-d2e6088b72ce,ETH,1635858307,5.999131192311328
ec22ff9f-6f33-4055-bc53-7ee7d8b51c05,ETH,1635869988,0.26942148227218254
ec22ff9f-6f33-4055-bc53-7ee7d8b51c05,XPR,1635898785,3.1185579710529048
93becbec-6a43-428a-a1ce-6b096c956ca7,EUR,1635899413,-4.7560299715863135
fdaa102d-797c-4c57-a793-feb6e3aaff0d,ETH,1635901238,5.421340402105411
3063533e-d3d2-46ca-91f5-6168c95c9835,ETH,1635903759,-5.930678974118095
a61e005c-af0a-4820-8cd1-8029218fb066,EUR,1635925753,4.417459798399854
9287b4ea-2911-45b2-8da7-cc3ca70cb118,EUR,1635932595,-7.827765249856702
9287b4ea-2911-45b2-8da7-cc3ca70cb118,USD,1635939408,-9.983726612871042
78db312b-071d-41d4-8ed6-d46411f44aa4,ETH,1635948115,8.544421656400793
fe3b675f-21d2-4b79-b25f-45150d0e837a,ETH,1635961151,-2.818177006971146
38a23cc5-363b-43c7-ba39-5daa13ed4e2b,BTC,1635963459,8.098837161408888
3063533e-d3d2-46ca-91f5-6168c95c9835,USD,1635966972,-1.93971843837571
75845357-d843-4036-841a-d2e6088b72ce,USD,1635986174,-6.919869950622277
75845357-d843-4036-841a-d2e6088b72ce,BTC,1635988970,-7.032561907716759
7d6a9d9e-25b5-4ce1-b8bd-087f702725cc,USD,1635991661,-6.349008517480559
a61e005c-af0a-4820-8cd1-8029218fb066,USD,1635991762,4.331242712509006
b8599949-2ffc-44c4-bc46-2e596e131c17,ETH,1635995189,-2.758076711245825
fe3b675f-21d2-4b79-b25f-45150d0e837a,ETH,1636000862,-0.8606578521321175
beed12b3-f39a-43dc-bee6-721a89c0a937,XPR,1636021022,7.3792922745292735
93becbec-6a43-428a-a1ce-6b096c956ca7,EUR,1636023726,8.560821295425605
93becbec-6a43-428a-a1ce-6b096c956ca7,EUR,1636028442,-3.443521537630721
9287b4ea-2911-45b2-8da7-cc3ca70cb118,ETH,1636028960,1.8721375185574516
f41feb3a-a469-487a-bc9d-59a0dfd89c29,USD,1636031415,-4.528092708767188
fdaa102d-797c-4c57-a793-feb6e3aaff0d,USD,1636040982,7.47086921285052
beed12b3-f39a-43dc-bee6-721a89c0a937,ETH,1636053777,7.538809561625747
c2e51592-d482-4909-892e-01b0a8a0d423,ETH,1636056894,1.3232554883393615
4a6f2b89-07cb-4557-b821-5a8ea03d2f71,CAD,1636057793,-4.612918886801478
bdbeede3-8470-4baf-9f28-8f9e01b935d6,BTC,1636074488,8.557762164492452
f41feb3a-a469-487a-bc9d-59a0dfd89c29,BTC,1636076233,-5.238296354370493
93becbec-6a43-428a-a1ce-6b096c956ca7,ETH,1636089287,-0.006751436659316212
e2b54159-2bf7-4b89-850b-9f1c680b6bbe,USD,1636092740,-9.227771043543683
93becbec-6a43-428a-a1ce-6b096c956ca7,USD,1636103889,-0.6276937744335456
e2b54159-2bf7-4b89-850b-9f1c680b6bbe,BAT,1636106755,5.9794370224900995
c5cefec7-2341-4c3e-bee1-cb30fee93bd8,BAT,1636137619,-6.9839620512662215
beed12b3-f39a-43dc-bee6-721a89c0a937,BTC,1636165433,0.07550920002679362
a61e005c-af0a-4820-8cd1-8029218fb066,USD,1636170748,8.254514000019778
9287b4ea-2911-45b2-8da7-cc3ca70cb118,EUR,1636185290,-7.655807769156462
b8599949-2ffc-44c4-bc46-2e596e131c17,ETH,1636207971,7.908393173792735
75845357-d843-4036-841a-d2e6088b72ce,BAT,1636210359,8.671288662068033
beed12b3-f39a-43dc-bee6-721a89c0a937,EUR,1636225086,8.930794409626515
93becbec-6a43-428a-a1ce-6b096c956ca7,USD,1636233877,1.6898392062776306
75845357-d843-4036-841a-d2e6088b72ce,BTC,1636250130,-2.1377212515390713
a61e005c-af0a-4820-8cd1-8029218fb066,BTC,1636264502,4.001984106068722
78db312b-071d-41d4-8ed6-d46411f44aa4,ETH,1636292050,3.1380689003118434
fe3b675f-21d2-4b79-b25f-45150d0e837a,USD,1636360468,6.544801688717868
9287b4ea-2911-45b2-8da7-cc3ca70cb118,BTC,1636376958,-5.956301030206239
3063533e-d3d2-46ca-91f5-6168c95c9835,CAD,1636389846,1.0736226781589142
fe3b675f-21d2-4b79-b25f-45150d0e837a,USD,1636414849,-2.4981244221497656
9287b4ea-2911-45b2-8da7-cc3ca70cb118,BTC,1636423367,5.67683990807784
e2b54159-2bf7-4b89-850b-9f1c680b6bbe,EUR,1636433507,-5.0996408630549634
a61e005c-af0a-4820-8cd1-8029218fb066,ETH,1636448354,-5.822326864473101
f41feb3a-a469-487a-bc9d-59a0dfd89c29,USD,1636455131,-7.971614886198433
ec22ff9f-6f33-4055-bc53-7ee7d8b51c05,BTC,1636456583,-8.530385439665508
9287b4ea-2911-45b2-8da7-cc3ca70cb118,EUR,1636463001,0.23004908373612842
93becbec-6a43-428a-a1ce-6b096c956ca7,BAT,1636475142,-0.04480267993465681
e2b54159-2bf7-4b89-850b-9f1c680b6bbe,ETH,1636492170,8.055020649198461
25382ae7-1c6c-4b32-a120-7717c6f4080a,BTC,1636499023,9.193702704560906
9287b4ea-2911-45b2-8da7-cc3ca70cb118,ETH,1636500773,7.806675081270583
fa3e5601-04c5-4918-9c31-0d02d5ed3431,EUR,1636531944,-6.613966695361095
75845357-d843-4036-841a-d2e6088b72ce,BAT,1636531947,0.09302899216219451
f41feb3a-a469-487a-bc9d-59a0dfd89c29,BTC,1636533582,3.7663445528679613
e2b54159-2bf7-4b89-850b-9f1c680b6bbe,BTC,1636552363,-2.8069844844120624
fe3b675f-21d2-4b79-b25f-45150d0e837a,ETH,1636560308,4.934218467469929
93becbec-6a43-428a-a1ce-6b096c956ca7,BTC,1636561069,-8.546448958836137
27ad712a-9148-4b34-83ec-8bae3ea4cdbf,USD,1636568521,-5.154070982474728
75845357-d843-4036-841a-d2e6088b72ce,EUR,1636569965,5.9614152036138215
75845357-d843-4036-841a-d2e6088b72ce,ETH,1636591065,-9.650157328898787
75845357-d843-4036-841a-d2e6088b72ce,ETH,1636592226,-6.942700137664595
3063533e-d3d2-46ca-91f5-6168c95c9835,ETH,1636617897,1.745094784576839
25382ae7-1c6c-4b32-a120-7717c6f4080a,BTC,1636646923,-4.021939912898809
93becbec-6a43-428a-a1ce-6b096c956ca7,EUR,1636651804,-7.857037945946679
9b889da5-cd5e-4fea-9680-e4aef39193ad,BTC,1636661527,-8.345839772756477
93becbec-6a43-428a-a1ce-6b096c956ca7,EUR,1636666378,4.1221231252824
a16bc127-d4af-4611-b5e6-9f9e451a851f,BTC,1636680095,-0.4454974680951942
f41feb3a-a469-487a-bc9d-59a0dfd89c29,EUR,1636704805,1.5388581017680796
99c17ee8-9189-4682-8f4d-a3e22a59e12f,XPR,1636714206,-7.864982403682726
6e7c8b3b-708e-4d1f-a58d-d904d91152d7,BTC,1636730919,-9.173660317287691
ec22ff9f-6f33-4055-bc53-7ee7d8b51c05,ETH,1636731215,-4.292993635489138
beed12b3-f39a-43dc-bee6-721a89c0a937,USD,1636738398,7.1616232635971
e64722ab-ac45-4631-80ac-c45da5ff8c01,ETH,1636741114,9.165316073226574
75845357-d843-4036-841a-d2e6088b72ce,CAD,1636751864,-1.7873994788644225
e84d7bec-86b6-4f13-892c-1970e2d466bc,BTC,1636757882,-7.243679785486606
fe3b675f-21d2-4b79-b25f-45150d0e837a,ETH,1636766788,-8.552728800162207
beed12b3-f39a-43dc-bee6-721a89c0a937,ETH,1636794067,-5.436281722699996
e2b54159-2bf7-4b89-850b-9f1c680b6bbe,BTC,1636797475,2.454084212095168
0640659b-bfbc-414c-8e89-4c316287a8dd,EUR,1636841105,-6.4228218861484905
93becbec-6a43-428a-a1ce-6b096c956ca7,USD,1636842700,-8.055270271200909
6e7c8b3b-708e-4d1f-a58d-d904d91152d7,EUR,1636849897,5.662442834829495
beed12b3-f39a-43dc-bee6-721a89c0a937,BTC,1636857127,9.756111218281188
3063533e-d3d2-46ca-91f5-6168c95c9835,BTC,1636891467,-5.8637991357933705
4b2f64c2-d6b2-421b-a6af-685573cd7f56,EUR,1636896712,4.716964488555762
93becbec-6a43-428a-a1ce-6b096c956ca7,EUR,1636951331,-9.901000690946384
a61e005c-af0a-4820-8cd1-8029218fb066,USD,1636952387,9.530736151969375
beed12b3-f39a-43dc-bee6-721a89c0a937,USD,1636958799,2.7305545566474247
beed12b3-f39a-43dc-bee6-721a89c0a937,USD,1636971820,-3.5983559521740327
ec22ff9f-6f33-4055-bc53-7ee7d8b51c05,USD,1636972720,4.313371814758684
f41feb3a-a469-487a-bc9d-59a0dfd89c29,ETH,1636974866,4.084115429719972
ec22ff9f-6f33-4055-bc53-7ee7d8b51c05,XPR,1636982603,-0.8333752296446555
a61e005c-af0a-4820-8cd1-8029218fb066,BAT,1636986941,-9.336231591317631
ec22ff9f-6f33-4055-bc53-7ee7d8b51c05,USD,1636993703,0.899024752503216
e2b54159-2bf7-4b89-850b-9f1c680b6bbe,BTC,1637000653,-9.818582082337013
934357bf-b14a-4da8-8b0c-ed0c28540389,XPR,1637001963,2.3284907869835365
034f584c-d4fd-4260-8611-c3423745f933,USD,1637010236,-8.989646655166455
ec22ff9f-6f33-4055-bc53-7ee7d8b51c05,BTC,1637013277,-7.187081742212966
e84d7bec-86b6-4f13-892c-1970e2d466bc,USD,1637023282,0.062202389075258324
a61e005c-af0a-4820-8cd1-8029218fb066,BTC,1637035143,-3.128668923544426
9287b4ea-2911-45b2-8da7-cc3ca70cb118,BTC,1637045568,9.970023304986341
75845357-d843-4036-841a-d2e6088b72ce,ETH,1637062875,3.4475577567301805
75845357-d843-4036-841a-d2e6088b72ce,USD,1637065545,-7.372888920959522
e2b54159-2bf7-4b89-850b-9f1c680b6bbe,EUR,1637073544,-7.513582803669674
9287b4ea-2911-45b2-8da7-cc3ca70cb118,EUR,1637076890,-1.5853215400902183
75845357-d843-4036-841a-d2e6088b72ce,ETH,1637081577,-1.4138725537913714
9287b4ea-2911-45b2-8da7-cc3ca70cb118,USD,1637090781,-4.562469053776088
e2b54159-2bf7-4b89-850b-9f1c680b6bbe,EUR,1637098604,-5.051963783687321
01f5b699-535e-415c-af84-446e5c00385e,BAT,1637108902,-0.8896535829266021
e2b54159-2bf7-4b89-850b-9f1c680b6bbe,BTC,1637110608,1.3822778946779195
dc45ff15-8e0b-4d6a-ba44-195073e4bd0a,BTC,1637151709,5.041138393170039
5a623012-bb14-4bc5-977a-8d57033a1342,BTC,1637167401,4.372155097213625
ec22ff9f-6f33-4055-bc53-7ee7d8b51c05,EUR,1637177709,-5.200426102454177
fe3b675f-21d2-4b79-b25f-45150d0e837a,EUR,1637180609,-9.048454703696699
9b2e8458-726f-42d9-97cb-5e66de168da5,BTC,1637190054,1.3396033403392522
a29da963-12ff-433b-9872-cf9533a3f170,EUR,1637243316,8.545354062915973
6044e2ef-8425-487c-b8bf-b88a87cc43f9,ETH,1637245435,4.618048525246783
a61e005c-af0a-4820-8cd1-8029218fb066,BTC,1637249662,9.445520559310022
ec22ff9f-6f33-4055-bc53-7ee7d8b51c05,BTC,1637253022,6.809189611886282
a61e005c-af0a-4820-8cd1-8029218fb066,USD,1637256980,5.84512021570875
a61e005c-af0a-4820-8cd1-8029218fb066,ETH,1637258604,-7.2167508835274745
e2b54159-2bf7-4b89-850b-9f1c680b6bbe,BTC,1637273393,-8.702032334747587
3063533e-d3d2-46ca-91f5-6168c95c9835,EUR,1637279373,5.151350818071293
ec22ff9f-6f33-4055-bc53-7ee7d8b51c05,EUR,1637280074,5.932276306697155
5b8e58a5-9b9f-4f1b-969f-21dbee72f0bb,EUR,1637280749,-9.346734519933007
fe3b675f-21d2-4b79-b25f-45150d0e837a,USD,1637286710,4.6153570393791625
9287b4ea-2911-45b2-8da7-cc3ca70cb118,ETH,1637289367,-6.778965863655597
9287b4ea-2911-45b2-8da7-cc3ca70cb118,BTC,1637292814,-6.326723095432845
93becbec-6a43-428a-a1ce-6b096c956ca7,USD,1637302694,-2.037388881731368
df2392b6-0dd6-4e24-82fb-b0a403615b06,ETH,1637328467,-7.835486686799113
a61e005c-af0a-4820-8cd1-8029218fb066,BTC,1637333143,6.9224191197345775
987eae8b-a10b-4a88-a437-37a982f5acb5,USD,1637334819,9.581298113982161
3063533e-d3d2-46ca-91f5-6168c95c9835,BTC,1637337501,0.4586952541104523
75845357-d843-4036-841a-d2e6088b72ce,ETH,1637337997,1.2430181435390537
93becbec-6a43-428a-a1ce-6b096c956ca7,EUR,1637350367,-4.415223326315772
f30a7fba-468c-4b04-aac4-8cf836652573,XPR,1637352581,-2.394317241003831
0615a717-29b9-4c76-826a-ece60a60f3ae,USD,1637369834,3.2333719932703993
4760ba51-fb20-47c1-8751-abd21264713a,CAD,1637369907,-8.187362891366782
6044e2ef-8425-487c-b8bf-b88a87cc43f9,BTC,1637379909,-9.736913982183824
9287b4ea-2911-45b2-8da7-cc3ca70cb118,XPR,1637395623,1.8483594030873558
75845357-d843-4036-841a-d2e6088b72ce,USD,1637396168,1.8580409218963627
f1bc887e-df8c-4d6d-b633-a0432564e31a,USD,1637403065,3.4759403214434172
ec22ff9f-6f33-4055-bc53-7ee7d8b51c05,ETH,1637426054,-5.95704093246014
197e14d9-700c-4d53-8b6e-f2c45d2bfac9,USD,1637434370,5.772653074638832
27ad712a-9148-4b34-83ec-8bae3ea4cdbf,BAT,1637442843,2.4926960288576456
beed12b3-f39a-43dc-bee6-721a89c0a937,EUR,1637445004,-9.205672719039468
5fec4264-78eb-43ed-9c3d-33b6e58a8c3f,ETH,1637446531,-6.876568023161298
f41feb3a-a469-487a-bc9d-59a0dfd89c29,EUR,1637448029,-5.603582397682956
3063533e-d3d2-46ca-91f5-6168c95c9835,ETH,1637460770,0.7120966326786977
ec22ff9f-6f33-4055-bc53-7ee7d8b51c05,EUR,1637464501,0.31172707802652155
c98bc1a8-6926-4a59-83c9-09de99a905b4,XPR,1637471804,3.270485063505756
ec22ff9f-6f33-4055-bc53-7ee7d8b51c05,EUR,1637472181,-8.335372584119563
ec22ff9f-6f33-4055-bc53-7ee7d8b51c05,EUR,1637474032,2.8619563100327543
ec22ff9f-6f33-4055-bc53-7ee7d8b51c05,USD,1637491730,9.576767636628134
75845357-d843-4036-841a-d2e6088b72ce,USD,1637498919,6.033816620464179
fe3b675f-21d2-4b79-b25f-45150d0e837a,ETH,1637504426,9.390384748470385
d94aed09-3f48-4b79-ae7d-a8f2cbf69501,USD,1637546377,3.5297718395880224
d94aed09-3f48-4b79-ae7d-a8f2cbf69501,USD,1637549930,-3.13268570407081
f41feb3a-a469-487a-bc9d-59a0dfd89c29,USD,1637556463,8.391610063522222
fe3b675f-21d2-4b79-b25f-45150d0e837a,USD,1637566789,-4.769846138918554
3063533e-d3d2-46ca-91f5-6168c95c9835,EUR,1637566925,-4.151182545876624
75845357-d843-4036-841a-d2e6088b72ce,BTC,1637571672,7.517394077282734
197e14d9-700c-4d53-8b6e-f2c45d2bfac9,BTC,1637583516,-1.9710660625445975
93becbec-6a43-428a-a1ce-6b096c956ca7,EUR,1637604608,8.445010419080962
9287b4ea-2911-45b2-8da7-cc3ca70cb118,USD,1637605292,-1.1798580916706047
f41feb3a-a469-487a-bc9d-59a0dfd89c29,BTC,1637613158,-5.398181259331181
e2b54159-2bf7-4b89-850b-9f1c680b6bbe,CAD,1637614509,-3.7879189892323595
a61e005c-af0a-4820-8cd1-8029218fb066,USD,1637620422,2.9597469423250704
9287b4ea-2911-45b2-8da7-cc3ca70cb118,CAD,1637627325,5.511264286650537
4b2f64c2-d6b2-421b-a6af-685573cd7f56,BTC,1637635235,2.8314735124702786
3063533e-d3d2-46ca-91f5-6168c95c9835,BTC,1637641510,-0.22650711704866922
cc19a596-79eb-4ae6-92a8-6f7ff846355a,EUR,1637646466,-8.537000314106127
ec22ff9f-6f33-4055-bc53-7ee7d8b51c05,USD,1637664032,-2.092086703594007
e2b54159-2bf7-4b89-850b-9f1c680b6bbe,BAT,1637696841,2.3608714296403193
ec22ff9f-6f33-4055-bc53-7ee7d8b51c05,EUR,1637698230,2.9367802461456805
a61e005c-af0a-4820-8cd1-8029218fb066,USD,1637713193,5.818941403875996
f41feb3a-a469-487a-bc9d-59a0dfd89c29,ETH,1637750932,9.638722816375985
5fec4264-78eb-43ed-9c3d-33b6e58a8c3f,USD,1637757550,3.166673151001717
fe3b675f-21d2-4b79-b25f-45150d0e837a,USD,1637760474,-3.6750243726095677
3caf1a3a-46cf-4c91-b352-9ea9f0c571ec,USD,1637765831,4.432835159173123
d137f350-8287-42e4-99aa-cd56cb77aa8f,EUR,1637811951,-5.905939554275362
75845357-d843-4036-841a-d2e6088b72ce,BTC,1637828736,-5.98445535343699
fe3b675f-21d2-4b79-b25f-45150d0e837a,USD,1637830470,-0.2278452826338384
ec22ff9f-6f33-4055-bc53-7ee7d8b51c05,BTC,1637832155,6.681697644338861
fe3b675f-21d2-4b79-b25f-45150d0e837a,EUR,1637879192,-3.124723016504378
f8259c81-0d30-436b-bb3e-156cc731e641,ETH,1637887805,5.718001650195266
e2b54159-2bf7-4b89-850b-9f1c680b6bbe,ETH,1637905617,9.064863572387143
ec22ff9f-6f33-4055-bc53-7ee7d8b51c05,EUR,1637920289,-0.16375500711555802
3063533e-d3d2-46ca-91f5-6168c95c9835,BTC,1637927452,-8.640091817068669
3063533e-d3d2-46ca-91f5-6168c95c9835,XPR,1637946716,8.996968433003492
e2b54159-2bf7-4b89-850b-9f1c680b6bbe,BTC,1637968094,1.4092995944471394
7e26da7f-3fe1-4790-a9bf-147bf2a852ec,ETH,1637972610,5.1783799325447255
ec22ff9f-6f33-4055-bc53-7ee7d8b51c05,USD,1637996102,1.7472759855973266
68b37b28-d244-45ab-94c4-21f57bb55a62,BTC,1637998930,-7.960744566751769
fe3b675f-21d2-4b79-b25f-45150d0e837a,ETH,1638000120,-5.623770633933642
ec22ff9f-6f33-4055-bc53-7ee7d8b51c05,BTC,1638026308,-6.968921988102035
75845357-d843-4036-841a-d2e6088b72ce,USD,1638027801,3.7819468111737073
414e4248-1b1e-4a8e-af48-e65d6c6eef6b,XPR,1638033856,-1.620460418658812
93becbec-6a43-428a-a1ce-6b096c956ca7,EUR,1638070666,-8.337185478959729
75845357-d843-4036-841a-d2e6088b72ce,BTC,1638074080,4.253653624996616
c5cefec7-2341-4c3e-bee1-cb30fee93bd8,USD,1638075057,-8.814742396362394
3063533e-d3d2-46ca-91f5-6168c95c9835,ETH,1638103086,3.47167497124261
fe3b675f-21d2-4b79-b25f-45150d0e837a,BTC,1638115288,-4.391915560017605
a947e704-dbd7-430b-adf4-7039824b8d63,ETH,1638117509,-0.2840181366036294
3063533e-d3d2-46ca-91f5-6168c95c9835,BTC,1638121321,6.8323406154233695
259c4a32-9c8f-474a-9f8b-3a9ded89e9b3,BTC,1638123647,-8.513393583698946
e2b54159-2bf7-4b89-850b-9f1c680b6bbe,EUR,1638134620,-4.6320816531981945
9287b4ea-2911-45b2-8da7-cc3ca70cb118,USD,1638169814,8.421184884430136
beed12b3-f39a-43dc-bee6-721a89c0a937,EUR,1638176901,2.350209720656885
d83f6123-2f33-402e-9fb1-25a96c6d19f5,BTC,1638209835,-7.303422295668478
93becbec-6a43-428a-a1ce-6b096c956ca7,EUR,1638212087,-7.353580364134757
92934d8d-a4cc-456f-97ca-c77f528c6bda,USD,1638213403,9.397709588913305
e2b54159-2bf7-4b89-850b-9f1c680b6bbe,USD,1638227159,2.7607005652673067
8f08a9c5-0884-4bd2-8d00-d772d32654a1,CAD,1638244544,-7.387362675077314
93becbec-6a43-428a-a1ce-6b096c956ca7,ETH,1638244789,-8.668479940745637
f41feb3a-a469-487a-bc9d-59a0dfd89c29,ETH,1638270342,7.517271167093295
93becbec-6a43-428a-a1ce-6b096c956ca7,ETH,1638278085,5.385539942355601
75845357-d843-4036-841a-d2e6088b72ce,EUR,1638293061,2.5317626158190816
e2b54159-2bf7-4b89-850b-9f1c680b6bbe,XPR,1638295905,0.0009554920102754494
f1010a49-5aa3-477c-bb16-4d5aebb637c0,USD,1638305955,9.684117878712971
a61e005c-af0a-4820-8cd1-8029218fb066,USD,1638320551,7.0559858577122085
9287b4ea-2911-45b2-8da7-cc3ca70cb118,USD,1638321959,-2.113892722666142
3063533e-d3d2-46ca-91f5-6168c95c9835,BAT,1638334590,3.2525655274344007
9287b4ea-2911-45b2-8da7-cc3ca70cb118,EUR,1638344305,-8.929810844894705
e2b54159-2bf7-4b89-850b-9f1c680b6bbe,ETH,1638356626,-5.530052051178487
a16bc127-d4af-4611-b5e6-9f9e451a851f,USD,1638372998,-7.811484931239779
beed12b3-f39a-43dc-bee6-721a89c0a937,USD,1638386491,-7.3634646625323885
9287b4ea-2911-45b2-8da7-cc3ca70cb118,EUR,1638417425,5.5759538827701345
e84d7bec-86b6-4f13-892c-1970e2d466bc,USD,1638422859,-8.524906795088981
cb1a5abb-9cf9-4e37-91ab-83d3959b1277,ETH,1638431331,2.2809763223689465
f41feb3a-a469-487a-bc9d-59a0dfd89c29,BTC,1638444899,8.618278370359263
fe3b675f-21d2-4b79-b25f-45150d0e837a,USD,1638461994,-4.441254253503713
945d4c4d-4281-4ff9-a6fe-de9dfd858f72,USD,1638463471,0.9028139399877588
ec22ff9f-6f33-4055-bc53-7ee7d8b51c05,EUR,1638472534,4.662946089101897
f41feb3a-a469-487a-bc9d-59a0dfd89c29,EUR,1638489727,0.1885622454823288
a61e005c-af0a-4820-8cd1-8029218fb066,EUR,1638496962,0.6771356730198352
78fec595-1f14-4e85-b295-e430a6ba7686,ETH,1638504143,8.816195043887383
fe3b675f-21d2-4b79-b25f-45150d0e837a,BTC,1638510908,-2.4862564074135314
fe3b675f-21d2-4b79-b25f-45150d0e837a,BTC,1638515148,4.821083189969981
f8259c81-0d30-436b-bb3e-156cc731e641,USD,1638527228,-3.699848556431908
78fec595-1f14-4e85-b295-e430a6ba7686,ETH,1638530528,6.865264164421674
d137f350-8287-42e4-99aa-cd56cb77aa8f,EUR,1638534201,6.9313590180155416
3063533e-d3d2-46ca-91f5-6168c95c9835,ETH,1638538473,5.572331528782133
75845357-d843-4036-841a-d2e6088b72ce,ETH,1638549601,-2.474472193438924
a61e005c-af0a-4820-8cd1-8029218fb066,USD,1638549927,-8.111995984900503
fe3b675f-21d2-4b79-b25f-45150d0e837a,EUR,1638560567,-4.413984909765764
39b1b575-8789-45b1-bf90-16b30832ecc0,BTC,1638567393,1.9127128826783633
1c624660-7fbd-43a5-b791-c997b810db49,BTC,1638580931,-7.36024504756746
e2b54159-2bf7-4b89-850b-9f1c680b6bbe,BTC,1638581021,-7.474688041026583
75845357-d843-4036-841a-d2e6088b72ce,ETH,1638583421,-8.790329413266731
f41feb3a-a469-487a-bc9d-59a0dfd89c29,USD,1638591049,-2.667499748565536
a61e005c-af0a-4820-8cd1-8029218fb066,EUR,1638592871,8.295002126320433
ec22ff9f-6f33-4055-bc53-7ee7d8b51c05,BTC,1638605739,9.280560912695321
a61e005c-af0a-4820-8cd1-8029218fb066,EUR,1638619581,0.5214079242525838
e2b54159-2bf7-4b89-850b-9f1c680b6bbe,BTC,1638656216,-5.952145910816471
a61e005c-af0a-4820-8cd1-8029218fb066,ETH,1638661209,-3.133466692846447
75845357-d843-4036-841a-d2e6088b72ce,ETH,1638663355,-7.85208554118759
f41feb3a-a469-487a-bc9d-59a0dfd89c29,USD,1638666400,-0.5907988740128047
93becbec-6a43-428a-a1ce-6b096c956ca7,USD,1638671603,9.258986322038123
df2392b6-0dd6-4e24-82fb-b0a403615b06,BAT,1638684787,4.5944736657182865
beed12b3-f39a-43dc-bee6-721a89c0a937,EUR,1638687291,6.900499938998511
e2b54159-2bf7-4b89-850b-9f1c680b6bbe,ETH,1638694020,-5.354884967986022
fe3b675f-21d2-4b79-b25f-45150d0e837a,EUR,1638701740,-3.4237195218644807
1e6d232e-11f4-4cd6-9eb4-020af5d6a1fb,EUR,1638702320,1.7413679986623425
a16bc127-d4af-4611-b5e6-9f9e451a851f,USD,1638714148,-1.0640747280235665
7c615c0c-a984-410a-bbe4-7f9b06d717f8,BAT,1638714683,2.378741052738711
fe3b675f-21d2-4b79-b25f-45150d0e837a,EUR,1638724741,-0.445406106821979
93becbec-6a43-428a-a1ce-6b096c956ca7,ETH,1638734046,-5.800374615135562
93becbec-6a43-428a-a1ce-6b096c956ca7,ETH,1638736760,-4.657951845076218
3063533e-d3d2-46ca-91f5-6168c95c9835,ETH,1638745353,-7.67554156089663
beed12b3-f39a-43dc-bee6-721a89c0a937,BTC,1638760192,-9.452632086261701
51caadde-8903-4316-8c98-507aedfe306a,BTC,1638762204,-2.4547706862570333
e2b54159-2bf7-4b89-850b-9f1c680b6bbe,USD,1638766048,-8.295343244962204
93becbec-6a43-428a-a1ce-6b096c956ca7,BTC,1638802270,7.9192494310768
75845357-d843-4036-841a-d2e6088b72ce,EUR,1638816577,-0.8341893701251699
3063533e-d3d2-46ca-91f5-6168c95c9835,EUR,1638827215,-3.7157213771050106
3063533e-d3d2-46ca-91f5-6168c95c9835,BTC,1638841959,-0.8326142629720366
b61477de-b466-4b13-8a72-e80a721689ca,BAT,1638861773,-3.0595810622414454
92934d8d-a4cc-456f-97ca-c77f528c6bda,USD,1638861947,-1.6864057058627413
e3b2edbd-dff0-40c2-bfa2-20dfa632954e,ETH,1638863767,-2.1624949888634077
75845357-d843-4036-841a-d2e6088b72ce,USD,1638872053,8.441953686614589
f41feb3a-a469-487a-bc9d-59a0dfd89c29,EUR,1638881845,-6.480267065314626
78fec595-1f14-4e85-b295-e430a6ba7686,EUR,1638894235,-8.57951649604714
fe3b675f-21d2-4b79-b25f-45150d0e837a,ETH,1638897516,0.4375773557650149
9287b4ea-2911-45b2-8da7-cc3ca70cb118,USD,1638897733,-3.8275692037091886
e2b54159-2bf7-4b89-850b-9f1c680b6bbe,USD,1638905507,-3.1641293712001772
cc19a596-79eb-4ae6-92a8-6f7ff846355a,BTC,1638906782,-9.692998267455579
9287b4ea-2911-45b2-8da7-cc3ca70cb118,BTC,1638914829,4.233558440789144
a61e005c-af0a-4820-8cd1-8029218fb066,BTC,1638941574,-6.737382590523778
ec22ff9f-6f33-4055-bc53-7ee7d8b51c05,BTC,1638947979,-0.19358207625219848
f41feb3a-a469-487a-bc9d-59a0dfd89c29,EUR,1638951635,-2.9522002585807456
ec22ff9f-6f33-4055-bc53-7ee7d8b51c05,ETH,1638956408,8.78750677673661
fe3b675f-21d2-4b79-b25f-45150d0e837a,CAD,1638959881,3.5200911027593698
934357bf-b14a-4da8-8b0c-ed0c28540389,USD,1638969877,7.862786004140869
a61e005c-af0a-4820-8cd1-8029218fb066,BTC,1638970025,-6.682183546933487
27ad712a-9148-4b34-83ec-8bae3ea4cdbf,ETH,1638979541,5.084727296970733
f41feb3a-a469-487a-bc9d-59a0dfd89c29,XPR,1638998750,4.036828906648351
9287b4ea-2911-45b2-8da7-cc3ca70cb118,BTC,1639008607,4.552327856943002
e2b54159-2bf7-4b89-850b-9f1c680b6bbe,EUR,1639013557,0.9973711747084408
a61e005c-af0a-4820-8cd1-8029218fb066,EUR,1639026650,-6.557331402363003
39b1b575-8789-45b1-bf90-16b30832ecc0,EUR,1639056121,-5.09110164031765
beed12b3-f39a-43dc-bee6-721a89c0a937,BTC,1639057410,5.522614143410532
beed12b3-f39a-43dc-bee6-721a89c0a937,ETH,1639059958,7.165210197148351
f89443b9-1dfe-427e-b718-8846f977bf51,ETH,1639060088,-4.762127976316735
75845357-d843-4036-841a-d2e6088b72ce,USD,1639078598,6.939279768342676
c12908fd-8688-4926-8453-c480b5ecb48a,ETH,1639082928,3.1737237223721664
a61e005c-af0a-4820-8cd1-8029218fb066,BTC,1639084174,-7.447572914261298
f41feb3a-a469-487a-bc9d-59a0dfd89c29,XPR,1639093212,-8.037461562129057
d858e131-0a18-45b3-92a5-77467ce513a5,ETH,1639112837,-2.9848365521215836
f41feb3a-a469-487a-bc9d-59a0dfd89c29,EUR,1639122345,3.354448103242973
75845357-d843-4036-841a-d2e6088b72ce,USD,1639173907,-2.2621405778117376
e2b54159-2bf7-4b89-850b-9f1c680b6bbe,BTC,1639177965,6.566956474188377
7c615c0c-a984-410a-bbe4-7f9b06d717f8,BTC,1639178416,2.8200709074541095
e2b54159-2bf7-4b89-850b-9f1c680b6bbe,ETH,1639178492,7.899573678891226
f41feb3a-a469-487a-bc9d-59a0dfd89c29,EUR,1639187406,6.190719482012895
fe3b675f-21d2-4b79-b25f-45150d0e837a,EUR,1639194879,-1.8072615617717958
5fec4264-78eb-43ed-9c3d-33b6e58a8c3f,XPR,1639210783,0.27481259013961434
93becbec-6a43-428a-a1ce-6b096c956ca7,BTC,1639223238,7.974511943779934
fe3b675f-21d2-4b79-b25f-45150d0e837a,EUR,1639225259,0.2127642359771631
3063533e-d3d2-46ca-91f5-6168c95c9835,BTC,1639230730,-1.748372066727537
beed12b3-f39a-43dc-bee6-721a89c0a937,CAD,1639262503,-8.25717730447
ec22ff9f-6f33-4055-bc53-7ee7d8b51c05,USD,1639262829,-8.962239170662492
fe3b675f-21d2-4b79-b25f-45150d0e837a,USD,1639272639,1.1068356080659143
f41feb3a-a469-487a-bc9d-59a0dfd89c29,BTC,1639277064,2.031679243986913
f41feb3a-a469-487a-bc9d-59a0dfd89c29,ETH,1639288761,7.563215862791555
93becbec-6a43-428a-a1ce-6b096c956ca7,USD,1639289896,-2.7526266413667884
75845357-d843-4036-841a-d2e6088b72ce,CAD,1639320129,7.342678880743829
3063533e-d3d2-46ca-91f5-6168c95c9835,USD,1639343373,6.599207894636216
a61e005c-af0a-4820-8cd1-8029218fb066,ETH,1639348447,-4.197765937869839
6e7c8b3b-708e-4d1f-a58d-d904d91152d7,EUR,1639351006,-6.427370220531598
9287b4ea-2911-45b2-8da7-cc3ca70cb118,EUR,1639353952,8.356416049126366
3063533e-d3d2-46ca-91f5-6168c95c9835,USD,1639355360,-5.515262209974368
93becbec-6a43-428a-a1ce-6b096c956ca7,EUR,1639359342,-8.659555158992669
75845357-d843-4036-841a-d2e6088b72ce,USD,1639375092,-5.990805947655784
9287b4ea-2911-45b2-8da7-cc3ca70cb118,USD,1639380508,0.8926816129375226
fe3b675f-21d2-4b79-b25f-45150d0e837a,USD,1639393601,2.262297159002502
5dd16e20-7875-458f-bee4-29f27dd61bbd,EUR,1639400548,-6.672547664350312
9287b4ea-2911-45b2-8da7-cc3ca70cb118,XPR,1639403804,-2.869613731892853
c98bc1a8-6926-4a59-83c9-09de99a905b4,EUR,1639415518,6.085727311320667
25382ae7-1c6c-4b32-a120-7717c6f4080a,EUR,1639419434,-9.667298707355087
93becbec-6a43-428a-a1ce-6b096c956ca7,BTC,1639428359,2.414083642105627
ec22ff9f-6f33-4055-bc53-7ee7d8b51c05,XPR,1639432400,-3.5126841707309815
75845357-d843-4036-841a-d2e6088b72ce,EUR,1639449603,7.285411409642645
9287b4ea-2911-45b2-8da7-cc3ca70cb118,BTC,1639479799,4.290311515081269
e2b54159-2bf7-4b89-850b-9f1c680b6bbe,EUR,1639481304,1.3872444215950193
a947e704-dbd7-430b-adf4-7039824b8d63,BTC,1639481575,2.3590605027466083
e84d7bec-86b6-4f13-892c-1970e2d466bc,EUR,1639485204,-1.4035855936843422
55578bf3-84af-4f11-bf24-6be394197c26,USD,1639498741,8.931369342764238
d1bfeb51-cf4e-43b4-af30-434bf70a7e5f,ETH,1639504833,-4.10751300372678
c12908fd-8688-4926-8453-c480b5ecb48a,EUR,1639509902,-5.260213104375779
f8259c81-0d30-436b-bb3e-156cc731e641,USD,1639520910,9.317498024824967
ec22ff9f-6f33-4055-bc53-7ee7d8b51c05,BTC,1639523200,5.721003242286722
4b2f64c2-d6b2-421b-a6af-685573cd7f56,XPR,1639553266,4.248115457448476
fe3b675f-21d2-4b79-b25f-45150d0e837a,BTC,1639553740,-3.2828954069619183
f2bd38cb-310b-457e-8cb1-c8b5bb589288,USD,1639565881,-0.024331613912625727
fe3b675f-21d2-4b79-b25f-45150d0e837a,USD,1639571149,-5.2544176248449626
f41feb3a-a469-487a-bc9d-59a0dfd89c29,BTC,1639575309,-9.086564603849311
ec22ff9f-6f33-4055-bc53-7ee7d8b51c05,ETH,1639593343,2.987671807987649
b8599949-2ffc-44c4-bc46-2e596e131c17,BTC,1639593809,-7.961104811436231
f41feb3a-a469-487a-bc9d-59a0dfd89c29,EUR,1639616792,5.936485770224078
ec22ff9f-6f33-4055-bc53-7ee7d8b51c05,EUR,1639623312,7.311162771574615
464298b8-8b92-463e-949b-3ba65c3b58c6,USD,1639625277,-7.62119144080617
beed12b3-f39a-43dc-bee6-721a89c0a937,EUR,1639637600,-9.912343374209943
f1bc887e-df8c-4d6d-b633-a0432564e31a,BAT,1639651200,6.664275643401226
3063533e-d3d2-46ca-91f5-6168c95c9835,ETH,1639658505,9.08706857970266
ec22ff9f-6f33-4055-bc53-7ee7d8b51c05,USD,1639662094,-9.951242995111073
ec22ff9f-6f33-4055-bc53-7ee7d8b51c05,BTC,1639679062,4.909365197977696
75845357-d843-4036-841a-d2e6088b72ce,ETH,1639680324,-2.1573402041996914
3063533e-d3d2-46ca-91f5-6168c95c9835,BTC,1639697505,8.82905971727764
ec22ff9f-6f33-4055-bc53-7ee7d8b51c05,BTC,1639699315,5.222181004455837
e2b54159-2bf7-4b89-850b-9f1c680b6bbe,ETH,1639699495,6.501051000165912
93becbec-6a43-428a-a1ce-6b096c956ca7,EUR,1639701145,0.9775211243819015
9287b4ea-2911-45b2-8da7-cc3ca70cb118,CAD,1639705854,0.865582931851737
beed12b3-f39a-43dc-bee6-721a89c0a937,BAT,1639715711,-5.457475539302539
e2b54159-2bf7-4b89-850b-9f1c680b6bbe,EUR,1639722499,-8.466906968921847
7d6a9d9e-25b5-4ce1-b8bd-087f702725cc,BTC,1639722729,-0.5291043518332081
9287b4ea-2911-45b2-8da7-cc3ca70cb118,BTC,1639738364,8.774307318725
75845357-d843-4036-841a-d2e6088b72ce,BTC,1639752959,7.5678629373889095
fe3b675f-21d2-4b79-b25f-45150d0e837a,EUR,1639770841,-0.5423577311191572
d1bfeb51-cf4e-43b4-af30-434bf70a7e5f,ETH,1639800036,-2.2974100837321165
ec22ff9f-6f33-4055-bc53-7ee7d8b51c05,ETH,1639801620,-5.995000988799715
e2b54159-2bf7-4b89-850b-9f1c680b6bbe,EUR,1639823530,-3.5853148850660137
e2b54159-2bf7-4b89-850b-9f1c680b6bbe,BTC,1639832407,0.35118907941030386
a61e005c-af0a-4820-8cd1-8029218fb066,BAT,1639835195,-9.436814535302789
beed12b3-f39a-43dc-bee6-721a89c0a937,EUR,1639839267,6.915407185214974
75845357-d843-4036-841a-d2e6088b72ce,ETH,1639840666,-0.4938450112461261
9287b4ea-2911-45b2-8da7-cc3ca70cb118,USD,1639843958,1.4641809808907613
fe3b675f-21d2-4b79-b25f-45150d0e837a,USD,1639861772,8.482525298288934
f41feb3a-a469-487a-bc9d-59a0dfd89c29,EUR,1639862696,9.84191002089436
38a23cc5-363b-43c7-ba39-5daa13ed4e2b,BTC,1639867506,8.121508436985852
93becbec-6a43-428a-a1ce-6b096c956ca7,BTC,1639872488,1.8637885474000804
f41feb3a-a469-487a-bc9d-59a0dfd89c29,USD,1639874723,-2.0289728187291134
6044e2ef-8425-487c-b8bf-b88a87cc43f9,USD,1639878370,7.018629569704274
ec22ff9f-6f33-4055-bc53-7ee7d8b51c05,EUR,1639920024,-0.24676131607978036
3063533e-d3d2-46ca-91f5-6168c95c9835,BTC,1639923507,-9.339642058484747
ec22ff9f-6f33-4055-bc53-7ee7d8b51c05,CAD,1639925796,-4.641809668210621
75845357-d843-4036-841a-d2e6088b72ce,XPR,1639929813,-6.35884490994372
93becbec-6a43-428a-a1ce-6b096c956ca7,EUR,1639932076,2.719785394618162
fe3b675f-21d2-4b79-b25f-45150d0e837a,EUR,1639950184,-7.332074312212004
ec22ff9f-6f33-4055-bc53-7ee7d8b51c05,USD,1639960556,2.92524115628202
a61e005c-af0a-4820-8cd1-8029218fb066,USD,1639977334,4.638605944428003
c2e51592-d482-4909-892e-01b0a8a0d423,BTC,1640003102,-6.969899373901109
75845357-d843-4036-841a-d2e6088b72ce,ETH,1640005556,-9.808592377876868
75845357-d843-4036-841a-d2e6088b72ce,BTC,1640025379,-8.346870338427554
f8259c81-0d30-436b-bb3e-156cc731e641,EUR,1640035979,6.958349783999989
414e4248-1b1e-4a8e-af48-e65d6c6eef6b,BAT,1640038116,-7.170805629370198
c12908fd-8688-4926-8453-c480b5ecb48a,ETH,1640038596,-5.013290486622375
75845357-d843-4036-841a-d2e6088b72ce,EUR,1640043710,-3.232265760573876
a61e005c-af0a-4820-8cd1-8029218fb066,XPR,1640050506,-2.004916927727349
93becbec-6a43-428a-a1ce-6b096c956ca7,BTC,1640086055,2.3727262201608195
51caadde-8903-4316-8c98-507aedfe306a,XPR,1640086368,-7.901747922941489
89e5edba-3eef-4514-856a-287526ae50fa,BTC,1640086560,-9.527166874975478
75845357-d843-4036-841a-d2e6088b72ce,USD,1640087229,2.388654919869701
fe3b675f-21d2-4b79-b25f-45150d0e837a,BTC,1640100825,0.5384609904236886
9287b4ea-2911-45b2-8da7-cc3ca70cb118,BTC,1640109474,-8.82762103819448
75845357-d843-4036-841a-d2e6088b72ce,EUR,1640150436,8.367073386900703
c5cefec7-2341-4c3e-bee1-cb30fee93bd8,EUR,1640152555,-0.4004285450601408
93becbec-6a43-428a-a1ce-6b096c956ca7,EUR,1640169316,8.170201453359866
fe3b675f-21d2-4b79-b25f-45150d0e837a,BTC,1640171455,-8.928415715180432
38a23cc5-363b-43c7-ba39-5daa13ed4e2b,BAT,1640173085,-8.271656609220049
9287b4ea-2911-45b2-8da7-cc3ca70cb118,USD,1640176586,-2.0733238215428447
beed12b3-f39a-43dc-bee6-721a89c0a937,ETH,1640188626,7.472800953051497
a61e005c-af0a-4820-8cd1-8029218fb066,ETH,1640196803,7.657693239701924
38a23cc5-363b-43c7-ba39-5daa13ed4e2b,BTC,1640203481,-8.326510189714298
987eae8b-a10b-4a88-a437-37a982f5acb5,BTC,1640205924,-3.2256691830952082
5fec4264-78eb-43ed-9c3d-33b6e58a8c3f,USD,1640220377,3.1434511430207692
ec22ff9f-6f33-4055-bc53-7ee7d8b51c05,BTC,1640222671,5.823491227379867
3063533e-d3d2-46ca-91f5-6168c95c9835,BTC,1640225129,5.537926278573007
f41feb3a-a469-487a-bc9d-59a0dfd89c29,ETH,1640226564,-9.178535465290292
f41feb3a-a469-487a-bc9d-59a0dfd89c29,USD,1640230087,6.914290218831127
ec22ff9f-6f33-4055-bc53-7ee7d8b51c05,EUR,1640242013,-5.5192252779611035
e84d7bec-86b6-4f13-892c-1970e2d466bc,EUR,1640262365,-5.341189029429943
beed12b3-f39a-43dc-bee6-721a89c0a937,BTC,1640269375,6.169822615064351
a61e005c-af0a-4820-8cd1-8029218fb066,ETH,1640294340,7.585394226528205
fe3b675f-21d2-4b79-b25f-45150d0e837a,BTC,1640301366,0.9296163837800613
e2b54159-2bf7-4b89-850b-9f1c680b6bbe,USD,1640303947,6.297948878956156
9287b4ea-2911-45b2-8da7-cc3ca70cb118,BTC,1640306262,3.9726170389698634
79b2b699-e758-48a8-bc3b-379fa77bb478,EUR,1640329532,-5.738540977931992
beed12b3-f39a-43dc-bee6-721a89c0a937,USD,1640329902,-3.16724556628063
c85a849b-72dd-43a9-9b24-4815240184b4,ETH,1640336096,-1.7841733584738666
e2b54159-2bf7-4b89-850b-9f1c680b6bbe,ETH,1640345502,4.753025271187216
fe3b675f-21d2-4b79-b25f-45150d0e837a,ETH,1640357122,-8.964315606645908
3063533e-d3d2-46ca-91f5-6168c95c9835,USD,1640369364,1.8790683122604044
a61e005c-af0a-4820-8cd1-8029218fb066,EUR,1640380749,4.036469802422351
75845357-d843-4036-841a-d2e6088b72ce,BAT,1640387886,3.124305833159216
f41feb3a-a469-487a-bc9d-59a0dfd89c29,BTC,1640389071,3.856971588179025
ec22ff9f-6f33-4055-bc53-7ee7d8b51c05,USD,1640404333,3.2058335192865073
cc19a596-79eb-4ae6-92a8-6f7ff846355a,BAT,1640406906,-1.5865288910341153
e84d7bec-86b6-4f13-892c-1970e2d466bc,BAT,1640415930,5.048502367946082
5e106318-4553-4462-b510-5438b6a329e5,BTC,1640422483,3.1155553514864405
9287b4ea-2911-45b2-8da7-cc3ca70cb118,EUR,1640425229,-1.2056385620280068
75845357-d843-4036-841a-d2e6088b72ce,EUR,1640432041,9.421096774670517
a61e005c-af0a-4820-8cd1-8029218fb066,BTC,1640438363,-7.363353478427879
93becbec-6a43-428a-a1ce-6b096c956ca7,ETH,1640452072,2.3080257356129774
a75ecbba-3eb1-43a0-8c9a-863569911bc3,CAD,1640453325,-4.7690567340065115
beed12b3-f39a-43dc-bee6-721a89c0a937,EUR,1640459922,0.3350522605812891
ec22ff9f-6f33-4055-bc53-7ee7d8b51c05,EUR,1640481701,2.8258058143543625
f89443b9-1dfe-427e-b718-8846f977bf51,BTC,1640506452,7.121274386046473
e84d7bec-86b6-4f13-892c-1970e2d466bc,BAT,1640513233,-8.283603164436823
d83f6123-2f33-402e-9fb1-25a96c6d19f5,ETH,1640515512,7.271173565528606
c12908fd-8688-4926-8453-c480b5ecb48a,BTC,1640519739,-5.483258909121678
3063533e-d3d2-46ca-91f5-6168c95c9835,EUR,1640521590,9.027673299323375
3063533e-d3d2-46ca-91f5-6168c95c9835,BAT,1640528519,5.676230278678126
c5cefec7-2341-4c3e-bee1-cb30fee93bd8,USD,1640532092,-3.3745933798739403
3063533e-d3d2-46ca-91f5-6168c95c9835,ETH,1640543955,5.206739270301721
ec22ff9f-6f33-4055-bc53-7ee7d8b51c05,EUR,1640548542,9.633292661327658
a61e005c-af0a-4820-8cd1-8029218fb066,ETH,1640561584,-8.383364300037089
d137f350-8287-42e4-99aa-cd56cb77aa8f,BTC,1640565110,8.789433720927363
93becbec-6a43-428a-a1ce-6b096c956ca7,EUR,1640565544,3.3973967721330247
9287b4ea-2911-45b2-8da7-cc3ca70cb118,EUR,1640577064,1.2305240499791097
d83f6123-2f33-402e-9fb1-25a96c6d19f5,ETH,1640577678,0.8018586654552262
d1bfeb51-cf4e-43b4-af30-434bf70a7e5f,USD,1640587749,-3.495711918255342
d94aed09-3f48-4b79-ae7d-a8f2cbf69501,BTC,1640589517,-5.849166481570358
3063533e-d3d2-46ca-91f5-6168c95c9835,BTC,1640590127,-9.210045415119117
75845357-d843-4036-841a-d2e6088b72ce,USD,1640590463,0.6082703943476648
e2b54159-2bf7-4b89-850b-9f1c680b6bbe,ETH,1640599432,-5.567730228903467
9287b4ea-2911-45b2-8da7-cc3ca70cb118,CAD,1640608358,1.7828908066679094
d137f350-8287-42e4-99aa-cd56cb77aa8f,EUR,1640612076,6.184203252811354
75845357-d843-4036-841a-d2e6088b72ce,EUR,1640612493,3.9711432610210977
93becbec-6a43-428a-a1ce-6b096c956ca7,ETH,1640630467,-2.232103423524867
fe3b675f-21d2-4b79-b25f-45150d0e837a,ETH,1640631027,-2.2822842128737335
39b1b575-8789-45b1-bf90-16b30832ecc0,ETH,1640632859,-5.7692997074868995
93becbec-6a43-428a-a1ce-6b096c956ca7,BTC,1640638914,-1.2880785171806188
e2b54159-2bf7-4b89-850b-9f1c680b6bbe,BTC,1640654003,9.572632752896052
3063533e-d3d2-46ca-91f5-6168c95c9835,ETH,1640661979,-8.798542474466228
f41feb3a-a469-487a-bc9d-59a0dfd89c29,BTC,1640669199,9.203382687385702
93becbec-6a43-428a-a1ce-6b096c956ca7,ETH,1640669431,-6.487518799750176
fe3b675f-21d2-4b79-b25f-45150d0e837a,ETH,1640669802,-2.690754874377628
e2b54159-2bf7-4b89-850b-9f1c680b6bbe,ETH,1640699764,6.933056693210496
75845357-d843-4036-841a-d2e6088b72ce,USD,1640700734,4.415232390798121
e2b54159-2bf7-4b89-850b-9f1c680b6bbe,BTC,1640702078,-9.603330680790702
ec22ff9f-6f33-4055-bc53-7ee7d8b51c05,BTC,1640723801,7.053514484623513
fdaa102d-797c-4c57-a793-feb6e3aaff0d,XPR,1640740656,8.399454372777605
3063533e-d3d2-46ca-91f5-6168c95c9835,ETH,1640744619,3.9317633130868757
3063533e-d3d2-46ca-91f5-6168c95c9835,USD,1640760166,8.214369060280134
fe3b675f-21d2-4b79-b25f-45150d0e837a,BTC,1640761282,9.113277870245579
fe3b675f-21d2-4b79-b25f-45150d0e837a,ETH,1640766549,-6.6293173311880444
044ebe23-2980-4172-aa8b-f59e48b07343,BTC,1640784459,4.359376084494338
f41feb3a-a469-487a-bc9d-59a0dfd89c29,USD,1640802039,-6.924868923904541
fe3b675f-21d2-4b79-b25f-45150d0e837a,EUR,1640806758,-7.592181599058343
f41feb3a-a469-487a-bc9d-59a0dfd89c29,USD,1640809054,4.940600222553282
ec22ff9f-6f33-4055-bc53-7ee7d8b51c05,BTC,1640815805,-6.194730108867976
fe3b675f-21d2-4b79-b25f-45150d0e837a,ETH,1640820937,-1.1432816922557656
6e7c8b3b-708e-4d1f-a58d-d904d91152d7,ETH,1640824572,6.3431002934707905
3063533e-d3d2-46ca-91f5-6168c95c9835,USD,1640844347,-4.957221582460409
992286bf-16a1-43d3-a31d-642222d91603,ETH,1640870796,0.7796686785942377
e2b54159-2bf7-4b89-850b-9f1c680b6bbe,BAT,1640885034,8.480858010695677
4a6f2b89-07cb-4557-b821-5a8ea03d2f71,BTC,1640905790,-4.628979584616517
c0ad94db-d257-4e4a-84ca-b9e73442cf78,ETH,1640913677,8.66376978744443
f2bd38cb-310b-457e-8cb1-c8b5bb589288,EUR,1640913850,9.024341167030801
f1bc887e-df8c-4d6d-b633-a0432564e31a,EUR,1640916870,0.638912867901233
e84d7bec-86b6-4f13-892c-1970e2d466bc,BTC,1640923364,-7.268974252226665
beed12b3-f39a-43dc-bee6-721a89c0a937,USD,1640925655,5.386850972654491
55578bf3-84af-4f11-bf24-6be394197c26,USD,1640928627,2.2310316486503226
0615a717-29b9-4c76-826a-ece60a60f3ae,EUR,1640970803,6.934791660457957
93becbec-6a43-428a-a1ce-6b096c956ca7,XPR,1640972096,5.288065387049494
c98bc1a8-6926-4a59-83c9-09de99a905b4,BAT,1640981378,6.928644168156158
a61e005c-af0a-4820-8cd1-8029218fb066,ETH,1640986634,-0.9503510723985329
75845357-d843-4036-841a-d2e6088b72ce,USD,1640998372,9.272537167199328
3633f00d-bf93-44be-9ad2-4c7a0e1e5679,EUR,1640999313,6.3729040135552175
ec22ff9f-6f33-4055-bc53-7ee7d8b51c05,BTC,1641012124,0.798121237207333
a61e005c-af0a-4820-8cd1-8029218fb066,BTC,1641016998,5.166836373389362
beed12b3-f39a-43dc-bee6-721a89c0a937,USD,1641018468,-8.443274847377364
a61e005c-af0a-4820-8cd1-8029218fb066,USD,1641023231,-6.00980031577548
68b37b28-d244-45ab-94c4-21f57bb55a62,USD,1641027830,6.998435903334144
b61477de-b466-4b13-8a72-e80a721689ca,ETH,1641045848,8.230712427862418
6e7c8b3b-708e-4d1f-a58d-d904d91152d7,USD,1641050157,-0.5430445445680103
414e4248-1b1e-4a8e-af48-e65d6c6eef6b,EUR,1641053663,3.2667548862574165
75845357-d843-4036-841a-d2e6088b72ce,BTC,1641053732,-3.5266890496607033
75845357-d843-4036-841a-d2e6088b72ce,ETH,1641055418,4.417694626895464
beed12b3-f39a-43dc-bee6-721a89c0a937,BTC,1641062754,8.686663034055336
f41feb3a-a469-487a-bc9d-59a0dfd89c29,USD,1641079692,9.311714717967465
f41feb3a-a469-487a-bc9d-59a0dfd89c29,USD,1641086423,2.76024558722499
75845357-d843-4036-841a-d2e6088b72ce,EUR,1641089186,1.3864163277747004
fe3b675f-21d2-4b79-b25f-45150d0e837a,ETH,1641144629,-5.7101999697752355
75845357-d843-4036-841a-d2e6088b72ce,EUR,1641165173,-7.747641091382603
464298b8-8b92-463e-949b-3ba65c3b58c6,USD,1641193415,1.9541955900041064
75845357-d843-4036-841a-d2e6088b72ce,ETH,1641230532,4.317983192841943
ec22ff9f-6f33-4055-bc53-7ee7d8b51c05,USD,1641234547,1.5347421683712188
ec22ff9f-6f33-4055-bc53-7ee7d8b51c05,ETH,1641238292,-4.52333007207981
27ad712a-9148-4b34-83ec-8bae3ea4cdbf,XPR,1641242671,-4.016248463529597
5dd16e20-7875-458f-bee4-29f27dd61bbd,BTC,1641270352,-6.6976145275565475
3063533e-d3d2-46ca-91f5-6168c95c9835,BTC,1641292738,3.494277655226824
ec22ff9f-6f33-4055-bc53-7ee7d8b51c05,BTC,1641304352,0.841784083406603
beed12b3-f39a-43dc-bee6-721a89c0a937,BTC,1641349844,4.773423648650725
e2b54159-2bf7-4b89-850b-9f1c680b6bbe,BTC,1641350548,7.858789444175908
9287b4ea-2911-45b2-8da7-cc3ca70cb118,EUR,1641363723,9.400929426527696
75845357-d843-4036-841a-d2e6088b72ce,XPR,1641363747,-6.507474965106721
93becbec-6a43-428a-a1ce-6b096c956ca7,USD,1641370565,7.259923029286178
75845357-d843-4036-841a-d2e6088b72ce,USD,1641371739,-4.625066027653187
b8599949-2ffc-44c4-bc46-2e596e131c17,EUR,1641373562,6.0215372145630255
f41feb3a-a469-487a-bc9d-59a0dfd89c29,USD,1641380861,9.787281305052193
fe3b675f-21d2-4b79-b25f-45150d0e837a,EUR,1641396649,-5.533930002121257
3063533e-d3d2-46ca-91f5-6168c95c9835,USD,1641406994,2.3846702183192985
a61e005c-af0a-4820-8cd1-8029218fb066,EUR,1641432093,-3.6669877667478374
3063533e-d3d2-46ca-91f5-6168c95c9835,USD,1641436452,7.371990536080606
3063533e-d3d2-46ca-91f5-6168c95c9835,USD,1641455279,6.638543031622969
c98bc1a8-6926-4a59-83c9-09de99a905b4,USD,1641462168,3.12460161198905
ec22ff9f-6f33-4055-bc53-7ee7d8b51c05,USD,1641468042,7.71870676741791
f41feb3a-a469-487a-bc9d-59a0dfd89c29,XPR,1641474013,-7.432812650594927
464298b8-8b92-463e-949b-3ba65c3b58c6,EUR,1641474134,1.2965350921683694
945d4c4d-4281-4ff9-a6fe-de9dfd858f72,BTC,1641488673,2.4255846050148815
1e6d232e-11f4-4cd6-9eb4-020af5d6a1fb,CAD,1641503617,5.320229335353126
a61e005c-af0a-4820-8cd1-8029218fb066,BTC,1641513534,-2.8885201380456094
1e6d232e-11f4-4cd6-9eb4-020af5d6a1fb,BTC,1641537998,0.9177972863792156
d83f6123-2f33-402e-9fb1-25a96c6d19f5,BTC,1641568583,6.235333486240485
9287b4ea-2911-45b2-8da7-cc3ca70cb118,ETH,1641576300,-7.503599301303763
beed12b3-f39a-43dc-bee6-721a89c0a937,EUR,1641594931,-9.565426228253646
f41feb3a-a469-487a-bc9d-59a0dfd89c29,BTC,1641606893,6.498456100135353
ec22ff9f-6f33-4055-bc53-7ee7d8b51c05,USD,1641629083,2.9060292097420373
a61e005c-af0a-4820-8cd1-8029218fb066,ETH,1641633630,-1.2055559828173639
5a623012-bb14-4bc5-977a-8d57033a1342,USD,1641642169,8.673216739326634
fe3b675f-21d2-4b79-b25f-45150d0e837a,ETH,1641654111,-4.523031290178698
93becbec-6a43-428a-a1ce-6b096c956ca7,ETH,1641657771,-5.285778754550837
d216d37c-df5d-4c8d-a79d-8cb1f7dbc0f7,EUR,1641661764,8.470470943450866
3063533e-d3d2-46ca-91f5-6168c95c9835,EUR,1641670232,9.037676777884322
e2b54159-2bf7-4b89-850b-9f1c680b6bbe,BTC,1641671173,1.533274213786079
c12908fd-8688-4926-8453-c480b5ecb48a,XPR,1641679552,1.6649826881858214
5fec4264-78eb-43ed-9c3d-33b6e58a8c3f,EUR,1641689342,-1.381385687577632
b8599949-2ffc-44c4-bc46-2e596e131c17,BTC,1641694221,-0.5836216652701225
fe3b675f-21d2-4b79-b25f-45150d0e837a,BTC,1641703749,2.9188055115070917
01f5b699-535e-415c-af84-446e5c00385e,ETH,1641711431,6.865456514889505
e2b54159-2bf7-4b89-850b-9f1c680b6bbe,USD,1641722242,-7.9462755236553235
93becbec-6a43-428a-a1ce-6b096c956ca7,CAD,1641758696,3.749773256675846
ec22ff9f-6f33-4055-bc53-7ee7d8b51c05,BTC,1641787105,1.3173995496860709
a02bd628-3dc5-46ba-98eb-42abbce82ad3,USD,1641787550,9.05839399503558
ec22ff9f-6f33-4055-bc53-7ee7d8b51c05,BAT,1641791816,-3.5516388698228862
75845357-d843-4036-841a-d2e6088b72ce,EUR,1641797584,1.75809083209227
9287b4ea-2911-45b2-8da7-cc3ca70cb118,USD,1641806357,-6.25323958926902
fe3b675f-21d2-4b79-b25f-45150d0e837a,CAD,1641808857,7.9631418428497724
9287b4ea-2911-45b2-8da7-cc3ca70cb118,USD,1641831926,-5.530126523061534
ec22ff9f-6f33-4055-bc53-7ee7d8b51c05,BAT,1641840694,4.585271413662397
e2b54159-2bf7-4b89-850b-9f1c680b6bbe,ETH,1641845398,-7.405151573460273
197e14d9-700c-4d53-8b6e-f2c45d2bfac9,ETH,1641848607,-8.260401417652277
fe3b675f-21d2-4b79-b25f-45150d0e837a,EUR,1641878081,-6.451503141129966
beed12b3-f39a-43dc-bee6-721a89c0a937,EUR,1641934247,6.355147081113522
93becbec-6a43-428a-a1ce-6b096c956ca7,USD,1641964282,1.5280932699384824
9287b4ea-2911-45b2-8da7-cc3ca70cb118,BTC,1641995654,-2.4353108287859193
a61e005c-af0a-4820-8cd1-8029218fb066,BAT,1642007802,-3.9021189758055597
93becbec-6a43-428a-a1ce-6b096c956ca7,USD,1642013914,-7.177269086820615
a61e005c-af0a-4820-8cd1-8029218fb066,CAD,1642018042,4.567484883612456
034f584c-d4fd-4260-8611-c3423745f933,BTC,1642025112,5.117662630338973
414e4248-1b1e-4a8e-af48-e65d6c6eef6b,USD,1642028614,-9.280042669766488
93becbec-6a43-428a-a1ce-6b096c956ca7,USD,1642048689,1.5500603921189366
93becbec-6a43-428a-a1ce-6b096c956ca7,ETH,1642049128,-1.779191003113569
fa3e5601-04c5-4918-9c31-0d02d5ed3431,BTC,1642051238,7.038216242896464
75845357-d843-4036-841a-d2e6088b72ce,USD,1642065203,6.031459444344662
5b1caf3b-c40b-419f-b819-86b258ae3a18,ETH,1642068111,7.005808098545948
3caf1a3a-46cf-4c91-b352-9ea9f0c571ec,EUR,1642079747,-9.09152053856487
55578bf3-84af-4f11-bf24-6be394197c26,EUR,1642086129,-4.288887579366129
a61e005c-af0a-4820-8cd1-8029218fb066,EUR,1642095048,7.015824815222228
beed12b3-f39a-43dc-bee6-721a89c0a937,XPR,1642096797,7.929173326594398
79b2b699-e758-48a8-bc3b-379fa77bb478,EUR,1642098252,0.2588033579539939
5d47c0f3-920d-49f5-b9b3-5afeca5ece24,BTC,1642102932,-2.776674649875135
75845357-d843-4036-841a-d2e6088b72ce,BTC,1642137185,3.6624546923347303
75845357-d843-4036-841a-d2e6088b72ce,EUR,1642138699,-2.7462321099699576
e2b54159-2bf7-4b89-850b-9f1c680b6bbe,USD,1642148633,5.910304107419774
5e106318-4553-4462-b510-5438b6a329e5,USD,1642148882,6.393117365152083
f89443b9-1dfe-427e-b718-8846f977bf51,BTC,1642154188,7.878097899207848
5e106318-4553-4462-b510-5438b6a329e5,EUR,1642179066,-8.739212712329746
a947e704-dbd7-430b-adf4-7039824b8d63,USD,1642185366,-7.214099303940403
a61e005c-af0a-4820-8cd1-8029218fb066,ETH,1642195368,-1.6081027358017757
a29da963-12ff-433b-9872-cf9533a3f170,EUR,1642215958,-7.758113777551494
93becbec-6a43-428a-a1ce-6b096c956ca7,USD,1642234065,-2.5630251661835253
a61e005c-af0a-4820-8cd1-8029218fb066,BTC,1642239255,8.410482713150493
9287b4ea-2911-45b2-8da7-cc3ca70cb118,USD,1642240639,-3.026865443758351
ec22ff9f-6f33-4055-bc53-7ee7d8b51c05,BTC,1642243232,-2.9683516946580246
9287b4ea-2911-45b2-8da7-cc3ca70cb118,ETH,1642258782,0.07524159148962895
c12908fd-8688-4926-8453-c480b5ecb48a,EUR,1642278671,-8.577533362614538
93becbec-6a43-428a-a1ce-6b096c956ca7,USD,1642282490,-1.2504451747099203
3063533e-d3d2-46ca-91f5-6168c95c9835,BTC,1642289224,-8.935386807609426
335809b4-e5f6-4eeb-872d-539052a9546d,EUR,1642310157,-8.776623861800255
75845357-d843-4036-841a-d2e6088b72ce,EUR,1642319871,-6.4497954465477925
9287b4ea-2911-45b2-8da7-cc3ca70cb118,ETH,1642321964,-8.162552855958323
e2b54159-2bf7-4b89-850b-9f1c680b6bbe,BTC,1642328798,-3.125949693760841
c98bc1a8-6926-4a59-83c9-09de99a905b4,BTC,1642329359,1.0378151154164765
89e5edba-3eef-4514-856a-287526ae50fa,BAT,1642368200,8.145725236763365
fe3b675f-21d2-4b79-b25f-45150d0e837a,BAT,1642378089,4.348050497620353
a61e005c-af0a-4820-8cd1-8029218fb066,BTC,1642385736,4.790153757824331
99c17ee8-9189-4682-8f4d-a3e22a59e12f,EUR,1642389134,-5.101512060464692
3caf1a3a-46cf-4c91-b352-9ea9f0c571ec,BTC,1642414782,-9.519675581564066
cc19a596-79eb-4ae6-92a8-6f7ff846355a,ETH,1642433622,7.578384545124312
c5cefec7-2341-4c3e-bee1-cb30fee93bd8,BTC,1642446643,5.412818891762061
beed12b3-f39a-43dc-bee6-721a89c0a937,BTC,1642449237,-6.225599115540357
d94aed09-3f48-4b79-ae7d-a8f2cbf69501,ETH,1642455538,4.741006792063299
75845357-d843-4036-841a-d2e6088b72ce,EUR,1642468944,-2.915406168047059
f41feb3a-a469-487a-bc9d-59a0dfd89c29,ETH,1642496778,-8.106211672263612
9287b4ea-2911-45b2-8da7-cc3ca70cb118,USD,1642505152,6.861516200590671
a61e005c-af0a-4820-8cd1-8029218fb066,ETH,1642508802,2.6091287493441477
beed12b3-f39a-43dc-bee6-721a89c0a937,EUR,1642558640,-7.601817662207666
934357bf-b14a-4da8-8b0c-ed0c28540389,USD,1642568330,0.4837556623997976
259c4a32-9c8f-474a-9f8b-3a9ded89e9b3,CAD,1642570288,-6.242929225308462
4a6f2b89-07cb-4557-b821-5a8ea03d2f71,ETH,1642576572,-7.975920759929611
93becbec-6a43-428a-a1ce-6b096c956ca7,ETH,1642578895,0.23053571280870777
ec22ff9f-6f33-4055-bc53-7ee7d8b51c05,EUR,1642580260,4.828007595836317
75845357-d843-4036-841a-d2e6088b72ce,BTC,1642594871,3.2324041208521095
ec22ff9f-6f33-4055-bc53-7ee7d8b51c05,ETH,1642595893,3.9501680664755945
f41feb3a-a469-487a-bc9d-59a0dfd89c29,EUR,1642604591,-9.998610605785043
f41feb3a-a469-487a-bc9d-59a0dfd89c29,BTC,1642610611,4.367406263893695
e2b54159-2bf7-4b89-850b-9f1c680b6bbe,USD,1642643230,4.553891434904129
934357bf-b14a-4da8-8b0c-ed0c28540389,USD,1642645965,-9.36759481693972
4a6f2b89-07cb-4557-b821-5a8ea03d2f71,BTC,1642649023,-8.244168010332329
93becbec-6a43-428a-a1ce-6b096c956ca7,BTC,1642662072,-7.627875385840879
78db312b-071d-41d4-8ed6-d46411f44aa4,USD,1642672244,-6.365568226612033
fe3b675f-21d2-4b79-b25f-45150d0e837a,USD,1642674269,2.8402206144240623
fe3b675f-21d2-4b79-b25f-45150d0e837a,USD,1642686846,2.1107726250589103
fe3b675f-21d2-4b79-b25f-45150d0e837a,ETH,1642690532,-4.752160096793736
e2b54159-2bf7-4b89-850b-9f1c680b6bbe,BTC,1642691553,9.166464150855582
e2b54159-2bf7-4b89-850b-9f1c680b6bbe,ETH,1642696306,-6.744206337123677
4a6f2b89-07cb-4557-b821-5a8ea03d2f71,USD,1642713301,2.7410562075970226
e3b2edbd-dff0-40c2-bfa2-20dfa632954e,BAT,1642718135,-5.06881738907987
fe3b675f-21d2-4b79-b25f-45150d0e837a,EUR,1642737126,0.4396747602346629
259c4a32-9c8f-474a-9f8b-3a9ded89e9b3,USD,1642752026,9.338369216642036
beed12b3-f39a-43dc-bee6-721a89c0a937,USD,1642759166,1.858546049146847
75845357-d843-4036-841a-d2e6088b72ce,USD,1642795326,-8.369781734030816
beed12b3-f39a-43dc-bee6-721a89c0a937,BAT,1642803987,-2.8948863165146665
c5cefec7-2341-4c3e-bee1-cb30fee93bd8,EUR,1642805469,5.817409715643505
fe3b675f-21d2-4b79-b25f-45150d0e837a,USD,1642906427,2.3219592837260787
a61e005c-af0a-4820-8cd1-8029218fb066,EUR,1642907385,6.681250431087399
3063533e-d3d2-46ca-91f5-6168c95c9835,USD,1642972361,5.995983797705289
beed12b3-f39a-43dc-bee6-721a89c0a937,EUR,1642975301,-7.6034770466824035
f89443b9-1dfe-427e-b718-8846f977bf51,ETH,1642981621,-0.943209272760523
3063533e-d3d2-46ca-91f5-6168c95c9835,CAD,1642985056,3.977254440236047
75845357-d843-4036-841a-d2e6088b72ce,USD,1642991202,-8.345882038411121
93becbec-6a43-428a-a1ce-6b096c956ca7,USD,1643005246,7.513940787878916
fdaa102d-797c-4c57-a793-feb6e3aaff0d,USD,1643005846,0.42591781759836067
51caadde-8903-4316-8c98-507aedfe306a,ETH,1643009025,-5.107601381295936
06864593-c803-470c-a6cc-acbbed53c0cb,ETH,1643039339,-3.5924721227496814
fe3b675f-21d2-4b79-b25f-45150d0e837a,BTC,1643041298,7.670426067856951
f41feb3a-a469-487a-bc9d-59a0dfd89c29,ETH,1643047537,3.609101012909818
fe3b675f-21d2-4b79-b25f-45150d0e837a,ETH,1643049444,-1.4245857238986819
9287b4ea-2911-45b2-8da7-cc3ca70cb118,USD,1643066074,-8.30010565893311
a61e005c-af0a-4820-8cd1-8029218fb066,ETH,1643078276,-5.634865021342623
beed12b3-f39a-43dc-bee6-721a89c0a937,EUR,1643083421,0.09405798067880333
ec22ff9f-6f33-4055-bc53-7ee7d8b51c05,ETH,1643088993,-8.8522699780568
b8599949-2ffc-44c4-bc46-2e596e131c17,BTC,1643097715,-5.925394052588782
e2b54159-2bf7-4b89-850b-9f1c680b6bbe,BTC,1643109246,-2.2426048535645453
f41feb3a-a469-487a-bc9d-59a0dfd89c29,EUR,1643111283,4.881610075885492
75845357-d843-4036-841a-d2e6088b72ce,ETH,1643113287,4.4645973568382065
a947e704-dbd7-430b-adf4-7039824b8d63,ETH,1643113651,0.17640498843607944
75845357-d843-4036-841a-d2e6088b72ce,BTC,1643114492,-9.65870147822786
a947e704-dbd7-430b-adf4-7039824b8d63,EUR,1643133650,-6.6549265466237095
cc19a596-79eb-4ae6-92a8-6f7ff846355a,USD,1643165268,-1.1447140578610178
d1bfeb51-cf4e-43b4-af30-434bf70a7e5f,BTC,1643165859,8.605081203952029
a61e005c-af0a-4820-8cd1-8029218fb066,ETH,1643165885,-6.539788490936951
9b889da5-cd5e-4fea-9680-e4aef39193ad,USD,1643168837,-0.4532693562329051
93becbec-6a43-428a-a1ce-6b096c956ca7,ETH,1643172096,2.237266916648453
a61e005c-af0a-4820-8cd1-8029218fb066,ETH,1643194592,8.567469167495556
ab77e7b3-19cf-4680-a47f-28b90448335c,BAT,1643197315,6.860069808514915
75845357-d843-4036-841a-d2e6088b72ce,BAT,1643200737,-1.8904195442484362
ec22ff9f-6f33-4055-bc53-7ee7d8b51c05,BTC,1643205350,-0.8291061765751202
f30a7fba-468c-4b04-aac4-8cf836652573,BAT,1643208892,-9.145928109788354
a61e005c-af0a-4820-8cd1-8029218fb066,BTC,1643216122,-5.8607372653941
f41feb3a-a469-487a-bc9d-59a0dfd89c29,BTC,1643226637,-0.9911939859898915
9b889da5-cd5e-4fea-9680-e4aef39193ad,BTC,1643242561,9.99834972542207
beed12b3-f39a-43dc-bee6-721a89c0a937,USD,1643243102,5.040321944699567
414e4248-1b1e-4a8e-af48-e65d6c6eef6b,BTC,1643254313,-2.6340109303670385
fe3b675f-21d2-4b79-b25f-45150d0e837a,EUR,1643272059,-7.2885866236588415
3633f00d-bf93-44be-9ad2-4c7a0e1e5679,ETH,1643272110,-6.9561917194304
beed12b3-f39a-43dc-bee6-721a89c0a937,BTC,1643287350,4.254905800111866
3063533e-d3d2-46ca-91f5-6168c95c9835,XPR,1643289607,9.800741147776534
034f584c-d4fd-4260-8611-c3423745f933,ETH,1643291500,1.6664073482557225
75845357-d843-4036-841a-d2e6088b72ce,BTC,1643306237,-8.928705977206338
93becbec-6a43-428a-a1ce-6b096c956ca7,EUR,1643317137,0.6624777660531205
f41feb3a-a469-487a-bc9d-59a0dfd89c29,USD,1643329443,-3.558330623138131
e2b54159-2bf7-4b89-850b-9f1c680b6bbe,ETH,1643345740,2.2732816371682762
beed12b3-f39a-43dc-bee6-721a89c0a937,BTC,1643348770,7.77818761154402
9287b4ea-2911-45b2-8da7-cc3ca70cb118,ETH,1643352452,7.296911061753345
e2b54159-2bf7-4b89-850b-9f1c680b6bbe,ETH,1643356469,7.875946451371572
beed12b3-f39a-43dc-bee6-721a89c0a937,USD,1643376052,-6.114492496876429
51caadde-8903-4316-8c98-507aedfe306a,USD,1643385352,2.5786978372131486
beed12b3-f39a-43dc-bee6-721a89c0a937,BTC,1643397453,6.355640012791657
93becbec-6a43-428a-a1ce-6b096c956ca7,EUR,1643402580,3.9389145919105886
ec22ff9f-6f33-4055-bc53-7ee7d8b51c05,BAT,1643402600,-3.174641667116049
3063533e-d3d2-46ca-91f5-6168c95c9835,EUR,1643416275,-0.4786773335021053
197e14d9-700c-4d53-8b6e-f2c45d2bfac9,ETH,1643427668,0.24710012986285435
f41feb3a-a469-487a-bc9d-59a0dfd89c29,BTC,1643439374,4.557773641454784
92934d8d-a4cc-456f-97ca-c77f528c6bda,USD,1643441828,6.718355991407531
93becbec-6a43-428a-a1ce-6b096c956ca7,ETH,1643442403,1.8189095795787757
beed12b3-f39a-43dc-bee6-721a89c0a937,ETH,1643442482,-2.7074156591841447
ec22ff9f-6f33-4055-bc53-7ee7d8b51c05,BTC,1643466309,4.23087597563951
75845357-d843-4036-841a-d2e6088b72ce,BTC,1643478760,6.705070266137902
d216d37c-df5d-4c8d-a79d-8cb1f7dbc0f7,BTC,1643497910,-2.728849766531731
75845357-d843-4036-841a-d2e6088b72ce,BAT,1643521072,0.4403708310232908
3063533e-d3d2-46ca-91f5-6168c95c9835,ETH,1643524904,-9.955683003717581
f41feb3a-a469-487a-bc9d-59a0dfd89c29,ETH,1643532064,3.684876159983821
beed12b3-f39a-43dc-bee6-721a89c0a937,BTC,1643536071,-4.689661305398003
93becbec-6a43-428a-a1ce-6b096c956ca7,USD,1643537701,-4.686944960373449
a29da963-12ff-433b-9872-cf9533a3f170,USD,1643550687,0.9689359920912199
beed12b3-f39a-43dc-bee6-721a89c0a937,BTC,1643573053,-4.983252798672153
fa3e5601-04c5-4918-9c31-0d02d5ed3431,EUR,1643577958,-6.689462650403306
c0ad94db-d257-4e4a-84ca-b9e73442cf78,EUR,1643581520,5.213954185155005
75845357-d843-4036-841a-d2e6088b72ce,ETH,1643595336,8.735991778215787
d83f6123-2f33-402e-9fb1-25a96c6d19f5,XPR,1643596037,-9.45685233901872
75845357-d843-4036-841a-d2e6088b72ce,BTC,1643604286,6.287985976390061
934357bf-b14a-4da8-8b0c-ed0c28540389,EUR,1643613707,8.48991579390848
3063533e-d3d2-46ca-91f5-6168c95c9835,USD,1643629702,-9.127773130131331
a61e005c-af0a-4820-8cd1-8029218fb066,ETH,1643644467,1.53485934484031
5fec4264-78eb-43ed-9c3d-33b6e58a8c3f,ETH,1643648136,1.2825668231041814
3063533e-d3d2-46ca-91f5-6168c95c9835,USD,1643658521,9.134835082484273
e2b54159-2bf7-4b89-850b-9f1c680b6bbe,ETH,1643660313,-7.131859516608589
a29da963-12ff-433b-9872-cf9533a3f170,USD,1643675862,-2.222881452201733
ec22ff9f-6f33-4055-bc53-7ee7d8b51c05,ETH,1643684397,-7.44752165493801
e2b54159-2bf7-4b89-850b-9f1c680b6bbe,BAT,1643690369,2.4829461641221595
fe3b675f-21d2-4b79-b25f-45150d0e837a,USD,1643701280,-0.6448466035775109
9b889da5-cd5e-4fea-9680-e4aef39193ad,ETH,1643707326,8.177168298768038
ec22ff9f-6f33-4055-bc53-7ee7d8b51c05,ETH,1643728987,2.002610174240191
992286bf-16a1-43d3-a31d-642222d91603,USD,1643732670,-5.557239957077684
d1bfeb51-cf4e-43b4-af30-434bf70a7e5f,USD,1643737380,6.268789475800826
3063533e-d3d2-46ca-91f5-6168c95c9835,ETH,1643749208,-2.1684676153216316
a61e005c-af0a-4820-8cd1-8029218fb066,BTC,1643750007,-5.692002260002478
f41feb3a-a469-487a-bc9d-59a0dfd89c29,USD,1643829093,-5.052975559309889
a61e005c-af0a-4820-8cd1-8029218fb066,ETH,1643839927,3.6460591586461994
4a6f2b89-07cb-4557-b821-5a8ea03d2f71,EUR,1643879772,7.878520438202948
93becbec-6a43-428a-a1ce-6b096c956ca7,EUR,1643882916,5.9431810635932685
e2b54159-2bf7-4b89-850b-9f1c680b6bbe,ETH,1643894543,-5.244375700881607
e2b54159-2bf7-4b89-850b-9f1c680b6bbe,ETH,1643903228,6.855384214239066
e2b54159-2bf7-4b89-850b-9f1c680b6bbe,BTC,1643913275,-5.615604907147893
ab77e7b3-19cf-4680-a47f-28b90448335c,BTC,1643935368,3.079874112352922
e2b54159-2bf7-4b89-850b-9f1c680b6bbe,ETH,1643940482,9.018258593549866
75845357-d843-4036-841a-d2e6088b72ce,USD,1643944496,0.9888234465753971
3063533e-d3d2-46ca-91f5-6168c95c9835,EUR,1643946731,-6.791849561998857
ec22ff9f-6f33-4055-bc53-7ee7d8b51c05,BTC,1643953835,6.547033842868327
93becbec-6a43-428a-a1ce-6b096c956ca7,BTC,1643955799,-1.7633004681960767
beed12b3-f39a-43dc-bee6-721a89c0a937,BTC,1643970703,-5.277790751405826
9287b4ea-2911-45b2-8da7-cc3ca70cb118,BTC,1644003503,-5.19416676453186
ec22ff9f-6f33-4055-bc53-7ee7d8b51c05,XPR,1644011817,2.3414401572961694
f30a7fba-468c-4b04-aac4-8cf836652573,EUR,1644022427,6.239651422565242
a61e005c-af0a-4820-8cd1-8029218fb066,USD,1644045240,-1.32896302066424
f41feb3a-a469-487a-bc9d-59a0dfd89c29,ETH,1644062238,-7.121402564478192
3063533e-d3d2-46ca-91f5-6168c95c9835,EUR,1644064672,-5.608219474261404
75845357-d843-4036-841a-d2e6088b72ce,EUR,1644071113,-0.8003632952732644
78db312b-071d-41d4-8ed6-d46411f44aa4,BTC,1644076839,3.8119406609198236
fe3b675f-21d2-4b79-b25f-45150d0e837a,EUR,1644091115,-5.621485627337561
5b8e58a5-9b9f-4f1b-969f-21dbee72f0bb,CAD,1644093386,2.436018047113656
3063533e-d3d2-46ca-91f5-6168c95c9835,ETH,1644094345,-8.933440938602004
e84d7bec-86b6-4f13-892c-1970e2d466bc,USD,1644099385,-3.0449549945127234
75845357-d843-4036-841a-d2e6088b72ce,ETH,1644132891,-1.9005640851901067
93becbec-6a43-428a-a1ce-6b096c956ca7,ETH,1644138378,0.6934726967729699
fe3b675f-21d2-4b79-b25f-45150d0e837a,EUR,1644139147,9.143377210459274
beed12b3-f39a-43dc-bee6-721a89c0a937,BTC,1644140484,0.8013287161237486
a61e005c-af0a-4820-8cd1-8029218fb066,EUR,1644162323,-6.5496815858682345
9287b4ea-2911-45b2-8da7-cc3ca70cb118,XPR,1644179769,8.045154965625883
75845357-d843-4036-841a-d2e6088b72ce,USD,1644201021,-8.332503550961508
c85a849b-72dd-43a9-9b24-4815240184b4,CAD,1644210959,4.1172893320277275
a61e005c-af0a-4820-8cd1-8029218fb066,XPR,1644211702,-7.0421678696876615
f41feb3a-a469-487a-bc9d-59a0dfd89c29,XPR,1644214554,9.770314764782718
93becbec-6a43-428a-a1ce-6b096c956ca7,ETH,1644239093,-2.0136986581911547
3063533e-d3d2-46ca-91f5-6168c95c9835,USD,1644271535,9.41371475414147
a61e005c-af0a-4820-8cd1-8029218fb066,ETH,1644271872,6.361231207294505
fe3b675f-21d2-4b79-b25f-45150d0e837a,EUR,1644304380,2.0240907742830423
1c624660-7fbd-43a5-b791-c997b810db49,USD,1644319013,7.3835143072282605
0640659b-bfbc-414c-8e89-4c316287a8dd,ETH,1644319475,-0.20633400624807763
a61e005c-af0a-4820-8cd1-8029218fb066,USD,1644325479,1.2085707961338308
a61e005c-af0a-4820-8cd1-8029218fb066,ETH,1644330872,-6.703287694823333
93becbec-6a43-428a-a1ce-6b096c956ca7,USD,1644335466,8.258855567864227
992286bf-16a1-43d3-a31d-642222d91603,EUR,1644349501,-9.743579586974931
ab77e7b3-19cf-4680-a47f-28b90448335c,XPR,1644359877,-2.2955439755680658
e64722ab-ac45-4631-80ac-c45da5ff8c01,ETH,1644369021,0.06569990486194932
c5cefec7-2341-4c3e-bee1-cb30fee93bd8,BTC,1644375346,-8.011968061880149
6044e2ef-8425-487c-b8bf-b88a87cc43f9,BTC,1644378219,-5.1845983221475205
fe2f78e2-7054-4eba-ad62-6c2164a7e3e3,EUR,1644389495,-3.036034289641945
e2b54159-2bf7-4b89-850b-9f1c680b6bbe,EUR,1644405361,4.65463623380125
06864593-c803-470c-a6cc-acbbed53c0cb,ETH,1644425442,4.4795218324898585
75845357-d843-4036-841a-d2e6088b72ce,ETH,1644431728,-2.67675627421875
5fec4264-78eb-43ed-9c3d-33b6e58a8c3f,EUR,1644458674,1.6457487644526871
e2b54159-2bf7-4b89-850b-9f1c680b6bbe,BTC,1644463395,-9.87708431150585
25382ae7-1c6c-4b32-a120-7717c6f4080a,BTC,1644465999,0.8871148849654062
93becbec-6a43-428a-a1ce-6b096c956ca7,BTC,1644467078,-3.879039570261467
5a623012-bb14-4bc5-977a-8d57033a1342,EUR,1644469405,9.075917402581048
9287b4ea-2911-45b2-8da7-cc3ca70cb118,ETH,1644472783,8.374485609393087
d83f6123-2f33-402e-9fb1-25a96c6d19f5,CAD,1644474743,9.488017667984543
75845357-d843-4036-841a-d2e6088b72ce,BTC,1644480405,5.065548673823784
e2b54159-2bf7-4b89-850b-9f1c680b6bbe,ETH,1644493243,6.425264598114797
75845357-d843-4036-841a-d2e6088b72ce,BTC,1644498265,-1.1771286378551942
75845357-d843-4036-841a-d2e6088b72ce,EUR,1644553340,-4.183842022999091
fe3b675f-21d2-4b79-b25f-45150d0e837a,USD,1644558400,0.017497882686685173
f41feb3a-a469-487a-bc9d-59a0dfd89c29,USD,1644598315,-7.031683548368237
9287b4ea-2911-45b2-8da7-cc3ca70cb118,BTC,1644599209,-1.1490437816573174
51caadde-8903-4316-8c98-507aedfe306a,ETH,1644603864,0.33809462227569576
93becbec-6a43-428a-a1ce-6b096c956ca7,USD,1644622306,7.770560896686934
beed12b3-f39a-43dc-bee6-721a89c0a937,EUR,1644624768,-9.363368728667885
a61e005c-af0a-4820-8cd1-8029218fb066,EUR,1644625515,-4.325842041002488
d216d37c-df5d-4c8d-a79d-8cb1f7dbc0f7,ETH,1644636640,6.957213379262473
d858e131-0a18-45b3-92a5-77467ce513a5,BTC,1644639924,9.432949173498383
75845357-d843-4036-841a-d2e6088b72ce,ETH,1644641655,2.3228176319631793
f41feb3a-a469-487a-bc9d-59a0dfd89c29,BTC,1644646913,-8.047652528523113
39b1b575-8789-45b1-bf90-16b30832ecc0,ETH,1644658493,4.116505528772024
9287b4ea-2911-45b2-8da7-cc3ca70cb118,EUR,1644675806,-9.896664368081087
3633f00d-bf93-44be-9ad2-4c7a0e1e5679,EUR,1644700333,7.288154585089103
93becbec-6a43-428a-a1ce-6b096c956ca7,CAD,1644732946,8.968996540969044
9287b4ea-2911-45b2-8da7-cc3ca70cb118,ETH,1644744857,0.9591908424534257
55578bf3-84af-4f11-bf24-6be394197c26,EUR,1644746570,3.674431210042064
df2392b6-0dd6-4e24-82fb-b0a403615b06,USD,1644747776,5.8181499852046485
fe3b675f-21d2-4b79-b25f-45150d0e837a,EUR,1644753961,-0.08702159252980834
75845357-d843-4036-841a-d2e6088b72ce,USD,1644755171,7.025850019769621
934357bf-b14a-4da8-8b0c-ed0c28540389,EUR,1644798591,-4.89465480217768
e2b54159-2bf7-4b89-850b-9f1c680b6bbe,EUR,1644821197,6.541467852109186
75845357-d843-4036-841a-d2e6088b72ce,EUR,1644824684,7.9390022539448
d83f6123-2f33-402e-9fb1-25a96c6d19f5,ETH,1644825734,0.4462015084048492
25382ae7-1c6c-4b32-a120-7717c6f4080a,USD,1644828165,-7.762638479134097
cb1a5abb-9cf9-4e37-91ab-83d3959b1277,ETH,1644853926,-8.278028432072347
7c615c0c-a984-410a-bbe4-7f9b06d717f8,EUR,1644886506,6.745452508930438
960aed32-ddad-4784-a770-74fc1ff0da8d,EUR,1644927986,-1.6003151212804223
fe3b675f-21d2-4b79-b25f-45150d0e837a,ETH,1644935685,-6.821243243540531
b61477de-b466-4b13-8a72-e80a721689ca,USD,1644941121,-9.940474289631851
6e7c8b3b-708e-4d1f-a58d-d904d91152d7,BTC,1644948664,-9.835233205986887
e2b54159-2bf7-4b89-850b-9f1c680b6bbe,BTC,1644961307,0.6182823314971664
fe3b675f-21d2-4b79-b25f-45150d0e837a,EUR,1644975553,6.430451842890033
5fec4264-78eb-43ed-9c3d-33b6e58a8c3f,CAD,1645000731,5.420166541862857
e2b54159-2bf7-4b89-850b-9f1c680b6bbe,BTC,1645009064,-2.780064720890234
3063533e-d3d2-46ca-91f5-6168c95c9835,USD,1645014214,-2.0948571748536438
fe3b675f-21d2-4b79-b25f-45150d0e837a,BTC,1645036297,-1.6205705290897843
f41feb3a-a469-487a-bc9d-59a0dfd89c29,ETH,1645046371,1.2282339479408382
fe3b675f-21d2-4b79-b25f-45150d0e837a,CAD,1645054182,0.08097429017160884
a61e005c-af0a-4820-8cd1-8029218fb066,EUR,1645069308,2.5756005676601603
e2b54159-2bf7-4b89-850b-9f1c680b6bbe,BTC,1645079446,-8.366275414294474
034f584c-d4fd-4260-8611-c3423745f933,BTC,1645093415,7.737853741753987
3063533e-d3d2-46ca-91f5-6168c95c9835,USD,1645129728,5.561855754652843
93becbec-6a43-428a-a1ce-6b096c956ca7,ETH,1645132680,-6.443596584069873
f41feb3a-a469-487a-bc9d-59a0dfd89c29,EUR,1645132684,-0.8092178912305883
044ebe23-2980-4172-aa8b-f59e48b07343,USD,1645138095,8.81874245623414
ec22ff9f-6f33-4055-bc53-7ee7d8b51c05,EUR,1645152834,4.087974584386675
3063533e-d3d2-46ca-91f5-6168c95c9835,USD,1645153562,-6.0126524726261055
a947e704-dbd7-430b-adf4-7039824b8d63,XPR,1645177533,-5.377024822208645
9b2e8458-726f-42d9-97cb-5e66de168da5,ETH,1645185498,5.894571076505532
ec22ff9f-6f33-4055-bc53-7ee7d8b51c05,EUR,1645191929,7.451856789052176
414e4248-1b1e-4a8e-af48-e65d6c6eef6b,BTC,1645192914,7.471525533099218
f41feb3a-a469-487a-bc9d-59a0dfd89c29,USD,1645202589,-4.651723576995277
beed12b3-f39a-43dc-bee6-721a89c0a937,BAT,1645233009,5.320460696279849
a61e005c-af0a-4820-8cd1-8029218fb066,BAT,1645237104,-7.46655775784771
fe3b675f-21d2-4b79-b25f-45150d0e837a,BAT,1645253284,4.1362410607351165
fe3b675f-21d2-4b79-b25f-45150d0e837a,EUR,1645255985,8.389641865860913
3063533e-d3d2-46ca-91f5-6168c95c9835,BTC,1645304206,5.07074997817856
f41feb3a-a469-487a-bc9d-59a0dfd89c29,ETH,1645329517,-0.8099976605514634
e2b54159-2bf7-4b89-850b-9f1c680b6bbe,ETH,1645338211,-1.094321303705721
f1010a49-5aa3-477c-bb16-4d5aebb637c0,USD,1645370342,9.349320364524491
ec22ff9f-6f33-4055-bc53-7ee7d8b51c05,BTC,1645378078,-0.17447114793175444
ec22ff9f-6f33-4055-bc53-7ee7d8b51c05,BTC,1645381426,-1.8095058173288887
259c4a32-9c8f-474a-9f8b-3a9ded89e9b3,EUR,1645393040,9.030699534481709
75845357-d843-4036-841a-d2e6088b72ce,BAT,1645408745,1.348213328885402
c85a849b-72dd-43a9-9b24-4815240184b4,EUR,1645427445,5.081679122895951
0640659b-bfbc-414c-8e89-4c316287a8dd,ETH,1645428902,3.4182321529035082
beed12b3-f39a-43dc-bee6-721a89c0a937,BTC,1645435673,6.636363700519471
a61e005c-af0a-4820-8cd1-8029218fb066,USD,1645437556,-5.029234375244133
beed12b3-f39a-43dc-bee6-721a89c0a937,USD,1645447903,-8.671762726611107
5e106318-4553-4462-b510-5438b6a329e5,EUR,1645452116,-7.591348138998009
e2b54159-2bf7-4b89-850b-9f1c680b6bbe,XPR,1645454736,-9.993895270605218
a61e005c-af0a-4820-8cd1-8029218fb066,EUR,1645463495,0.15650532014802465
945d4c4d-4281-4ff9-a6fe-de9dfd858f72,USD,1645474293,1.2181381298079668
beed12b3-f39a-43dc-bee6-721a89c0a937,ETH,1645475988,3.144653268260843
ec22ff9f-6f33-4055-bc53-7ee7d8b51c05,EUR,1645484448,7.9162960226085985
e2b54159-2bf7-4b89-850b-9f1c680b6bbe,EUR,1645490288,1.5173523118302867
960aed32-ddad-4784-a770-74fc1ff0da8d,BTC,1645496424,3.648794338627839
93becbec-6a43-428a-a1ce-6b096c956ca7,BAT,1645500749,9.690917662083688
197e14d9-700c-4d53-8b6e-f2c45d2bfac9,USD,1645508517,4.247687575990664
d137f350-8287-42e4-99aa-cd56cb77aa8f,BTC,1645514553,0.9122405235736846
f41feb3a-a469-487a-bc9d-59a0dfd89c29,BAT,1645514619,1.6537889920822693
3063533e-d3d2-46ca-91f5-6168c95c9835,BTC,1645528625,6.777869720977186
e2b54159-2bf7-4b89-850b-9f1c680b6bbe,EUR,1645543734,3.6711056898199033
beed12b3-f39a-43dc-bee6-721a89c0a937,USD,1645553171,2.833706819891466
ec22ff9f-6f33-4055-bc53-7ee7d8b51c05,EUR,1645557160,7.697162618466468
987eae8b-a10b-4a88-a437-37a982f5acb5,XPR,1645574618,-4.600267844413906
5d47c0f3-920d-49f5-b9b3-5afeca5ece24,EUR,1645585247,-5.832013100414011
3063533e-d3d2-46ca-91f5-6168c95c9835,ETH,1645588088,7.215386978327082
93becbec-6a43-428a-a1ce-6b096c956ca7,ETH,1645588402,0.24288829191692507
e2b54159-2bf7-4b89-850b-9f1c680b6bbe,EUR,1645588782,-5.265224525557453
f41feb3a-a469-487a-bc9d-59a0dfd89c29,USD,1645592227,2.3965670229467975
bdbeede3-8470-4baf-9f28-8f9e01b935d6,USD,1645608748,0.5645606303627222
e2b54159-2bf7-4b89-850b-9f1c680b6bbe,EUR,1645610360,3.5913929485619462
9287b4ea-2911-45b2-8da7-cc3ca70cb118,ETH,1645610454,4.2944356956516785
fe3b675f-21d2-4b79-b25f-45150d0e837a,EUR,1645622844,-0.11583272563263236
51caadde-8903-4316-8c98-507aedfe306a,EUR,1645626619,9.563878674019662
3063533e-d3d2-46ca-91f5-6168c95c9835,USD,1645628344,7.417854192577593
6e7c8b3b-708e-4d1f-a58d-d904d91152d7,USD,1645645184,-3.0555756368509046
a61e005c-af0a-4820-8cd1-8029218fb066,USD,1645659952,1.6662980180742242
e2b54159-2bf7-4b89-850b-9f1c680b6bbe,EUR,1645681751,0.4071064942739753
fe3b675f-21d2-4b79-b25f-45150d0e837a,USD,1645690603,3.76042123336099
a61e005c-af0a-4820-8cd1-8029218fb066,BTC,1645699104,0.9131999798548662
3063533e-d3d2-46ca-91f5-6168c95c9835,BTC,1645705070,9.668536391545913
93becbec-6a43-428a-a1ce-6b096c956ca7,BTC,1645721821,4.2123632891658485
ec22ff9f-6f33-4055-bc53-7ee7d8b51c05,USD,1645737688,-5.2672105021039854
93becbec-6a43-428a-a1ce-6b096c956ca7,ETH,1645744126,-8.15506140474108
f41feb3a-a469-487a-bc9d-59a0dfd89c29,BTC,1645764103,-9.395396712479744
e2b54159-2bf7-4b89-850b-9f1c680b6bbe,EUR,1645779821,-7.656029667481235
9287b4ea-2911-45b2-8da7-cc3ca70cb118,XPR,1645779947,4.759796159158466
e2b54159-2bf7-4b89-850b-9f1c680b6bbe,EUR,1645790864,0.23373918324223197
9287b4ea-2911-45b2-8da7-cc3ca70cb118,ETH,1645795028,-8.945031175236648
beed12b3-f39a-43dc-bee6-721a89c0a937,EUR,1645804923,-9.620787397313123
fe3b675f-21d2-4b79-b25f-45150d0e837a,BTC,1645808572,-7.865625685651887
9287b4ea-2911-45b2-8da7-cc3ca70cb118,USD,1645810121,-1.2463453917142147
beed12b3-f39a-43dc-bee6-721a89c0a937,BAT,1645810126,-2.799995774207513
a02bd628-3dc5-46ba-98eb-42abbce82ad3,ETH,1645848266,4.127259802937823
e2b54159-2bf7-4b89-850b-9f1c680b6bbe,USD,1645851746,6.552505856596078
75845357-d843-4036-841a-d2e6088b72ce,EUR,1645863974,7.6994876236762835
fe3b675f-21d2-4b79-b25f-45150d0e837a,BTC,1645866220,8.141455547800312
4b2f64c2-d6b2-421b-a6af-685573cd7f56,EUR,1645867948,0.20721427547196214
0615a717-29b9-4c76-826a-ece60a60f3ae,BAT,1645870515,-7.851611723940146
fe3b675f-21d2-4b79-b25f-45150d0e837a,BTC,1645876870,6.935267655335814
1e6d232e-11f4-4cd6-9eb4-020af5d6a1fb,BAT,1645897517,-4.060525726658599
beed12b3-f39a-43dc-bee6-721a89c0a937,USD,1645905971,-4.042136292671305
f41feb3a-a469-487a-bc9d-59a0dfd89c29,BTC,1645914656,-1.0933649169787856
9287b4ea-2911-45b2-8da7-cc3ca70cb118,USD,1645916012,-7.437587063288593
beed12b3-f39a-43dc-bee6-721a89c0a937,USD,1645936469,8.049312154430027
5d47c0f3-920d-49f5-b9b3-5afeca5ece24,USD,1645949680,3.742612531209735
f89443b9-1dfe-427e-b718-8846f977bf51,BTC,1645952790,-3.2597466063834695
93becbec-6a43-428a-a1ce-6b096c956ca7,XPR,1645953957,-6.306905605496562
beed12b3-f39a-43dc-bee6-721a89c0a937,USD,1645965397,-1.0923911673497262
fe3b675f-21d2-4b79-b25f-45150d0e837a,BTC,1645981696,-1.972942452128489
3063533e-d3d2-46ca-91f5-6168c95c9835,ETH,1645999237,7.032797564460772
93becbec-6a43-428a-a1ce-6b096c956ca7,ETH,1646001429,5.253702838811778
9287b4ea-2911-45b2-8da7-cc3ca70cb118,USD,1646004025,-5.5653283808143055
f41feb3a-a469-487a-bc9d-59a0dfd89c29,BTC,1646005530,6.604779622263642
9287b4ea-2911-45b2-8da7-cc3ca70cb118,BAT,1646031522,5.577158350110345
ec22ff9f-6f33-4055-bc53-7ee7d8b51c05,ETH,1646035025,8.315743865933701
259c4a32-9c8f-474a-9f8b-3a9ded89e9b3,ETH,1646039133,6.011683328631406
f1010a49-5aa3-477c-bb16-4d5aebb637c0,EUR,1646047120,-4.283584654036399
75845357-d843-4036-841a-d2e6088b72ce,USD,1646047321,9.179549468893793
fe2f78e2-7054-4eba-ad62-6c2164a7e3e3,EUR,1646049853,7.904290679070261
e2b54159-2bf7-4b89-850b-9f1c680b6bbe,EUR,1646051215,5.488435523639538
7c615c0c-a984-410a-bbe4-7f9b06d717f8,BAT,1646051373,-4.4701332884139955
75845357-d843-4036-841a-d2e6088b72ce,XPR,1646054746,-5.698226344344867
ab77e7b3-19cf-4680-a47f-28b90448335c,BTC,1646056173,9.030436362178772
f41feb3a-a469-487a-bc9d-59a0dfd89c29,XPR,1646088800,7.198330676791457
e2b54159-2bf7-4b89-850b-9f1c680b6bbe,BTC,1646097552,-9.422698302841424
beed12b3-f39a-43dc-bee6-721a89c0a937,BTC,1646111988,3.7826224704824476
3063533e-d3d2-46ca-91f5-6168c95c9835,USD,1646126424,-0.335164359194426
e3b2edbd-dff0-40c2-bfa2-20dfa632954e,USD,1646132916,-0.7973810150642393
3063533e-d3d2-46ca-91f5-6168c95c9835,USD,1646136962,2.480331042444309
9287b4ea-2911-45b2-8da7-cc3ca70cb118,BTC,1646150667,-8.471025419164809
beed12b3-f39a-43dc-bee6-721a89c0a937,XPR,1646163504,-4.231625289352476
ec22ff9f-6f33-4055-bc53-7ee7d8b51c05,USD,1646187065,1.6505532737217816
a61e005c-af0a-4820-8cd1-8029218fb066,ETH,1646187081,9.487290994991401
b61477de-b466-4b13-8a72-e80a721689ca,USD,1646187624,5.406265660351593
3063533e-d3d2-46ca-91f5-6168c95c9835,EUR,1646197821,7.61846919083424
f89443b9-1dfe-427e-b718-8846f977bf51,ETH,1646198347,-5.145879243704494
bdbeede3-8470-4baf-9f28-8f9e01b935d6,USD,1646216091,8.809837221014227
992286bf-16a1-43d3-a31d-642222d91603,EUR,1646230732,-0.3932102988782056
d1bfeb51-cf4e-43b4-af30-434bf70a7e5f,USD,1646232508,3.2257958142942567
beed12b3-f39a-43dc-bee6-721a89c0a937,ETH,1646233457,3.8786397690854137
93becbec-6a43-428a-a1ce-6b096c956ca7,XPR,1646241178,7.3487897541903315
3063533e-d3d2-46ca-91f5-6168c95c9835,EUR,1646269079,-1.0669337881959802
beed12b3-f39a-43dc-bee6-721a89c0a937,USD,1646275984,0.5836486701502164
ec22ff9f-6f33-4055-bc53-7ee7d8b51c05,EUR,1646295684,-2.271146148721561
75845357-d843-4036-841a-d2e6088b72ce,USD,1646314659,-8.881406217663228
78db312b-071d-41d4-8ed6-d46411f44aa4,EUR,1646316473,0.06905729884759637
3063533e-d3d2-46ca-91f5-6168c95c9835,BTC,1646334785,6.543689917650447
75845357-d843-4036-841a-d2e6088b72ce,EUR,1646348174,8.595394191230778
ec22ff9f-6f33-4055-bc53-7ee7d8b51c05,USD,1646350888,2.4064445361367497
d858e131-0a18-45b3-92a5-77467ce513a5,USD,1646352268,4.468590489051909
e2b54159-2bf7-4b89-850b-9f1c680b6bbe,USD,1646355915,-8.100531985230573
f41feb3a-a469-487a-bc9d-59a0dfd89c29,BTC,1646359025,-6.679573998538673
92934d8d-a4cc-456f-97ca-c77f528c6bda,USD,1646380580,4.518741526106888
fe3b675f-21d2-4b79-b25f-45150d0e837a,EUR,1646383806,-9.06560721915267
beed12b3-f39a-43dc-bee6-721a89c0a937,ETH,1646388954,1.2314964348706958
beed12b3-f39a-43dc-bee6-721a89c0a937,USD,1646396074,-4.714225964546557
75845357-d843-4036-841a-d2e6088b72ce,USD,1646400248,4.23834902110837
beed12b3-f39a-43dc-bee6-721a89c0a937,EUR,1646402680,-9.907876786697408
a02bd628-3dc5-46ba-98eb-42abbce82ad3,BTC,1646406630,-1.3867459277391667
f41feb3a-a469-487a-bc9d-59a0dfd89c29,USD,1646406806,9.176618552699289
3063533e-d3d2-46ca-91f5-6168c95c9835,USD,1646424157,-1.4360791971133544
ec22ff9f-6f33-4055-bc53-7ee7d8b51c05,XPR,1646438326,-7.143883947911355
a29da963-12ff-433b-9872-cf9533a3f170,ETH,1646455305,2.4510301500677443
e2b54159-2bf7-4b89-850b-9f1c680b6bbe,EUR,1646467153,9.045891893641901
945d4c4d-4281-4ff9-a6fe-de9dfd858f72,EUR,1646472174,-0.3012272069214017
78db312b-071d-41d4-8ed6-d46411f44aa4,BTC,1646480508,-8.795118260781152
fdaa102d-797c-4c57-a793-feb6e3aaff0d,EUR,1646483014,5.972418822929022
fe3b675f-21d2-4b79-b25f-45150d0e837a,XPR,1646488410,-8.205138289219004
a29da963-12ff-433b-9872-cf9533a3f170,EUR,1646504199,5.263917061972069
ec22ff9f-6f33-4055-bc53-7ee7d8b51c05,EUR,1646504410,-2.6481842707947827
ec22ff9f-6f33-4055-bc53-7ee7d8b51c05,EUR,1646507354,6.667894953773509
f41feb3a-a469-487a-bc9d-59a0dfd89c29,EUR,1646550617,4.7439693552475255
c85a849b-72dd-43a9-9b24-4815240184b4,EUR,1646550660,-1.2323749495310032
945d4c4d-4281-4ff9-a6fe-de9dfd858f72,EUR,1646552622,6.834453459135048
9287b4ea-2911-45b2-8da7-cc3ca70cb118,USD,1646555063,9.099637534035416
4a6f2b89-07cb-4557-b821-5a8ea03d2f71,USD,1646564571,-7.971499884639261
75845357-d843-4036-841a-d2e6088b72ce,USD,1646571030,-6.752752958133241
a61e005c-af0a-4820-8cd1-8029218fb066,USD,1646580937,4.9657254407915
beed12b3-f39a-43dc-bee6-721a89c0a937,USD,1646591317,6.538035726082171
9b889da5-cd5e-4fea-9680-e4aef39193ad,EUR,1646597695,0.36902465081901425
75845357-d843-4036-841a-d2e6088b72ce,USD,1646612342,9.980530151985135
ec22ff9f-6f33-4055-bc53-7ee7d8b51c05,BAT,1646612424,9.202079160726939
d1bfeb51-cf4e-43b4-af30-434bf70a7e5f,EUR,1646612530,-1.1595378497027689
79b2b699-e758-48a8-bc3b-379fa77bb478,ETH,1646614808,4.525079097622697
e2b54159-2bf7-4b89-850b-9f1c680b6bbe,ETH,1646616227,-8.62608904110877
beed12b3-f39a-43dc-bee6-721a89c0a937,USD,1646642418,1.7304630666428729
3063533e-d3d2-46ca-91f5-6168c95c9835,BTC,1646663820,2.5904022794766686
ec22ff9f-6f33-4055-bc53-7ee7d8b51c05,BTC,1646669900,6.157210974000634
f41feb3a-a469-487a-bc9d-59a0dfd89c29,USD,1646732374,6.860014027817318
5a623012-bb14-4bc5-977a-8d57033a1342,ETH,1646741783,-4.809816048798918
beed12b3-f39a-43dc-bee6-721a89c0a937,BTC,1646759058,-5.739300040136235
93becbec-6a43-428a-a1ce-6b096c956ca7,ETH,1646761273,-1.4678484741947084
beed12b3-f39a-43dc-bee6-721a89c0a937,USD,1646766795,5.764439362544865
75845357-d843-4036-841a-d2e6088b72ce,BAT,1646775687,3.6216315158992387
93becbec-6a43-428a-a1ce-6b096c956ca7,EUR,1646779320,-8.847437182755606
beed12b3-f39a-43dc-bee6-721a89c0a937,ETH,1646792135,-5.413308642479098
beed12b3-f39a-43dc-bee6-721a89c0a937,EUR,1646802181,-2.304715347466133
a02bd628-3dc5-46ba-98eb-42abbce82ad3,ETH,1646830803,-6.66328634542618
3063533e-d3d2-46ca-91f5-6168c95c9835,BTC,1646831381,4.625411197596726
3063533e-d3d2-46ca-91f5-6168c95c9835,EUR,1646843779,-9.01436642549215
ec22ff9f-6f33-4055-bc53-7ee7d8b51c05,EUR,1646860109,0.8980560084486022
a61e005c-af0a-4820-8cd1-8029218fb066,EUR,1646868675,-7.960909053975664
93becbec-6a43-428a-a1ce-6b096c956ca7,ETH,1646870090,-4.371944204151211
93becbec-6a43-428a-a1ce-6b096c956ca7,ETH,1646887101,8.068662098287568
ab77e7b3-19cf-4680-a47f-28b90448335c,USD,1646916429,-7.453861982637939
a61e005c-af0a-4820-8cd1-8029218fb066,ETH,1646921383,-4.891637601467691
df2392b6-0dd6-4e24-82fb-b0a403615b06,ETH,1646928676,2.371810031639928
7c615c0c-a984-410a-bbe4-7f9b06d717f8,BTC,1646942426,7.620141155647612
f41feb3a-a469-487a-bc9d-59a0dfd89c29,ETH,1646948660,-5.354545932049768
9287b4ea-2911-45b2-8da7-cc3ca70cb118,ETH,1646948684,-0.9846736073789302
9287b4ea-2911-45b2-8da7-cc3ca70cb118,EUR,1646963360,-3.2711703720103635
ec22ff9f-6f33-4055-bc53-7ee7d8b51c05,CAD,1646964593,6.891575169690885
75845357-d843-4036-841a-d2e6088b72ce,CAD,1646964595,9.865633121250646
8f08a9c5-0884-4bd2-8d00-d772d32654a1,ETH,1646965524,7.237967368974541
e2b54159-2bf7-4b89-850b-9f1c680b6bbe,BTC,1646993182,-8.849104284743136
1e6d232e-11f4-4cd6-9eb4-020af5d6a1fb,BTC,1646993919,-2.096515273835527
d94aed09-3f48-4b79-ae7d-a8f2cbf69501,EUR,1646996656,-4.08917237095471
beed12b3-f39a-43dc-bee6-721a89c0a937,EUR,1647002531,-8.803626455197701
f41feb3a-a469-487a-bc9d-59a0dfd89c29,BTC,1647018610,5.145931352590583
f41feb3a-a469-487a-bc9d-59a0dfd89c29,EUR,1647018731,4.624113173527009
beed12b3-f39a-43dc-bee6-721a89c0a937,BTC,1647022512,7.31949470552912
fe3b675f-21d2-4b79-b25f-45150d0e837a,USD,1647049319,-3.742415521404892
fe3b675f-21d2-4b79-b25f-45150d0e837a,EUR,1647061874,-7.2071155050442375
992286bf-16a1-43d3-a31d-642222d91603,USD,1647067598,-4.589636094696347
beed12b3-f39a-43dc-bee6-721a89c0a937,USD,1647068957,6.08914437024929
93becbec-6a43-428a-a1ce-6b096c956ca7,ETH,1647104425,-5.310966642971926
9287b4ea-2911-45b2-8da7-cc3ca70cb118,BAT,1647110145,4.885725119509141
8f08a9c5-0884-4bd2-8d00-d772d32654a1,ETH,1647114696,9.873132170001057
9287b4ea-2911-45b2-8da7-cc3ca70cb118,BTC,1647133716,1.1237017592311798
beed12b3-f39a-43dc-bee6-721a89c0a937,EUR,1647138551,-8.390334215163254
e2b54159-2bf7-4b89-850b-9f1c680b6bbe,USD,1647154360,1.8276723507930868
fe3b675f-21d2-4b79-b25f-45150d0e837a,ETH,1647154551,7.307642605252916
d216d37c-df5d-4c8d-a79d-8cb1f7dbc0f7,USD,1647154798,-0.2661815231022029
beed12b3-f39a-43dc-bee6-721a89c0a937,EUR,1647162859,3.450530018317062
fe3b675f-21d2-4b79-b25f-45150d0e837a,USD,1647194606,-1.7621233575366517
75845357-d843-4036-841a-d2e6088b72ce,BTC,1647200453,8.206425968140891
ec22ff9f-6f33-4055-bc53-7ee7d8b51c05,BAT,1647244901,-0.07902430761387791
c85a849b-72dd-43a9-9b24-4815240184b4,BTC,1647246309,-5.496506866597604
75845357-d843-4036-841a-d2e6088b72ce,EUR,1647248428,4.74733213667734
93becbec-6a43-428a-a1ce-6b096c956ca7,EUR,1647252336,-5.591467410279374
fe3b675f-21d2-4b79-b25f-45150d0e837a,EUR,1647257352,2.2238113313113814
55578bf3-84af-4f11-bf24-6be394197c26,BTC,1647259664,1.0968556184939864
ec22ff9f-6f33-4055-bc53-7ee7d8b51c05,ETH,1647282056,1.2386474869614652
a61e005c-af0a-4820-8cd1-8029218fb066,EUR,1647299612,6.452058721588301
fe3b675f-21d2-4b79-b25f-45150d0e837a,BTC,1647334106,9.53290010939914
e64722ab-ac45-4631-80ac-c45da5ff8c01,ETH,1647358407,-4.8611019440556795
ec22ff9f-6f33-4055-bc53-7ee7d8b51c05,ETH,1647366023,7.166694643643837
3063533e-d3d2-46ca-91f5-6168c95c9835,EUR,1647382857,1.6728398158099278
93becbec-6a43-428a-a1ce-6b096c956ca7,EUR,1647404763,9.446943785796527
93becbec-6a43-428a-a1ce-6b096c956ca7,EUR,1647412391,-1.0430323500606669
e84d7bec-86b6-4f13-892c-1970e2d466bc,BTC,1647420344,9.664581820862473
8f08a9c5-0884-4bd2-8d00-d772d32654a1,EUR,1647435289,-6.618023391206551
5e106318-4553-4462-b510-5438b6a329e5,BTC,1647439030,-0.9293273299319633
f2bd38cb-310b-457e-8cb1-c8b5bb589288,USD,1647439834,-4.739029437600093
3063533e-d3d2-46ca-91f5-6168c95c9835,BAT,1647442539,1.1441068239058882
f41feb3a-a469-487a-bc9d-59a0dfd89c29,USD,1647453372,9.024752880891661
3caf1a3a-46cf-4c91-b352-9ea9f0c571ec,BTC,1647456554,2.83422092810474
a61e005c-af0a-4820-8cd1-8029218fb066,BTC,1647495607,-3.666231481293969
a61e005c-af0a-4820-8cd1-8029218fb066,ETH,1647511882,-8.64971431181564
fe3b675f-21d2-4b79-b25f-45150d0e837a,USD,1647512136,-8.319613810993117
93becbec-6a43-428a-a1ce-6b096c956ca7,ETH,1647525553,9.992578050517402
ec22ff9f-6f33-4055-bc53-7ee7d8b51c05,BTC,1647531010,-9.01093274844962
ec22ff9f-6f33-4055-bc53-7ee7d8b51c05,EUR,1647535402,-2.643323739789696
fe3b675f-21d2-4b79-b25f-45150d0e837a,USD,1647538186,-9.934864199303055
a61e005c-af0a-4820-8cd1-8029218fb066,EUR,1647538525,2.1285146740978806
f41feb3a-a469-487a-bc9d-59a0dfd89c29,BTC,1647540929,4.009707253218711
e64722ab-ac45-4631-80ac-c45da5ff8c01,USD,1647549996,-7.113049512242164
934357bf-b14a-4da8-8b0c-ed0c28540389,ETH,1647551270,-7.1570841865951484
ec22ff9f-6f33-4055-bc53-7ee7d8b51c05,EUR,1647554144,-0.4997364065604728
5d47c0f3-920d-49f5-b9b3-5afeca5ece24,BTC,1647567138,0.3725490535612259
ec22ff9f-6f33-4055-bc53-7ee7d8b51c05,ETH,1647571080,3.566034206065055
f41feb3a-a469-487a-bc9d-59a0dfd89c29,USD,1647572879,1.8086279429900554
75845357-d843-4036-841a-d2e6088b72ce,USD,1647591125,9.887419803796291
a61e005c-af0a-4820-8cd1-8029218fb066,ETH,1647593158,2.4398630940711996
3caf1a3a-46cf-4c91-b352-9ea9f0c571ec,EUR,1647604126,2.875442371525141
75845357-d843-4036-841a-d2e6088b72ce,BTC,1647605413,-8.583907455103422
55578bf3-84af-4f11-bf24-6be394197c26,EUR,1647609581,-1.1125885240231081
e2b54159-2bf7-4b89-850b-9f1c680b6bbe,USD,1647616764,-4.895023364165847
9287b4ea-2911-45b2-8da7-cc3ca70cb118,USD,1647617139,8.722199176954476
7c615c0c-a984-410a-bbe4-7f9b06d717f8,ETH,1647621676,9.49856836442044
b8599949-2ffc-44c4-bc46-2e596e131c17,BAT,1647641954,3.9112688656524597
a61e005c-af0a-4820-8cd1-8029218fb066,BTC,1647662469,-4.316547972099281
992286bf-16a1-43d3-a31d-642222d91603,USD,1647663901,3.8063526731099646
75845357-d843-4036-841a-d2e6088b72ce,ETH,1647670663,8.872885294131517
d858e131-0a18-45b3-92a5-77467ce513a5,USD,1647674328,8.069480439526384
e2b54159-2bf7-4b89-850b-9f1c680b6bbe,USD,1647679935,9.666658165405583
beed12b3-f39a-43dc-bee6-721a89c0a937,EUR,1647684189,-9.360870747475849
a61e005c-af0a-4820-8cd1-8029218fb066,USD,1647686830,-7.7360242398909325
ec22ff9f-6f33-4055-bc53-7ee7d8b51c05,ETH,1647693302,1.0064112046555067
78fec595-1f14-4e85-b295-e430a6ba7686,ETH,1647698653,-0.06271605945531888
960aed32-ddad-4784-a770-74fc1ff0da8d,ETH,1647701167,2.7357224912521225
3063533e-d3d2-46ca-91f5-6168c95c9835,ETH,1647709250,-9.52759221385688
ab77e7b3-19cf-4680-a47f-28b90448335c,EUR,1647709750,-5.314419285741008
3063533e-d3d2-46ca-91f5-6168c95c9835,BTC,1647717561,-5.96040080418653
93becbec-6a43-428a-a1ce-6b096c956ca7,USD,1647728559,8.581896527029397
fdaa102d-797c-4c57-a793-feb6e3aaff0d,USD,1647742844,5.3425629369141205
f41feb3a-a469-487a-bc9d-59a0dfd89c29,EUR,1647751947,-5.101573969971243
9287b4ea-2911-45b2-8da7-cc3ca70cb118,ETH,1647757004,9.547651084317422
0615a717-29b9-4c76-826a-ece60a60f3ae,ETH,1647772216,2.395451387174006
6e7c8b3b-708e-4d1f-a58d-d904d91152d7,BTC,1647781128,5.707031712448902
75845357-d843-4036-841a-d2e6088b72ce,ETH,1647809593,3.607727123340309
3063533e-d3d2-46ca-91f5-6168c95c9835,EUR,1647819842,6.165198807030649
e2b54159-2bf7-4b89-850b-9f1c680b6bbe,USD,1647820281,-8.146064011405844
beed12b3-f39a-43dc-bee6-721a89c0a937,BAT,1647827682,3.2266043124717356
fe3b675f-21d2-4b79-b25f-45150d0e837a,USD,1647828108,-2.307812400838378
51caadde-8903-4316-8c98-507aedfe306a,BTC,1647834275,-8.594848308350368
e2b54159-2bf7-4b89-850b-9f1c680b6bbe,BTC,1647834502,8.837662672150703
beed12b3-f39a-43dc-bee6-721a89c0a937,XPR,1647837762,-0.3467188395362726
f41feb3a-a469-487a-bc9d-59a0dfd89c29,EUR,1647839630,1.473906137489191
5a623012-bb14-4bc5-977a-8d57033a1342,USD,1647854791,6.90008343148866
f41feb3a-a469-487a-bc9d-59a0dfd89c29,USD,1647868360,6.379045779362784
93becbec-6a43-428a-a1ce-6b096c956ca7,EUR,1647881915,-1.0860565951830008
f2bd38cb-310b-457e-8cb1-c8b5bb589288,USD,1647908863,7.431816084441863
93becbec-6a43-428a-a1ce-6b096c956ca7,BTC,1647914244,7.454068903923851
f41feb3a-a469-487a-bc9d-59a0dfd89c29,USD,1647937339,-1.0817630925832447
f41feb3a-a469-487a-bc9d-59a0dfd89c29,CAD,1647943267,-2.15459981670421
a947e704-dbd7-430b-adf4-7039824b8d63,USD,1647953193,-0.8750184682061946
75845357-d843-4036-841a-d2e6088b72ce,EUR,1647956142,-7.476456218824383
beed12b3-f39a-43dc-bee6-721a89c0a937,EUR,1647959764,6.143307886175684
c98bc1a8-6926-4a59-83c9-09de99a905b4,XPR,1647961304,1.843179029927363
e2b54159-2bf7-4b89-850b-9f1c680b6bbe,BTC,1647964220,1.3088015119317316
9287b4ea-2911-45b2-8da7-cc3ca70cb118,BTC,1647966759,8.21483465141079
5fec4264-78eb-43ed-9c3d-33b6e58a8c3f,USD,1647989216,-5.668239801584527
beed12b3-f39a-43dc-bee6-721a89c0a937,ETH,1647991071,8.669966758118868
beed12b3-f39a-43dc-bee6-721a89c0a937,ETH,1647997096,-7.724745380262177
9b2e8458-726f-42d9-97cb-5e66de168da5,ETH,1648000183,5.532599640769202
9287b4ea-2911-45b2-8da7-cc3ca70cb118,BTC,1648003706,-0.46544833956747134
9287b4ea-2911-45b2-8da7-cc3ca70cb118,EUR,1648009664,6.221696941302536
a75ecbba-3eb1-43a0-8c9a-863569911bc3,USD,1648016694,-4.7714501472167274
ec22ff9f-6f33-4055-bc53-7ee7d8b51c05,ETH,1648043471,3.4745691345447387
ec22ff9f-6f33-4055-bc53-7ee7d8b51c05,BTC,1648051454,1.069408413162325
fe3b675f-21d2-4b79-b25f-45150d0e837a,USD,1648057750,4.031926598091719
5a623012-bb14-4bc5-977a-8d57033a1342,EUR,1648058399,-6.345468513837504
7c615c0c-a984-410a-bbe4-7f9b06d717f8,EUR,1648061792,0.915453496679353
3063533e-d3d2-46ca-91f5-6168c95c9835,ETH,1648064964,1.7830790071193974
beed12b3-f39a-43dc-bee6-721a89c0a937,USD,1648065321,7.6716979145562725
a61e005c-af0a-4820-8cd1-8029218fb066,XPR,1648087588,8.727796543223135
414e4248-1b1e-4a8e-af48-e65d6c6eef6b,EUR,1648093047,2.126084215854778
75845357-d843-4036-841a-d2e6088b72ce,USD,1648123049,7.4870614844196695
beed12b3-f39a-43dc-bee6-721a89c0a937,BTC,1648124623,3.8001400283159974
ec22ff9f-6f33-4055-bc53-7ee7d8b51c05,BTC,1648128677,2.786594375967013
93becbec-6a43-428a-a1ce-6b096c956ca7,BTC,1648142518,-7.93686641572002
93becbec-6a43-428a-a1ce-6b096c956ca7,EUR,1648144279,-5.007007612866321
75845357-d843-4036-841a-d2e6088b72ce,EUR,1648146362,-2.331817617523358
f2bd38cb-310b-457e-8cb1-c8b5bb589288,USD,1648154176,-9.184640066476186
f41feb3a-a469-487a-bc9d-59a0dfd89c29,ETH,1648159400,-2.570265880717006
3063533e-d3d2-46ca-91f5-6168c95c9835,BAT,1648160120,8.244023753771398
3063533e-d3d2-46ca-91f5-6168c95c9835,USD,1648176683,4.648384898601432
e2b54159-2bf7-4b89-850b-9f1c680b6bbe,XPR,1648183395,-6.63171412710793
f41feb3a-a469-487a-bc9d-59a0dfd89c29,XPR,1648193150,-7.564184337069227
ec22ff9f-6f33-4055-bc53-7ee7d8b51c05,CAD,1648196455,-6.3565094427855495
f41feb3a-a469-487a-bc9d-59a0dfd89c29,EUR,1648200806,-1.5792265755463841
fe3b675f-21d2-4b79-b25f-45150d0e837a,ETH,1648225386,5.638980869413466
e2b54159-2bf7-4b89-850b-9f1c680b6bbe,EUR,1648229247,2.583203088400797
e2b54159-2bf7-4b89-850b-9f1c680b6bbe,CAD,1648240561,9.907182983870047
f41feb3a-a469-487a-bc9d-59a0dfd89c29,ETH,1648262344,-5.665585929835886
93becbec-6a43-428a-a1ce-6b096c956ca7,BAT,1648288273,-6.518884412887049
f41feb3a-a469-487a-bc9d-59a0dfd89c29,BTC,1648314621,4.387608566496887
3063533e-d3d2-46ca-91f5-6168c95c9835,EUR,1648319641,-5.491180363138888
beed12b3-f39a-43dc-bee6-721a89c0a937,BTC,1648333223,-0.25388868997734093
e2b54159-2bf7-4b89-850b-9f1c680b6bbe,EUR,1648351219,5.246315463418611
fe3b675f-21d2-4b79-b25f-45150d0e837a,BAT,1648359116,-8.397326156193074
39b1b575-8789-45b1-bf90-16b30832ecc0,EUR,1648360403,-8.150077981502992
fe3b675f-21d2-4b79-b25f-45150d0e837a,BTC,1648367716,-9.237047561376919
4b2f64c2-d6b2-421b-a6af-685573cd7f56,EUR,1648369927,3.067938425248041
5a623012-bb14-4bc5-977a-8d57033a1342,CAD,1648387910,-1.1144470885456652
f41feb3a-a469-487a-bc9d-59a0dfd89c29,USD,1648394048,-1.1119885809370889
5e106318-4553-4462-b510-5438b6a329e5,USD,1648395541,6.522208182658403
75845357-d843-4036-841a-d2e6088b72ce,USD,1648413323,-7.21116998160517
a61e005c-af0a-4820-8cd1-8029218fb066,BTC,1648417010,7.4041045002427985
a02bd628-3dc5-46ba-98eb-42abbce82ad3,CAD,1648421729,-0.7298707445914854
3caf1a3a-46cf-4c91-b352-9ea9f0c571ec,ETH,1648455883,-2.314445106144025
3caf1a3a-46cf-4c91-b352-9ea9f0c571ec,ETH,1648462841,-8.888950125822408
a61e005c-af0a-4820-8cd1-8029218fb066,USD,1648474701,0.28437352563629936
a61e005c-af0a-4820-8cd1-8029218fb066,USD,1648484517,4.626226979499737
fe3b675f-21d2-4b79-b25f-45150d0e837a,EUR,1648489891,5.144548709811051
335809b4-e5f6-4eeb-872d-539052a9546d,BTC,1648489910,4.171581959101134
ab77e7b3-19cf-4680-a47f-28b90448335c,BTC,1648489952,3.8140341340564436
beed12b3-f39a-43dc-bee6-721a89c0a937,ETH,1648499884,-8.756481371154008
93becbec-6a43-428a-a1ce-6b096c956ca7,EUR,1648504314,2.998870455983649
b8599949-2ffc-44c4-bc46-2e596e131c17,USD,1648512804,3.926927364750984
9287b4ea-2911-45b2-8da7-cc3ca70cb118,ETH,1648516323,-3.6099234164098988
414e4248-1b1e-4a8e-af48-e65d6c6eef6b,USD,1648517010,4.287572597028191
f41feb3a-a469-487a-bc9d-59a0dfd89c29,EUR,1648523344,2.8588179725819813
ec22ff9f-6f33-4055-bc53-7ee7d8b51c05,BTC,1648530797,3.4392551149991846
3063533e-d3d2-46ca-91f5-6168c95c9835,EUR,1648536750,8.897275729764075
d1bfeb51-cf4e-43b4-af30-434bf70a7e5f,BAT,1648543412,1.3820478430860224
93becbec-6a43-428a-a1ce-6b096c956ca7,USD,1648561365,1.220914975111139
93becbec-6a43-428a-a1ce-6b096c956ca7,EUR,1648596810,-4.664603054820915
d83f6123-2f33-402e-9fb1-25a96c6d19f5,EUR,1648606159,-2.5005397186939904
9287b4ea-2911-45b2-8da7-cc3ca70cb118,ETH,1648611311,-8.523778255916532
934357bf-b14a-4da8-8b0c-ed0c28540389,ETH,1648630992,-6.707481078153861
3063533e-d3d2-46ca-91f5-6168c95c9835,BAT,1648631588,9.13372849302316
9287b4ea-2911-45b2-8da7-cc3ca70cb118,EUR,1648669251,9.862751669462753
fe2f78e2-7054-4eba-ad62-6c2164a7e3e3,USD,1648672483,-5.644976571209619
1e6d232e-11f4-4cd6-9eb4-020af5d6a1fb,USD,1648679768,-7.276794963380673
5b1caf3b-c40b-419f-b819-86b258ae3a18,EUR,1648685415,-5.508262444015413
a61e005c-af0a-4820-8cd1-8029218fb066,USD,1648712674,-9.389484620332558
beed12b3-f39a-43dc-bee6-721a89c0a937,XPR,1648712689,1.868743380735049
fe3b675f-21d2-4b79-b25f-45150d0e837a,ETH,1648729917,0.8976087223260638
d83f6123-2f33-402e-9fb1-25a96c6d19f5,EUR,1648734444,4.044655396664162
99c17ee8-9189-4682-8f4d-a3e22a59e12f,EUR,1648734839,7.382402293005011
a61e005c-af0a-4820-8cd1-8029218fb066,BAT,1648738702,9.64302934780791
99c17ee8-9189-4682-8f4d-a3e22a59e12f,BTC,1648757664,-5.845057594324448
3063533e-d3d2-46ca-91f5-6168c95c9835,USD,1648777075,-8.612310632005896
992286bf-16a1-43d3-a31d-642222d91603,USD,1648786584,6.063461240669966
75845357-d843-4036-841a-d2e6088b72ce,BTC,1648791283,5.528872671998954
75845357-d843-4036-841a-d2e6088b72ce,XPR,1648797628,5.568825965099
75845357-d843-4036-841a-d2e6088b72ce,USD,1648799217,8.394601938197585
92934d8d-a4cc-456f-97ca-c77f528c6bda,USD,1648801793,5.730484302779324
fe3b675f-21d2-4b79-b25f-45150d0e837a,ETH,1648804229,3.509740626754944
cb1a5abb-9cf9-4e37-91ab-83d3959b1277,USD,1648812149,2.7488040492644004
e2b54159-2bf7-4b89-850b-9f1c680b6bbe,ETH,1648831048,1.634893613179722
75845357-d843-4036-841a-d2e6088b72ce,BTC,1648842452,2.339926947350266
7e26da7f-3fe1-4790-a9bf-147bf2a852ec,BTC,1648897166,3.8875280880697893
75845357-d843-4036-841a-d2e6088b72ce,ETH,1648900930,8.762072946941295
a61e005c-af0a-4820-8cd1-8029218fb066,USD,1648912880,-7.871937933356865
7e26da7f-3fe1-4790-a9bf-147bf2a852ec,EUR,1648927716,5.8603827838724385
93becbec-6a43-428a-a1ce-6b096c956ca7,USD,1648944863,-3.1269713719934744
f41feb3a-a469-487a-bc9d-59a0dfd89c29,CAD,1648950205,7.738528619088449
3caf1a3a-46cf-4c91-b352-9ea9f0c571ec,EUR,1648972073,-2.323278086154172
3063533e-d3d2-46ca-91f5-6168c95c9835,BTC,1648975697,-2.456522900630855
7c615c0c-a984-410a-bbe4-7f9b06d717f8,XPR,1648985312,7.54809833018053
9287b4ea-2911-45b2-8da7-cc3ca70cb118,EUR,1648985429,-2.1686686189951683
1c624660-7fbd-43a5-b791-c997b810db49,EUR,1648990356,9.55001570818154
ec22ff9f-6f33-4055-bc53-7ee7d8b51c05,USD,1649009096,-0.1373732569831443
9287b4ea-2911-45b2-8da7-cc3ca70cb118,BAT,1649010510,-3.615367313885251
ec22ff9f-6f33-4055-bc53-7ee7d8b51c05,BAT,1649026401,1.3340350648684662
a61e005c-af0a-4820-8cd1-8029218fb066,ETH,1649058863,-2.8755149744930613
fe3b675f-21d2-4b79-b25f-45150d0e837a,EUR,1649074135,4.583864695657823
f8259c81-0d30-436b-bb3e-156cc731e641,ETH,1649083868,7.12234672026986
ec22ff9f-6f33-4055-bc53-7ee7d8b51c05,BTC,1649084038,8.257815141066914
3063533e-d3d2-46ca-91f5-6168c95c9835,BTC,1649092829,2.644438388085115
f41feb3a-a469-487a-bc9d-59a0dfd89c29,BTC,1649094905,-9.061472784597713
3063533e-d3d2-46ca-91f5-6168c95c9835,USD,1649097781,-4.33849221227121
5fec4264-78eb-43ed-9c3d-33b6e58a8c3f,EUR,1649102769,0.23213097125433535
e2b54159-2bf7-4b89-850b-9f1c680b6bbe,USD,1649108409,5.540031757026542
beed12b3-f39a-43dc-bee6-721a89c0a937,ETH,1649127070,-3.524341388299459
d83f6123-2f33-402e-9fb1-25a96c6d19f5,EUR,1649145918,3.5154851542028727
c98bc1a8-6926-4a59-83c9-09de99a905b4,EUR,1649165898,8.046255791010356
335809b4-e5f6-4eeb-872d-539052a9546d,BTC,1649182881,-7.089901462648644
987eae8b-a10b-4a88-a437-37a982f5acb5,ETH,1649202917,-6.157740055074732
a61e005c-af0a-4820-8cd1-8029218fb066,BTC,1649207307,9.481119332381958
e2b54159-2bf7-4b89-850b-9f1c680b6bbe,EUR,1649214417,-2.517107252593
bdbeede3-8470-4baf-9f28-8f9e01b935d6,EUR,1649214724,-6.638074605366214
a61e005c-af0a-4820-8cd1-8029218fb066,BTC,1649215304,-7.059429034083021
75845357-d843-4036-841a-d2e6088b72ce,EUR,1649217956,3.0098746768319735
75845357-d843-4036-841a-d2e6088b72ce,USD,1649264447,-5.820920082797825
beed12b3-f39a-43dc-bee6-721a89c0a937,USD,1649287443,0.49639373479990034
9287b4ea-2911-45b2-8da7-cc3ca70cb118,EUR,1649308929,1.4100901852050463
4b2f64c2-d6b2-421b-a6af-685573cd7f56,BTC,1649313682,-2.540527522683158
ec22ff9f-6f33-4055-bc53-7ee7d8b51c05,ETH,1649348070,-2.9551504931036376
259c4a32-9c8f-474a-9f8b-3a9ded89e9b3,XPR,1649349023,4.763074140098508
75845357-d843-4036-841a-d2e6088b72ce,BTC,1649352717,8.414829019347433
ab77e7b3-19cf-4680-a47f-28b90448335c,BTC,1649371804,-9.86766596837126
987eae8b-a10b-4a88-a437-37a982f5acb5,ETH,1649381952,-8.008212886054643
fe3b675f-21d2-4b79-b25f-45150d0e837a,USD,1649402505,3.8429915125187577
93becbec-6a43-428a-a1ce-6b096c956ca7,BTC,1649403575,0.9471150016837981
f41feb3a-a469-487a-bc9d-59a0dfd89c29,ETH,1649408050,4.871085895989927
55578bf3-84af-4f11-bf24-6be394197c26,BAT,1649435079,-0.7352191470515805
034f584c-d4fd-4260-8611-c3423745f933,USD,1649458943,2.901832127835762
3063533e-d3d2-46ca-91f5-6168c95c9835,CAD,1649461059,6.669868389407128
3063533e-d3d2-46ca-91f5-6168c95c9835,USD,1649463152,-5.24073035842555
93becbec-6a43-428a-a1ce-6b096c956ca7,BAT,1649510627,-4.499964789715996
987eae8b-a10b-4a88-a437-37a982f5acb5,USD,1649515943,0.9824256073477038
3063533e-d3d2-46ca-91f5-6168c95c9835,ETH,1649542507,8.306508924401331
c98bc1a8-6926-4a59-83c9-09de99a905b4,EUR,1649559669,4.180241426091854
e2b54159-2bf7-4b89-850b-9f1c680b6bbe,BAT,1649573353,6.490533447061527
ec22ff9f-6f33-4055-bc53-7ee7d8b51c05,ETH,1649587691,1.6152371430596695
fe3b675f-21d2-4b79-b25f-45150d0e837a,BTC,1649588531,0.865430409203146
4b2f64c2-d6b2-421b-a6af-685573cd7f56,BTC,1649613133,4.51102202834452
e2b54159-2bf7-4b89-850b-9f1c680b6bbe,USD,1649617047,3.1296184845144186
93becbec-6a43-428a-a1ce-6b096c956ca7,ETH,1649621225,-4.021761055731988
9287b4ea-2911-45b2-8da7-cc3ca70cb118,BTC,1649626406,3.807307229150787
ec22ff9f-6f33-4055-bc53-7ee7d8b51c05,CAD,1649628005,4.802922877660558
75845357-d843-4036-841a-d2e6088b72ce,ETH,1649643741,-2.490026262471594
5d47c0f3-920d-49f5-b9b3-5afeca5ece24,XPR,1649644559,-9.273623687867145
75845357-d843-4036-841a-d2e6088b72ce,USD,1649668575,1.5909617932095443
d83f6123-2f33-402e-9fb1-25a96c6d19f5,ETH,1649693045,3.7222047731796586
a61e005c-af0a-4820-8cd1-8029218fb066,XPR,1649702474,-8.197350012021857
a61e005c-af0a-4820-8cd1-8029218fb066,BTC,1649704276,9.606837618826734
f41feb3a-a469-487a-bc9d-59a0dfd89c29,EUR,1649714028,7.3921660180695845
9287b4ea-2911-45b2-8da7-cc3ca70cb118,BTC,1649724403,-6.675117885898631
75845357-d843-4036-841a-d2e6088b72ce,ETH,1649730598,5.292258115195116
d216d37c-df5d-4c8d-a79d-8cb1f7dbc0f7,USD,1649739271,1.7251116019529373
fe3b675f-21d2-4b79-b25f-45150d0e837a,ETH,1649742102,7.65630638658736
df2392b6-0dd6-4e24-82fb-b0a403615b06,BTC,1649747779,0.34318881803946333
ab77e7b3-19cf-4680-a47f-28b90448335c,USD,1649754713,8.341744940554172
68b37b28-d244-45ab-94c4-21f57bb55a62,USD,1649759276,8.432112288749323
75845357-d843-4036-841a-d2e6088b72ce,EUR,1649775240,2.989835383787618
dc45ff15-8e0b-4d6a-ba44-195073e4bd0a,ETH,1649789861,9.022749460468322
f1010a49-5aa3-477c-bb16-4d5aebb637c0,ETH,1649813859,8.449802537238366
fe3b675f-21d2-4b79-b25f-45150d0e837a,BAT,1649818711,-3.831728499046399
3063533e-d3d2-46ca-91f5-6168c95c9835,EUR,1649823646,-6.271349269794495
92934d8d-a4cc-456f-97ca-c77f528c6bda,ETH,1649829585,-9.134249409375139
7d6a9d9e-25b5-4ce1-b8bd-087f702725cc,BTC,1649836127,7.033845665695534
38a23cc5-363b-43c7-ba39-5daa13ed4e2b,ETH,1649843319,0.4603600119888469
beed12b3-f39a-43dc-bee6-721a89c0a937,EUR,1649860337,9.014803218592636
dc45ff15-8e0b-4d6a-ba44-195073e4bd0a,USD,1649863965,6.952586103388814
75845357-d843-4036-841a-d2e6088b72ce,ETH,1649878388,0.3255891632246577
9287b4ea-2911-45b2-8da7-cc3ca70cb118,USD,1649879702,4.686305651155793
fe3b675f-21d2-4b79-b25f-45150d0e837a,EUR,1649892562,-6.740415312872072
9287b4ea-2911-45b2-8da7-cc3ca70cb118,USD,1649900289,9.143720806152455
f41feb3a-a469-487a-bc9d-59a0dfd89c29,BTC,1649902311,8.755341958016821
a61e005c-af0a-4820-8cd1-8029218fb066,BTC,1649917668,-6.824581930841314
a61e005c-af0a-4820-8cd1-8029218fb066,EUR,1649922005,1.995752251225598
06864593-c803-470c-a6cc-acbbed53c0cb,BTC,1649924193,-0.05276880576104048
6e7c8b3b-708e-4d1f-a58d-d904d91152d7,BTC,1649945326,-7.7632650655111135
78db312b-071d-41d4-8ed6-d46411f44aa4,USD,1649981830,-1.1548916477311177
f41feb3a-a469-487a-bc9d-59a0dfd89c29,USD,1649991009,0.8725782424922954
75845357-d843-4036-841a-d2e6088b72ce,ETH,1649993277,-7.189033629593602
f41feb3a-a469-487a-bc9d-59a0dfd89c29,EUR,1650002580,-0.6002075768030508
259c4a32-9c8f-474a-9f8b-3a9ded89e9b3,USD,1650014300,-3.6494506453390034
ec22ff9f-6f33-4055-bc53-7ee7d8b51c05,BTC,1650021174,8.41782536067926
75845357-d843-4036-841a-d2e6088b72ce,EUR,1650025640,6.199311299089267
75845357-d843-4036-841a-d2e6088b72ce,EUR,1650047390,7.436942053547298
a29da963-12ff-433b-9872-cf9533a3f170,ETH,1650053360,-1.9123002379470897
beed12b3-f39a-43dc-bee6-721a89c0a937,USD,1650064577,8.667341157785174
e2b54159-2bf7-4b89-850b-9f1c680b6bbe,EUR,1650075808,3.873803694216795
d83f6123-2f33-402e-9fb1-25a96c6d19f5,BTC,1650090274,2.747879318638848
fe3b675f-21d2-4b79-b25f-45150d0e837a,ETH,1650108632,-9.913101333668148
e3b2edbd-dff0-40c2-bfa2-20dfa632954e,BAT,1650114302,-7.881320287544975
f8259c81-0d30-436b-bb3e-156cc731e641,ETH,1650116003,7.413747302831691
ec22ff9f-6f33-4055-bc53-7ee7d8b51c05,ETH,1650133385,-4.466725614802791
a61e005c-af0a-4820-8cd1-8029218fb066,ETH,1650150255,-7.751980026966576
f41feb3a-a469-487a-bc9d-59a0dfd89c29,ETH,1650163717,8.45271593120583
ec22ff9f-6f33-4055-bc53-7ee7d8b51c05,EUR,1650178526,-6.58710475814912
ec22ff9f-6f33-4055-bc53-7ee7d8b51c05,BTC,1650200843,-7.215089127765459
f41feb3a-a469-487a-bc9d-59a0dfd89c29,USD,1650209692,-8.446716676105034
e2b54159-2bf7-4b89-850b-9f1c680b6bbe,BTC,1650210215,6.669867053583317
93becbec-6a43-428a-a1ce-6b096c956ca7,USD,1650219565,-4.311269182851611
fe3b675f-21d2-4b79-b25f-45150d0e837a,USD,1650232959,-2.0139328412055857
3caf1a3a-46cf-4c91-b352-9ea9f0c571ec,EUR,1650250026,-4.7641828148701215
9287b4ea-2911-45b2-8da7-cc3ca70cb118,USD,1650277678,-5.372854477101738
ec22ff9f-6f33-4055-bc53-7ee7d8b51c05,USD,1650338283,-4.190192922516058
beed12b3-f39a-43dc-bee6-721a89c0a937,USD,1650339880,3.71784344110819
f1010a49-5aa3-477c-bb16-4d5aebb637c0,ETH,1650346762,-8.940940562505409
a947e704-dbd7-430b-adf4-7039824b8d63,USD,1650352714,0.1672953057261779
e2b54159-2bf7-4b89-850b-9f1c680b6bbe,EUR,1650353733,7.578298528723899
9287b4ea-2911-45b2-8da7-cc3ca70cb118,ETH,1650367552,9.96367422525562
e2b54159-2bf7-4b89-850b-9f1c680b6bbe,EUR,1650374016,-0.7705706667794665
992286bf-16a1-43d3-a31d-642222d91603,BTC,1650381482,0.6268946056518523
e2b54159-2bf7-4b89-850b-9f1c680b6bbe,EUR,1650387994,-7.632805833582317
f41feb3a-a469-487a-bc9d-59a0dfd89c29,EUR,1650388566,-4.382340727520722
93becbec-6a43-428a-a1ce-6b096c956ca7,BTC,1650389700,1.6880192483014262
3063533e-d3d2-46ca-91f5-6168c95c9835,XPR,1650399141,5.910873212498709
e84d7bec-86b6-4f13-892c-1970e2d466bc,BTC,1650405185,9.926970444445466
fdaa102d-797c-4c57-a793-feb6e3aaff0d,ETH,1650431383,-8.304373976498592
044ebe23-2980-4172-aa8b-f59e48b07343,ETH,1650445678,5.170259150185164
1c624660-7fbd-43a5-b791-c997b810db49,BTC,1650447453,0.41969131545529237
e2b54159-2bf7-4b89-850b-9f1c680b6bbe,BTC,1650478150,-8.192510249839929
3063533e-d3d2-46ca-91f5-6168c95c9835,EUR,1650478635,-8.712157046393923
d858e131-0a18-45b3-92a5-77467ce513a5,ETH,1650486514,5.283226936328811
75845357-d843-4036-841a-d2e6088b72ce,BTC,1650489455,1.3991085155655991
b8599949-2ffc-44c4-bc46-2e596e131c17,USD,1650491437,6.760739105722781
3063533e-d3d2-46ca-91f5-6168c95c9835,ETH,1650492853,-4.574573148046972
75845357-d843-4036-841a-d2e6088b72ce,USD,1650517056,9.294237023249366
f41feb3a-a469-487a-bc9d-59a0dfd89c29,BTC,1650576031,3.1342292782252894
0615a717-29b9-4c76-826a-ece60a60f3ae,ETH,1650576333,-4.012433986291512
9287b4ea-2911-45b2-8da7-cc3ca70cb118,EUR,1650581781,-5.7812869418487844
f41feb3a-a469-487a-bc9d-59a0dfd89c29,ETH,1650581915,3.6952230032004856
a61e005c-af0a-4820-8cd1-8029218fb066,BAT,1650583061,8.123559454506616
75845357-d843-4036-841a-d2e6088b72ce,BTC,1650585014,-7.294268643604429
beed12b3-f39a-43dc-bee6-721a89c0a937,ETH,1650588516,-8.560661018287899
9287b4ea-2911-45b2-8da7-cc3ca70cb118,EUR,1650590175,3.1292135268888916
e2b54159-2bf7-4b89-850b-9f1c680b6bbe,BTC,1650596172,8.855461077494805
9287b4ea-2911-45b2-8da7-cc3ca70cb118,USD,1650601471,7.437921089749388
c0ad94db-d257-4e4a-84ca-b9e73442cf78,USD,1650612754,-6.234043053162357
3063533e-d3d2-46ca-91f5-6168c95c9835,EUR,1650619106,-0.7612697930073686
9287b4ea-2911-45b2-8da7-cc3ca70cb118,BTC,1650624884,-1.7011046660928777
ec22ff9f-6f33-4055-bc53-7ee7d8b51c05,ETH,1650652094,-0.0053527189762387906
89e5edba-3eef-4514-856a-287526ae50fa,USD,1650686928,0.9251492590939243
3063533e-d3d2-46ca-91f5-6168c95c9835,BTC,1650709220,3.550867732723571
e2b54159-2bf7-4b89-850b-9f1c680b6bbe,ETH,1650728812,2.6643841312704524
e2b54159-2bf7-4b89-850b-9f1c680b6bbe,ETH,1650735782,-1.0827896594108743
cb1a5abb-9cf9-4e37-91ab-83d3959b1277,EUR,1650754834,-4.649472368263934
75845357-d843-4036-841a-d2e6088b72ce,BTC,1650764369,-9.37837013876798
fe3b675f-21d2-4b79-b25f-45150d0e837a,ETH,1650767764,-6.4954073367900955
75845357-d843-4036-841a-d2e6088b72ce,BTC,1650810290,-6.089147278700418
75845357-d843-4036-841a-d2e6088b72ce,ETH,1650810969,-0.5360677523185196
960aed32-ddad-4784-a770-74fc1ff0da8d,CAD,1650814569,-6.849463674329746
9287b4ea-2911-45b2-8da7-cc3ca70cb118,EUR,1650820889,3.321411218459531
0640659b-bfbc-414c-8e89-4c316287a8dd,USD,1650821142,2.641661228704745
fe3b675f-21d2-4b79-b25f-45150d0e837a,BTC,1650822616,-0.010687469644976133
3063533e-d3d2-46ca-91f5-6168c95c9835,USD,1650825833,2.7034503199122035
9287b4ea-2911-45b2-8da7-cc3ca70cb118,ETH,1650844526,-4.126109284483677
beed12b3-f39a-43dc-bee6-721a89c0a937,CAD,1650847773,-1.042007120420088
3063533e-d3d2-46ca-91f5-6168c95c9835,BTC,1650856620,3.011655409226357
9287b4ea-2911-45b2-8da7-cc3ca70cb118,ETH,1650861275,3.2189625676921008
9287b4ea-2911-45b2-8da7-cc3ca70cb118,ETH,1650864165,-0.10080534093267701
ec22ff9f-6f33-4055-bc53-7ee7d8b51c05,ETH,1650902326,-4.974762633769538
3063533e-d3d2-46ca-91f5-6168c95c9835,USD,1650906712,7.911860787287409
f41feb3a-a469-487a-bc9d-59a0dfd89c29,USD,1650913055,4.471497883638097
93becbec-6a43-428a-a1ce-6b096c956ca7,BAT,1650924142,5.77297797645716
39b1b575-8789-45b1-bf90-16b30832ecc0,ETH,1650943572,7.74495939046875
e3b2edbd-dff0-40c2-bfa2-20dfa632954e,ETH,1650969027,0.26106329687005925
ec22ff9f-6f33-4055-bc53-7ee7d8b51c05,BTC,1650976748,-1.8746303311112396
dc45ff15-8e0b-4d6a-ba44-195073e4bd0a,EUR,1651006787,-4.218703441433583
9287b4ea-2911-45b2-8da7-cc3ca70cb118,USD,1651042339,-5.109610043898575
beed12b3-f39a-43dc-bee6-721a89c0a937,USD,1651050676,-0.7030037355302898
f1010a49-5aa3-477c-bb16-4d5aebb637c0,EUR,1651057361,1.0971039092734731
fe3b675f-21d2-4b79-b25f-45150d0e837a,EUR,1651058165,7.5252749791788425
3063533e-d3d2-46ca-91f5-6168c95c9835,EUR,1651070975,-5.852053725974864
d94aed09-3f48-4b79-ae7d-a8f2cbf69501,BTC,1651078447,-1.766213974668176
fe3b675f-21d2-4b79-b25f-45150d0e837a,USD,1651079935,3.1021350796719496
b61477de-b466-4b13-8a72-e80a721689ca,ETH,1651085489,-7.112795984180189
beed12b3-f39a-43dc-bee6-721a89c0a937,BAT,1651087805,-1.5443175102110818
9287b4ea-2911-45b2-8da7-cc3ca70cb118,EUR,1651089196,-0.3202730939491598
9b889da5-cd5e-4fea-9680-e4aef39193ad,ETH,1651101435,4.713726668902531
6e7c8b3b-708e-4d1f-a58d-d904d91152d7,BAT,1651109301,8.280717893698132
f8259c81-0d30-436b-bb3e-156cc731e641,USD,1651113803,-1.652802544670708
5dd16e20-7875-458f-bee4-29f27dd61bbd,BTC,1651127263,-0.7260022693170836
93becbec-6a43-428a-a1ce-6b096c956ca7,ETH,1651140986,7.450301984998134
960aed32-ddad-4784-a770-74fc1ff0da8d,BTC,1651155709,-0.8564363541405058
27ad712a-9148-4b34-83ec-8bae3ea4cdbf,EUR,1651165545,8.933324434248995
3063533e-d3d2-46ca-91f5-6168c95c9835,BTC,1651185825,-8.471649211096874
68b37b28-d244-45ab-94c4-21f57bb55a62,ETH,1651194472,-7.766025001877434
beed12b3-f39a-43dc-bee6-721a89c0a937,ETH,1651201246,6.094057390459035
e3b2edbd-dff0-40c2-bfa2-20dfa632954e,EUR,1651208612,7.518339559389673
beed12b3-f39a-43dc-bee6-721a89c0a937,BTC,1651221987,-8.191502884054076
beed12b3-f39a-43dc-bee6-721a89c0a937,XPR,1651226019,-7.206741337292755
044ebe23-2980-4172-aa8b-f59e48b07343,BTC,1651226294,9.57725806570026
75845357-d843-4036-841a-d2e6088b72ce,ETH,1651229171,-1.0873675877831914
ec22ff9f-6f33-4055-bc53-7ee7d8b51c05,BAT,1651229240,-1.0524603870693472
93becbec-6a43-428a-a1ce-6b096c956ca7,USD,1651231918,-8.776118034099675
c12908fd-8688-4926-8453-c480b5ecb48a,ETH,1651264361,-8.200345751706008
4b2f64c2-d6b2-421b-a6af-685573cd7f56,ETH,1651267011,9.020416053834072
92934d8d-a4cc-456f-97ca-c77f528c6bda,EUR,1651267126,-6.162145383686132
a61e005c-af0a-4820-8cd1-8029218fb066,EUR,1651292797,-9.888576331444565
fe3b675f-21d2-4b79-b25f-45150d0e837a,USD,1651307500,-5.367250201592462
5a623012-bb14-4bc5-977a-8d57033a1342,BTC,1651328297,6.437426054770697
e2b54159-2bf7-4b89-850b-9f1c680b6bbe,XPR,1651332288,-0.20594207797289776
fe3b675f-21d2-4b79-b25f-45150d0e837a,USD,1651341595,4.946378529304408
ec22ff9f-6f33-4055-bc53-7ee7d8b51c05,BTC,1651375195,2.1643332532417308
fe3b675f-21d2-4b79-b25f-45150d0e837a,BAT,1651391033,2.453921940005749
beed12b3-f39a-43dc-bee6-721a89c0a937,USD,1651392873,4.0013503984557275
9287b4ea-2911-45b2-8da7-cc3ca70cb118,BTC,1651397644,9.95784742464275
93becbec-6a43-428a-a1ce-6b096c956ca7,EUR,1651400311,-0.9501506895239498
3063533e-d3d2-46ca-91f5-6168c95c9835,ETH,1651415320,7.1805288434219285
93becbec-6a43-428a-a1ce-6b096c956ca7,USD,1651416165,7.352444776278052
3633f00d-bf93-44be-9ad2-4c7a0e1e5679,ETH,1651421737,6.450781534169565
68b37b28-d244-45ab-94c4-21f57bb55a62,BTC,1651425011,6.002699381359722
a61e005c-af0a-4820-8cd1-8029218fb066,BAT,1651425610,-4.68123427325795
9287b4ea-2911-45b2-8da7-cc3ca70cb118,EUR,1651432548,-1.5693793706227837
9287b4ea-2911-45b2-8da7-cc3ca70cb118,EUR,1651444187,-9.851925577126169
92934d8d-a4cc-456f-97ca-c77f528c6bda,BTC,1651447393,5.2255913117302235
93becbec-6a43-428a-a1ce-6b096c956ca7,USD,1651453752,-4.118391160419906
e2b54159-2bf7-4b89-850b-9f1c680b6bbe,ETH,1651465272,1.9550507937275245
9287b4ea-2911-45b2-8da7-cc3ca70cb118,XPR,1651486673,-8.018671042959337
e2b54159-2bf7-4b89-850b-9f1c680b6bbe,BTC,1651489479,-8.826756893740262
e2b54159-2bf7-4b89-850b-9f1c680b6bbe,EUR,1651493127,-8.96290482397288
d216d37c-df5d-4c8d-a79d-8cb1f7dbc0f7,EUR,1651495478,7.096681822201663
e2b54159-2bf7-4b89-850b-9f1c680b6bbe,ETH,1651497709,-0.3362180905911476
fe3b675f-21d2-4b79-b25f-45150d0e837a,BTC,1651500860,-1.5936871925060974
f41feb3a-a469-487a-bc9d-59a0dfd89c29,BTC,1651501224,7.784845624771744
464298b8-8b92-463e-949b-3ba65c3b58c6,BTC,1651505473,4.7189283901949715
e2b54159-2bf7-4b89-850b-9f1c680b6bbe,ETH,1651509899,-0.6286697592518955
a61e005c-af0a-4820-8cd1-8029218fb066,ETH,1651557469,2.349896941894418
9287b4ea-2911-45b2-8da7-cc3ca70cb118,EUR,1651560083,0.2911296121123179
79b2b699-e758-48a8-bc3b-379fa77bb478,EUR,1651567433,0.38359896747081557
3063533e-d3d2-46ca-91f5-6168c95c9835,ETH,1651590832,-4.317293894274661
7e26da7f-3fe1-4790-a9bf-147bf2a852ec,XPR,1651607221,3.3349483215003524
e2b54159-2bf7-4b89-850b-9f1c680b6bbe,EUR,1651609769,-6.014058125321238
fe2f78e2-7054-4eba-ad62-6c2164a7e3e3,BAT,1651614573,1.593226765289657
e2b54159-2bf7-4b89-850b-9f1c680b6bbe,CAD,1651652478,-9.82395935313006
9287b4ea-2911-45b2-8da7-cc3ca70cb118,USD,1651652685,5.932145204742948
93becbec-6a43-428a-a1ce-6b096c956ca7,USD,1651662255,-6.4355128856604775
335809b4-e5f6-4eeb-872d-539052a9546d,USD,1651666457,-6.961515458242733
9287b4ea-2911-45b2-8da7-cc3ca70cb118,USD,1651668655,3.8003213149347896
1c624660-7fbd-43a5-b791-c997b810db49,ETH,1651691336,8.354874790149541
ab77e7b3-19cf-4680-a47f-28b90448335c,USD,1651695749,-3.9538710508789343
e2b54159-2bf7-4b89-850b-9f1c680b6bbe,BTC,1651695911,-1.753270511207198
93becbec-6a43-428a-a1ce-6b096c956ca7,USD,1651696050,-0.2748001164019982
fe3b675f-21d2-4b79-b25f-45150d0e837a,BAT,1651705473,0.4460167262289616
a61e005c-af0a-4820-8cd1-8029218fb066,ETH,1651706174,-6.042458319872548
fe3b675f-21d2-4b79-b25f-45150d0e837a,EUR,1651710218,3.4797202022662646
a61e005c-af0a-4820-8cd1-8029218fb066,ETH,1651712830,4.96139916415447
e2b54159-2bf7-4b89-850b-9f1c680b6bbe,EUR,1651717295,-5.495020420384784
78db312b-071d-41d4-8ed6-d46411f44aa4,BTC,1651742659,0.2562103934621458
9287b4ea-2911-45b2-8da7-cc3ca70cb118,BTC,1651752099,8.286645938823206
fe3b675f-21d2-4b79-b25f-45150d0e837a,ETH,1651770225,-0.6809877970329037
9287b4ea-2911-45b2-8da7-cc3ca70cb118,EUR,1651785387,-3.765373480894354
9287b4ea-2911-45b2-8da7-cc3ca70cb118,ETH,1651801536,5.25348228187563
93becbec-6a43-428a-a1ce-6b096c956ca7,BTC,1651806526,2.6990347383215685
5b8e58a5-9b9f-4f1b-969f-21dbee72f0bb,BTC,1651812029,6.22316721053291
3063533e-d3d2-46ca-91f5-6168c95c9835,ETH,1651818894,-8.317317126486568
ec22ff9f-6f33-4055-bc53-7ee7d8b51c05,BTC,1651819756,-5.4807474248387855
beed12b3-f39a-43dc-bee6-721a89c0a937,BAT,1651831784,0.1999475946176439
f1bc887e-df8c-4d6d-b633-a0432564e31a,BTC,1651882511,-7.634253927946649
cb1a5abb-9cf9-4e37-91ab-83d3959b1277,USD,1651921683,0.2774603864402643
9287b4ea-2911-45b2-8da7-cc3ca70cb118,EUR,1651931276,4.297151225935211
fe3b675f-21d2-4b79-b25f-45150d0e837a,EUR,1651936709,2.881736181723893
01f5b699-535e-415c-af84-446e5c00385e,ETH,1651939358,-6.914227665711357
1e6d232e-11f4-4cd6-9eb4-020af5d6a1fb,EUR,1651940249,-4.837418169157084
93becbec-6a43-428a-a1ce-6b096c956ca7,USD,1651945391,-2.409968716144979
06864593-c803-470c-a6cc-acbbed53c0cb,ETH,1651974559,3.9526121341296356
93becbec-6a43-428a-a1ce-6b096c956ca7,EUR,1651976800,-9.576232111487684
55578bf3-84af-4f11-bf24-6be394197c26,BTC,1651981988,-5.616118329050355
beed12b3-f39a-43dc-bee6-721a89c0a937,EUR,1651988373,8.930795681587359
fe3b675f-21d2-4b79-b25f-45150d0e837a,EUR,1652011789,7.72220584728262
a61e005c-af0a-4820-8cd1-8029218fb066,BTC,1652020334,-9.929123524274432
5a623012-bb14-4bc5-977a-8d57033a1342,BAT,1652036872,1.9690332345283519
9287b4ea-2911-45b2-8da7-cc3ca70cb118,EUR,1652046434,-0.10366260890003787
fe3b675f-21d2-4b79-b25f-45150d0e837a,XPR,1652074428,-9.329786300887426
3063533e-d3d2-46ca-91f5-6168c95c9835,EUR,1652103762,7.855491200372462
ec22ff9f-6f33-4055-bc53-7ee7d8b51c05,USD,1652112686,5.727213557343518
ec22ff9f-6f33-4055-bc53-7ee7d8b51c05,USD,1652130116,-2.4038301452900557
3063533e-d3d2-46ca-91f5-6168c95c9835,BTC,1652130820,-2.1937818899028088
8f08a9c5-0884-4bd2-8d00-d772d32654a1,BAT,1652149321,-1.4898260697373829
3063533e-d3d2-46ca-91f5-6168c95c9835,BAT,1652167747,9.972362531499144
78db312b-071d-41d4-8ed6-d46411f44aa4,EUR,1652176813,-1.4914276062865994
55578bf3-84af-4f11-bf24-6be394197c26,BAT,1652180542,-9.643295858367722
93becbec-6a43-428a-a1ce-6b096c956ca7,USD,1652196346,9.929439725690447
fe3b675f-21d2-4b79-b25f-45150d0e837a,BTC,1652226067,8.778364912026273
ab77e7b3-19cf-4680-a47f-28b90448335c,USD,1652228377,1.7863561560492052
38a23cc5-363b-43c7-ba39-5daa13ed4e2b,ETH,1652230841,-8.241523591310818
fe3b675f-21d2-4b79-b25f-45150d0e837a,EUR,1652236578,-7.475612073494286
f41feb3a-a469-487a-bc9d-59a0dfd89c29,ETH,1652244062,-8.1092180698604
3063533e-d3d2-46ca-91f5-6168c95c9835,ETH,1652256262,1.9312196202708147
3063533e-d3d2-46ca-91f5-6168c95c9835,USD,1652283073,-9.686172152043913
3063533e-d3d2-46ca-91f5-6168c95c9835,XPR,1652285359,-8.967442563260432
f41feb3a-a469-487a-bc9d-59a0dfd89c29,CAD,1652321009,-7.136335838493575
e2b54159-2bf7-4b89-850b-9f1c680b6bbe,USD,1652328103,9.817985813209113
93becbec-6a43-428a-a1ce-6b096c956ca7,XPR,1652342280,-4.616901301849358
68b37b28-d244-45ab-94c4-21f57bb55a62,BTC,1652359863,-4.324767210783094
6044e2ef-8425-487c-b8bf-b88a87cc43f9,USD,1652362925,4.946229755992849
e2b54159-2bf7-4b89-850b-9f1c680b6bbe,USD,1652401463,6.570544733007807
4760ba51-fb20-47c1-8751-abd21264713a,ETH,1652415021,-1.5024248761769794
d216d37c-df5d-4c8d-a79d-8cb1f7dbc0f7,ETH,1652416057,6.5543857044781575
ec22ff9f-6f33-4055-bc53-7ee7d8b51c05,BTC,1652443627,-7.575381260310219
beed12b3-f39a-43dc-bee6-721a89c0a937,XPR,1652461094,-5.254542919703966
259c4a32-9c8f-474a-9f8b-3a9ded89e9b3,USD,1652466740,-5.2056207189461805
f41feb3a-a469-487a-bc9d-59a0dfd89c29,EUR,1652478474,0.5726542863213684
fe3b675f-21d2-4b79-b25f-45150d0e837a,EUR,1652489407,-4.1745517586004315
f2bd38cb-310b-457e-8cb1-c8b5bb589288,EUR,1652498292,7.431143298068228
fe3b675f-21d2-4b79-b25f-45150d0e837a,ETH,1652515233,4.700539118998567
beed12b3-f39a-43dc-bee6-721a89c0a937,ETH,1652517833,9.246558540400738
e2b54159-2bf7-4b89-850b-9f1c680b6bbe,BTC,1652537796,9.47969088514784
a61e005c-af0a-4820-8cd1-8029218fb066,EUR,1652553423,-8.782200289642695
99c17ee8-9189-4682-8f4d-a3e22a59e12f,ETH,1652561360,-7.097525573536252
ec22ff9f-6f33-4055-bc53-7ee7d8b51c05,BTC,1652564796,1.9639449368497512
7e26da7f-3fe1-4790-a9bf-147bf2a852ec,EUR,1652567182,-6.650322424277803
93becbec-6a43-428a-a1ce-6b096c956ca7,USD,1652578493,7.116137506262557
e2b54159-2bf7-4b89-850b-9f1c680b6bbe,EUR,1652596217,3.5443017933879624
f41feb3a-a469-487a-bc9d-59a0dfd89c29,USD,1652615784,0.7730060780603054
9287b4ea-2911-45b2-8da7-cc3ca70cb118,EUR,1652627557,-8.589343855597944
f41feb3a-a469-487a-bc9d-59a0dfd89c29,BTC,1652630539,8.286691396176163
f41feb3a-a469-487a-bc9d-59a0dfd89c29,USD,1652636779,-7.7531266618168075
f2bd38cb-310b-457e-8cb1-c8b5bb589288,BTC,1652638302,-8.971597250997224
75845357-d843-4036-841a-d2e6088b72ce,BTC,1652653726,0.6338372872285589
fe3b675f-21d2-4b79-b25f-45150d0e837a,USD,1652658804,6.807028968180678
ec22ff9f-6f33-4055-bc53-7ee7d8b51c05,USD,1652663939,-2.8381709372388997
f41feb3a-a469-487a-bc9d-59a0dfd89c29,ETH,1652670166,-2.3706139171397744
78fec595-1f14-4e85-b295-e430a6ba7686,ETH,1652682835,-2.2949897670797226
fe3b675f-21d2-4b79-b25f-45150d0e837a,EUR,1652685431,7.660906950160651
beed12b3-f39a-43dc-bee6-721a89c0a937,USD,1652697550,5.572698831925306
beed12b3-f39a-43dc-bee6-721a89c0a937,ETH,1652717914,-0.6353307237520767
75845357-d843-4036-841a-d2e6088b72ce,USD,1652722296,1.3923309762604816
a61e005c-af0a-4820-8cd1-8029218fb066,USD,1652729509,-7.748986383307019
3063533e-d3d2-46ca-91f5-6168c95c9835,ETH,1652734952,3.265950642070024
1e6d232e-11f4-4cd6-9eb4-020af5d6a1fb,ETH,1652754986,-0.6763283020342712
c98bc1a8-6926-4a59-83c9-09de99a905b4,BTC,1652757861,8.354099980983772
a61e005c-af0a-4820-8cd1-8029218fb066,EUR,1652758160,6.14563971182864
beed12b3-f39a-43dc-bee6-721a89c0a937,ETH,1652784948,3.5181669708160292
bdbeede3-8470-4baf-9f28-8f9e01b935d6,XPR,1652834670,5.172887859863366
3063533e-d3d2-46ca-91f5-6168c95c9835,BTC,1652842484,-8.87004245135107
945d4c4d-4281-4ff9-a6fe-de9dfd858f72,ETH,1652859361,6.254680335757136
464298b8-8b92-463e-949b-3ba65c3b58c6,EUR,1652875479,-1.9582717253729065
a61e005c-af0a-4820-8cd1-8029218fb066,BAT,1652894964,7.5168381034173954
d216d37c-df5d-4c8d-a79d-8cb1f7dbc0f7,BTC,1652901166,-1.4930718966393197
f41feb3a-a469-487a-bc9d-59a0dfd89c29,ETH,1652903982,8.409044267827031
f41feb3a-a469-487a-bc9d-59a0dfd89c29,BAT,1652915193,6.402664943749542
9287b4ea-2911-45b2-8da7-cc3ca70cb118,BTC,1652918382,7.216584298253213
ec22ff9f-6f33-4055-bc53-7ee7d8b51c05,USD,1652956263,0.1708672930290298
934357bf-b14a-4da8-8b0c-ed0c28540389,EUR,1652956385,8.552252115294479
beed12b3-f39a-43dc-bee6-721a89c0a937,ETH,1652970482,2.713751849955912
beed12b3-f39a-43dc-bee6-721a89c0a937,EUR,1652976227,-8.352824832564014
e2b54159-2bf7-4b89-850b-9f1c680b6bbe,ETH,1653002653,3.896986765201479
3063533e-d3d2-46ca-91f5-6168c95c9835,BTC,1653006283,-3.3722509060394064
beed12b3-f39a-43dc-bee6-721a89c0a937,BAT,1653007229,5.951110090308147
e2b54159-2bf7-4b89-850b-9f1c680b6bbe,EUR,1653017736,9.219169978229655
75845357-d843-4036-841a-d2e6088b72ce,EUR,1653021409,-0.6743309545428033
3063533e-d3d2-46ca-91f5-6168c95c9835,ETH,1653027564,-1.6234842624473913
9b889da5-cd5e-4fea-9680-e4aef39193ad,BAT,1653036342,4.656790405062463
b61477de-b466-4b13-8a72-e80a721689ca,ETH,1653041955,-3.535481174878794
3063533e-d3d2-46ca-91f5-6168c95c9835,USD,1653045399,9.457560265960506
a61e005c-af0a-4820-8cd1-8029218fb066,BTC,1653049788,9.027469259846875
93becbec-6a43-428a-a1ce-6b096c956ca7,ETH,1653075757,8.393627435694373
fe3b675f-21d2-4b79-b25f-45150d0e837a,ETH,1653109564,-5.851063780196877
75845357-d843-4036-841a-d2e6088b72ce,BTC,1653109807,-8.366253147305404
c0ad94db-d257-4e4a-84ca-b9e73442cf78,BTC,1653153122,-5.101803749776375
93becbec-6a43-428a-a1ce-6b096c956ca7,EUR,1653165699,-5.911390731969275
fe3b675f-21d2-4b79-b25f-45150d0e837a,EUR,1653176718,0.1622355721147013
b61477de-b466-4b13-8a72-e80a721689ca,USD,1653179660,-6.546274572247713
fe3b675f-21d2-4b79-b25f-45150d0e837a,ETH,1653190052,-7.4975205513232694
27ad712a-9148-4b34-83ec-8bae3ea4cdbf,USD,1653197974,-6.115153594604259
a61e005c-af0a-4820-8cd1-8029218fb066,EUR,1653218922,7.01084314708277
a61e005c-af0a-4820-8cd1-8029218fb066,EUR,1653219909,9.812608067642241
75845357-d843-4036-841a-d2e6088b72ce,USD,1653221327,-4.349176770781106
93becbec-6a43-428a-a1ce-6b096c956ca7,BTC,1653233841,7.838378274030461
d137f350-8287-42e4-99aa-cd56cb77aa8f,BTC,1653251542,-6.292354361418441
f41feb3a-a469-487a-bc9d-59a0dfd89c29,EUR,1653253819,-3.9268279021666253
3063533e-d3d2-46ca-91f5-6168c95c9835,BTC,1653259676,-5.515957654798944
a61e005c-af0a-4820-8cd1-8029218fb066,USD,1653260250,0.374171902531117
9287b4ea-2911-45b2-8da7-cc3ca70cb118,ETH,1653264125,0.7227059191669749
a75ecbba-3eb1-43a0-8c9a-863569911bc3,ETH,1653270591,5.019266143163319
fe3b675f-21d2-4b79-b25f-45150d0e837a,XPR,1653280600,8.609291928634512
f1010a49-5aa3-477c-bb16-4d5aebb637c0,EUR,1653283931,2.4776466812487374
93becbec-6a43-428a-a1ce-6b096c956ca7,ETH,1653292906,-8.902927020887194
89e5edba-3eef-4514-856a-287526ae50fa,ETH,1653306779,-4.9289451955744745
93becbec-6a43-428a-a1ce-6b096c956ca7,ETH,1653339279,-6.282176568747095
a61e005c-af0a-4820-8cd1-8029218fb066,XPR,1653343433,0.832003084816165
a61e005c-af0a-4820-8cd1-8029218fb066,XPR,1653350671,3.0814776538980926
9287b4ea-2911-45b2-8da7-cc3ca70cb118,ETH,1653369874,-8.932189152796361
fe3b675f-21d2-4b79-b25f-45150d0e837a,XPR,1653375025,-4.651662476081646
d137f350-8287-42e4-99aa-cd56cb77aa8f,ETH,1653380738,-8.523664857340528
ec22ff9f-6f33-4055-bc53-7ee7d8b51c05,USD,1653381144,-8.643296027220872
6044e2ef-8425-487c-b8bf-b88a87cc43f9,EUR,1653385084,8.742280455773734
93becbec-6a43-428a-a1ce-6b096c956ca7,USD,1653398070,7.25980872000558
f41feb3a-a469-487a-bc9d-59a0dfd89c29,ETH,1653417386,-9.897399848596093
39b1b575-8789-45b1-bf90-16b30832ecc0,BTC,1653419815,-1.533208699002568
fe3b675f-21d2-4b79-b25f-45150d0e837a,BTC,1653433095,-6.863742171064717
7c615c0c-a984-410a-bbe4-7f9b06d717f8,BTC,1653446726,2.001978597176283
9287b4ea-2911-45b2-8da7-cc3ca70cb118,ETH,1653454222,-2.0539663578091076
945d4c4d-4281-4ff9-a6fe-de9dfd858f72,ETH,1653456673,8.122780781669611
e2b54159-2bf7-4b89-850b-9f1c680b6bbe,ETH,1653457109,7.008261535495748
a61e005c-af0a-4820-8cd1-8029218fb066,BAT,1653460991,-2.149054161760393
fe3b675f-21d2-4b79-b25f-45150d0e837a,EUR,1653490423,0.012730624332844442
f1bc887e-df8c-4d6d-b633-a0432564e31a,USD,1653497523,3.3519994330482277
f41feb3a-a469-487a-bc9d-59a0dfd89c29,ETH,1653497898,3.692924038987428
f41feb3a-a469-487a-bc9d-59a0dfd89c29,EUR,1653516537,-6.848507755184228
beed12b3-f39a-43dc-bee6-721a89c0a937,EUR,1653545736,9.556897899838397
6044e2ef-8425-487c-b8bf-b88a87cc43f9,USD,1653552957,-0.0821442345297747
cc19a596-79eb-4ae6-92a8-6f7ff846355a,ETH,1653557697,3.8102402726416216
9287b4ea-2911-45b2-8da7-cc3ca70cb118,CAD,1653569566,-0.9184142779128823
a61e005c-af0a-4820-8cd1-8029218fb066,BTC,1653573116,8.369788256528917
ec22ff9f-6f33-4055-bc53-7ee7d8b51c05,BTC,1653573755,-3.6093973804962687
a61e005c-af0a-4820-8cd1-8029218fb066,BTC,1653579550,6.513747666801603
fe3b675f-21d2-4b79-b25f-45150d0e837a,USD,1653586334,2.7760828478315247
a61e005c-af0a-4820-8cd1-8029218fb066,ETH,1653605801,7.233360120873247
ec22ff9f-6f33-4055-bc53-7ee7d8b51c05,USD,1653612526,-1.5353597096523721
d94aed09-3f48-4b79-ae7d-a8f2cbf69501,EUR,1653616134,-3.0433577088484842
a61e005c-af0a-4820-8cd1-8029218fb066,CAD,1653634270,3.0876792626573124
dc45ff15-8e0b-4d6a-ba44-195073e4bd0a,EUR,1653636647,-8.20954994064338
38a23cc5-363b-43c7-ba39-5daa13ed4e2b,EUR,1653637724,8.242636424281628
9287b4ea-2911-45b2-8da7-cc3ca70cb118,ETH,1653654859,6.789360612419468
a61e005c-af0a-4820-8cd1-8029218fb066,EUR,1653662257,-8.771697912878702
75845357-d843-4036-841a-d2e6088b72ce,ETH,1653667532,-4.451103438878688
93becbec-6a43-428a-a1ce-6b096c956ca7,USD,1653669946,-7.082683029971248
78fec595-1f14-4e85-b295-e430a6ba7686,EUR,1653672459,4.114659434569511
a61e005c-af0a-4820-8cd1-8029218fb066,BTC,1653687592,9.572037928300244
ec22ff9f-6f33-4055-bc53-7ee7d8b51c05,XPR,1653691461,8.46880411035108
4832c931-325f-4bda-9926-9dfc310ccbad,BTC,1653704195,1.893418473558917
ec22ff9f-6f33-4055-bc53-7ee7d8b51c05,EUR,1653706912,2.0329116903312165
3063533e-d3d2-46ca-91f5-6168c95c9835,BTC,1653708544,2.1192731333388224
75845357-d843-4036-841a-d2e6088b72ce,EUR,1653714448,-7.4048694199228855
3caf1a3a-46cf-4c91-b352-9ea9f0c571ec,BTC,1653728823,5.789660913869428
e2b54159-2bf7-4b89-850b-9f1c680b6bbe,XPR,1653729542,-3.281422185398033
e2b54159-2bf7-4b89-850b-9f1c680b6bbe,ETH,1653744752,-7.987894863021796
a61e005c-af0a-4820-8cd1-8029218fb066,BTC,1653756927,-4.531251640602372
75845357-d843-4036-841a-d2e6088b72ce,ETH,1653781403,-7.24847111251486
987eae8b-a10b-4a88-a437-37a982f5acb5,XPR,1653789540,5.9374343059330865
ec22ff9f-6f33-4055-bc53-7ee7d8b51c05,USD,1653802515,8.8221643775276
ab77e7b3-19cf-4680-a47f-28b90448335c,EUR,1653805580,-3.5324818069172848
1c624660-7fbd-43a5-b791-c997b810db49,USD,1653815534,-4.6880972483225625
fe3b675f-21d2-4b79-b25f-45150d0e837a,USD,1653817082,-7.32782657220433
93becbec-6a43-428a-a1ce-6b096c956ca7,USD,1653817306,-0.024164025657945842
75845357-d843-4036-841a-d2e6088b72ce,ETH,1653846561,5.149909857338777
f41feb3a-a469-487a-bc9d-59a0dfd89c29,BTC,1653858323,-2.4103240393188274
e64722ab-ac45-4631-80ac-c45da5ff8c01,EUR,1653884294,-4.286669489607231
beed12b3-f39a-43dc-bee6-721a89c0a937,BTC,1653897162,-0.37994225388170655
9287b4ea-2911-45b2-8da7-cc3ca70cb118,CAD,1653902781,-2.526318520641045
e2b54159-2bf7-4b89-850b-9f1c680b6bbe,BAT,1653914181,-5.968367702648134
f41feb3a-a469-487a-bc9d-59a0dfd89c29,ETH,1653918484,-9.025292765669358
c2e51592-d482-4909-892e-01b0a8a0d423,BTC,1653925370,9.082522223424817
75845357-d843-4036-841a-d2e6088b72ce,USD,1653926325,-7.0826663570299235
55578bf3-84af-4f11-bf24-6be394197c26,BTC,1653959547,-2.9661693607001594
39b1b575-8789-45b1-bf90-16b30832ecc0,BAT,1653960630,7.337017479370868
f2bd38cb-310b-457e-8cb1-c8b5bb589288,ETH,1653962481,1.5685881220835896
5e106318-4553-4462-b510-5438b6a329e5,XPR,1653982416,4.475775470449278
e2b54159-2bf7-4b89-850b-9f1c680b6bbe,USD,1654009370,9.81146031252921
fe3b675f-21d2-4b79-b25f-45150d0e837a,BAT,1654010402,-9.782564926228671
cb1a5abb-9cf9-4e37-91ab-83d3959b1277,EUR,1654019214,6.896797678980295
e2b54159-2bf7-4b89-850b-9f1c680b6bbe,USD,1654028232,-4.498105030080781
d4dcb8fa-5698-4391-a79f-043adda8a220,BTC,1654039022,-3.6396300001692357
fe3b675f-21d2-4b79-b25f-45150d0e837a,EUR,1654039440,8.074642095801398
960aed32-ddad-4784-a770-74fc1ff0da8d,BTC,1654054930,7.008887740154318
f41feb3a-a469-487a-bc9d-59a0dfd89c29,BTC,1654060664,-4.326874913893066
a61e005c-af0a-4820-8cd1-8029218fb066,XPR,1654073830,7.420405632705272
75845357-d843-4036-841a-d2e6088b72ce,EUR,1654082418,7.752884593317862
06864593-c803-470c-a6cc-acbbed53c0cb,EUR,1654083659,4.777238093978394
d94aed09-3f48-4b79-ae7d-a8f2cbf69501,ETH,1654088713,9.398785522374247
a61e005c-af0a-4820-8cd1-8029218fb066,BTC,1654088931,-2.0343963340410154
fe3b675f-21d2-4b79-b25f-45150d0e837a,BTC,1654093096,-9.421370439881061
ec22ff9f-6f33-4055-bc53-7ee7d8b51c05,EUR,1654107230,4.674100380264958
e2b54159-2bf7-4b89-850b-9f1c680b6bbe,BTC,1654107358,1.3080355690717322
d137f350-8287-42e4-99aa-cd56cb77aa8f,BTC,1654110142,-2.1772760038273304
6e7c8b3b-708e-4d1f-a58d-d904d91152d7,XPR,1654110510,-1.1681411625445257
fe3b675f-21d2-4b79-b25f-45150d0e837a,BTC,1654114347,6.775915937444623
a75ecbba-3eb1-43a0-8c9a-863569911bc3,USD,1654128889,-9.27479718383381
f89443b9-1dfe-427e-b718-8846f977bf51,USD,1654150184,-2.2988115027361804
b8599949-2ffc-44c4-bc46-2e596e131c17,XPR,1654158871,4.699940997314311
d858e131-0a18-45b3-92a5-77467ce513a5,USD,1654174868,8.109645945372804
fe3b675f-21d2-4b79-b25f-45150d0e837a,BTC,1654179058,5.468784328542544
3063533e-d3d2-46ca-91f5-6168c95c9835,BTC,1654206137,8.053110652044747
934357bf-b14a-4da8-8b0c-ed0c28540389,USD,1654224295,4.332719488693471
beed12b3-f39a-43dc-bee6-721a89c0a937,BTC,1654240177,8.176903469773102
cc19a596-79eb-4ae6-92a8-6f7ff846355a,CAD,1654259328,-8.438305910202706
93becbec-6a43-428a-a1ce-6b096c956ca7,BTC,1654268839,0.7798771837076419
ec22ff9f-6f33-4055-bc53-7ee7d8b51c05,ETH,1654299589,-2.416078289702501
75845357-d843-4036-841a-d2e6088b72ce,XPR,1654319910,-8.965851305626689
4a6f2b89-07cb-4557-b821-5a8ea03d2f71,ETH,1654350712,-2.7411397543165013
75845357-d843-4036-841a-d2e6088b72ce,CAD,1654383392,-9.283041004070142
93becbec-6a43-428a-a1ce-6b096c956ca7,USD,1654414214,-7.664663186485194
c2e51592-d482-4909-892e-01b0a8a0d423,USD,1654420644,-9.104398519390678
a61e005c-af0a-4820-8cd1-8029218fb066,ETH,1654451282,1.3489725683252551
044ebe23-2980-4172-aa8b-f59e48b07343,ETH,1654459412,-9.156830498341142
e2b54159-2bf7-4b89-850b-9f1c680b6bbe,ETH,1654462000,3.6916334100721304
ec22ff9f-6f33-4055-bc53-7ee7d8b51c05,ETH,1654463744,3.7300827579855813
ec22ff9f-6f33-4055-bc53-7ee7d8b51c05,ETH,1654470634,-7.458667084539772
a61e005c-af0a-4820-8cd1-8029218fb066,BTC,1654490056,7.280939909393641
a75ecbba-3eb1-43a0-8c9a-863569911bc3,EUR,1654513742,-5.827928470850545
3063533e-d3d2-46ca-91f5-6168c95c9835,BTC,1654516867,7.867814312395993
9287b4ea-2911-45b2-8da7-cc3ca70cb118,ETH,1654525147,3.72353939689744
e2b54159-2bf7-4b89-850b-9f1c680b6bbe,ETH,1654544808,8.504690907928566
ec22ff9f-6f33-4055-bc53-7ee7d8b51c05,BAT,1654563960,0.9491214284064835
93becbec-6a43-428a-a1ce-6b096c956ca7,CAD,1654575994,-8.57288589151638
5dd16e20-7875-458f-bee4-29f27dd61bbd,EUR,1654579909,3.0562997649801122
93becbec-6a43-428a-a1ce-6b096c956ca7,ETH,1654586389,4.144715338706932
ec22ff9f-6f33-4055-bc53-7ee7d8b51c05,USD,1654594752,8.50354450246336
5b8e58a5-9b9f-4f1b-969f-21dbee72f0bb,USD,1654597471,0.8247947367345976
e2b54159-2bf7-4b89-850b-9f1c680b6bbe,ETH,1654598232,-0.16760464724926472
93becbec-6a43-428a-a1ce-6b096c956ca7,BTC,1654636520,-0.7058433816644154
39b1b575-8789-45b1-bf90-16b30832ecc0,BTC,1654644491,-2.895885385728862
55578bf3-84af-4f11-bf24-6be394197c26,EUR,1654645392,9.267363524337402
fe3b675f-21d2-4b79-b25f-45150d0e837a,USD,1654649713,3.1120684838619077
f41feb3a-a469-487a-bc9d-59a0dfd89c29,USD,1654670924,-5.292878825559482
a61e005c-af0a-4820-8cd1-8029218fb066,BTC,1654683310,8.563556343561306
9287b4ea-2911-45b2-8da7-cc3ca70cb118,BAT,1654686405,7.738418890046429
a61e005c-af0a-4820-8cd1-8029218fb066,XPR,1654689024,-5.873222855053206
fe3b675f-21d2-4b79-b25f-45150d0e837a,BTC,1654701655,-6.465428011236154
a61e005c-af0a-4820-8cd1-8029218fb066,USD,1654708971,0.638734703804591
945d4c4d-4281-4ff9-a6fe-de9dfd858f72,BTC,1654736492,-5.322326639463208
5b8e58a5-9b9f-4f1b-969f-21dbee72f0bb,EUR,1654737742,-1.435850655925286
a61e005c-af0a-4820-8cd1-8029218fb066,BTC,1654739770,-4.1590456174872825
5fec4264-78eb-43ed-9c3d-33b6e58a8c3f,USD,1654752245,-2.9351491563355374
ec22ff9f-6f33-4055-bc53-7ee7d8b51c05,USD,1654786136,4.740692526683802
987eae8b-a10b-4a88-a437-37a982f5acb5,ETH,1654786553,6.63527481585421
92934d8d-a4cc-456f-97ca-c77f528c6bda,EUR,1654806254,-9.645010807296227
5b1caf3b-c40b-419f-b819-86b258ae3a18,EUR,1654813142,9.80252887199438
6044e2ef-8425-487c-b8bf-b88a87cc43f9,ETH,1654820129,-5.216139753226427
beed12b3-f39a-43dc-bee6-721a89c0a937,ETH,1654836382,5.448461017036092
5b8e58a5-9b9f-4f1b-969f-21dbee72f0bb,EUR,1654851571,-3.2805695857664796
9287b4ea-2911-45b2-8da7-cc3ca70cb118,ETH,1654863203,5.613034057564395
f41feb3a-a469-487a-bc9d-59a0dfd89c29,USD,1654888032,-0.1508419067034552
ec22ff9f-6f33-4055-bc53-7ee7d8b51c05,BTC,1654888399,-4.322043926509675
ec22ff9f-6f33-4055-bc53-7ee7d8b51c05,ETH,1654910580,1.509675498271303
a61e005c-af0a-4820-8cd1-8029218fb066,ETH,1654911753,5.460701875968665
e2b54159-2bf7-4b89-850b-9f1c680b6bbe,BAT,1654914783,1.0565676363468572
a61e005c-af0a-4820-8cd1-8029218fb066,BTC,1654915021,-1.527605150751178
6044e2ef-8425-487c-b8bf-b88a87cc43f9,BTC,1654921971,2.41775560091231
f41feb3a-a469-487a-bc9d-59a0dfd89c29,BTC,1654927334,-2.5496491020698064
9287b4ea-2911-45b2-8da7-cc3ca70cb118,BTC,1654961155,-4.318609267795939
9287b4ea-2911-45b2-8da7-cc3ca70cb118,BTC,1654962948,-8.387556850002241
beed12b3-f39a-43dc-bee6-721a89c0a937,USD,1654993327,-3.0515516019966356
75845357-d843-4036-841a-d2e6088b72ce,USD,1655013808,0.27063535332842825
3063533e-d3d2-46ca-91f5-6168c95c9835,EUR,1655015144,8.577727954319915
fe3b675f-21d2-4b79-b25f-45150d0e837a,BTC,1655019390,-5.347150657185873
c98bc1a8-6926-4a59-83c9-09de99a905b4,XPR,1655034079,2.565728323600048
ec22ff9f-6f33-4055-bc53-7ee7d8b51c05,ETH,1655040519,6.243275460295173
e84d7bec-86b6-4f13-892c-1970e2d466bc,USD,1655047496,4.235917060117053
fe3b675f-21d2-4b79-b25f-45150d0e837a,USD,1655063145,7.125295909564745
e2b54159-2bf7-4b89-850b-9f1c680b6bbe,USD,1655064212,-0.6092523754872872
a61e005c-af0a-4820-8cd1-8029218fb066,EUR,1655076258,1.0098870330069971
ec22ff9f-6f33-4055-bc53-7ee7d8b51c05,BTC,1655086160,4.547718816117339
93becbec-6a43-428a-a1ce-6b096c956ca7,CAD,1655090319,3.744914782141084
3063533e-d3d2-46ca-91f5-6168c95c9835,ETH,1655092784,8.285244579817071
9287b4ea-2911-45b2-8da7-cc3ca70cb118,USD,1655096247,5.939677889556638
93becbec-6a43-428a-a1ce-6b096c956ca7,BTC,1655099108,-7.646791248901659
f41feb3a-a469-487a-bc9d-59a0dfd89c29,ETH,1655109311,1.2946807019090052
fe3b675f-21d2-4b79-b25f-45150d0e837a,USD,1655131175,2.8172896499890747
fe3b675f-21d2-4b79-b25f-45150d0e837a,USD,1655149908,-1.5970307526761438
93becbec-6a43-428a-a1ce-6b096c956ca7,BTC,1655160720,-2.272568915911563
fe3b675f-21d2-4b79-b25f-45150d0e837a,USD,1655163023,0.8628166596769677
9287b4ea-2911-45b2-8da7-cc3ca70cb118,USD,1655169881,-0.387802684013014
75845357-d843-4036-841a-d2e6088b72ce,XPR,1655175175,-6.19736281655382
f41feb3a-a469-487a-bc9d-59a0dfd89c29,BAT,1655182797,-2.5275010645928653
f41feb3a-a469-487a-bc9d-59a0dfd89c29,EUR,1655189000,-0.002053237632487992
5fec4264-78eb-43ed-9c3d-33b6e58a8c3f,XPR,1655231907,-9.684828700051881
3063533e-d3d2-46ca-91f5-6168c95c9835,ETH,1655233105,6.381006576713453
93becbec-6a43-428a-a1ce-6b096c956ca7,ETH,1655241504,5.506742702939924
fe3b675f-21d2-4b79-b25f-45150d0e837a,USD,1655260234,4.064949076346295
e84d7bec-86b6-4f13-892c-1970e2d466bc,EUR,1655261837,9.70349098570296
93becbec-6a43-428a-a1ce-6b096c956ca7,EUR,1655291624,7.138681635766183
75845357-d843-4036-841a-d2e6088b72ce,BTC,1655314316,1.0691172182663227
a61e005c-af0a-4820-8cd1-8029218fb066,USD,1655316272,3.1650736815718705
a61e005c-af0a-4820-8cd1-8029218fb066,ETH,1655325914,-5.600766033328036
960aed32-ddad-4784-a770-74fc1ff0da8d,BAT,1655328188,-6.60402546165781
06864593-c803-470c-a6cc-acbbed53c0cb,ETH,1655328410,-4.218031646160945
b61477de-b466-4b13-8a72-e80a721689ca,ETH,1655336287,-7.575685453024221
a61e005c-af0a-4820-8cd1-8029218fb066,USD,1655348665,-4.740910529333009
f41feb3a-a469-487a-bc9d-59a0dfd89c29,BTC,1655358415,8.398416624173827
75845357-d843-4036-841a-d2e6088b72ce,EUR,1655361171,-7.214905781697856
5d47c0f3-920d-49f5-b9b3-5afeca5ece24,ETH,1655370148,-5.297511248563018
79b2b699-e758-48a8-bc3b-379fa77bb478,EUR,1655381525,5.874151768186822
ec22ff9f-6f33-4055-bc53-7ee7d8b51c05,USD,1655396987,7.540611613577319
f41feb3a-a469-487a-bc9d-59a0dfd89c29,ETH,1655401484,-5.981973363977053
d4dcb8fa-5698-4391-a79f-043adda8a220,BTC,1655407118,-9.697739474338025
d858e131-0a18-45b3-92a5-77467ce513a5,EUR,1655408112,7.428392136757047
f41feb3a-a469-487a-bc9d-59a0dfd89c29,XPR,1655411678,4.18018415449132
a61e005c-af0a-4820-8cd1-8029218fb066,USD,1655412592,-0.5710462169522419
a61e005c-af0a-4820-8cd1-8029218fb066,EUR,1655413566,9.140258751879468
f41feb3a-a469-487a-bc9d-59a0dfd89c29,USD,1655414164,4.826824022012541
75845357-d843-4036-841a-d2e6088b72ce,EUR,1655416850,1.673947787089059
89e5edba-3eef-4514-856a-287526ae50fa,ETH,1655427647,8.461387260180015
38a23cc5-363b-43c7-ba39-5daa13ed4e2b,USD,1655430134,-8.182246480819392
945d4c4d-4281-4ff9-a6fe-de9dfd858f72,USD,1655432559,-3.1850652110090927
93becbec-6a43-428a-a1ce-6b096c956ca7,ETH,1655439547,-6.802273273577859
a61e005c-af0a-4820-8cd1-8029218fb066,USD,1655456429,8.589617476204229
75845357-d843-4036-841a-d2e6088b72ce,USD,1655477677,-9.54954893047015
4b2f64c2-d6b2-421b-a6af-685573cd7f56,USD,1655480123,4.213451180120222
fe3b675f-21d2-4b79-b25f-45150d0e837a,USD,1655485316,-4.4778068991784625
fe3b675f-21d2-4b79-b25f-45150d0e837a,BTC,1655486821,6.937559388719869
df2392b6-0dd6-4e24-82fb-b0a403615b06,ETH,1655516449,-2.192096511684733
9287b4ea-2911-45b2-8da7-cc3ca70cb118,BTC,1655521746,3.347645867148392
06864593-c803-470c-a6cc-acbbed53c0cb,EUR,1655529998,-4.5052014390125965
75845357-d843-4036-841a-d2e6088b72ce,BTC,1655531432,-6.090298285730585
fe3b675f-21d2-4b79-b25f-45150d0e837a,EUR,1655535364,8.17920045444317
a61e005c-af0a-4820-8cd1-8029218fb066,EUR,1655541341,6.236047626214873
93becbec-6a43-428a-a1ce-6b096c956ca7,BTC,1655553938,2.033536665114749
0640659b-bfbc-414c-8e89-4c316287a8dd,EUR,1655554518,9.027004816412646
51caadde-8903-4316-8c98-507aedfe306a,EUR,1655555103,-1.3098712819779301
f41feb3a-a469-487a-bc9d-59a0dfd89c29,ETH,1655557839,2.4166483293961765
fe3b675f-21d2-4b79-b25f-45150d0e837a,EUR,1655571558,2.4828382328952117
3063533e-d3d2-46ca-91f5-6168c95c9835,BTC,1655578430,7.7829319946449935
9287b4ea-2911-45b2-8da7-cc3ca70cb118,EUR,1655587938,0.21164529701570345
ec22ff9f-6f33-4055-bc53-7ee7d8b51c05,EUR,1655588611,2.582621171922934
ec22ff9f-6f33-4055-bc53-7ee7d8b51c05,USD,1655589420,6.889219776270995
a29da963-12ff-433b-9872-cf9533a3f170,CAD,1655605098,2.5413954559548806
fe3b675f-21d2-4b79-b25f-45150d0e837a,EUR,1655622818,1.4413117651145484
3063533e-d3d2-46ca-91f5-6168c95c9835,EUR,1655625570,4.807510150696084
beed12b3-f39a-43dc-bee6-721a89c0a937,BAT,1655629638,-2.663571099386468
3063533e-d3d2-46ca-91f5-6168c95c9835,BAT,1655642433,-9.35520617159267
fe3b675f-21d2-4b79-b25f-45150d0e837a,ETH,1655655754,2.6774180941660912
d1bfeb51-cf4e-43b4-af30-434bf70a7e5f,ETH,1655668040,8.280785439593174
f41feb3a-a469-487a-bc9d-59a0dfd89c29,BTC,1655668991,7.597656302088435
d137f350-8287-42e4-99aa-cd56cb77aa8f,USD,1655672793,8.269564159052038
fe3b675f-21d2-4b79-b25f-45150d0e837a,USD,1655679920,9.933321283188
93becbec-6a43-428a-a1ce-6b096c956ca7,USD,1655695503,-8.603099610105247
3063533e-d3d2-46ca-91f5-6168c95c9835,USD,1655698296,4.564229338096151
ec22ff9f-6f33-4055-bc53-7ee7d8b51c05,USD,1655701316,-5.03784056527082
a61e005c-af0a-4820-8cd1-8029218fb066,ETH,1655706513,-5.320690643977626
93becbec-6a43-428a-a1ce-6b096c956ca7,EUR,1655711819,-3.854821467757752
fe3b675f-21d2-4b79-b25f-45150d0e837a,ETH,1655714405,7.104302790789912
5d47c0f3-920d-49f5-b9b3-5afeca5ece24,EUR,1655717330,7.743218310859312
fe3b675f-21d2-4b79-b25f-45150d0e837a,ETH,1655744105,-2.8463291764668615
f41feb3a-a469-487a-bc9d-59a0dfd89c29,ETH,1655747905,7.6558663443751875
3063533e-d3d2-46ca-91f5-6168c95c9835,ETH,1655763513,9.220535625748688
ec22ff9f-6f33-4055-bc53-7ee7d8b51c05,BTC,1655773835,7.5709402753605595
f89443b9-1dfe-427e-b718-8846f977bf51,ETH,1655776959,-6.623485515615215
9287b4ea-2911-45b2-8da7-cc3ca70cb118,BTC,1655789345,-1.1283691849810609
fe3b675f-21d2-4b79-b25f-45150d0e837a,BAT,1655806639,9.318722145562027
beed12b3-f39a-43dc-bee6-721a89c0a937,USD,1655815302,6.780228703643576
9287b4ea-2911-45b2-8da7-cc3ca70cb118,BTC,1655834423,4.816635549780683
3063533e-d3d2-46ca-91f5-6168c95c9835,XPR,1655845698,-6.707137291984788
27ad712a-9148-4b34-83ec-8bae3ea4cdbf,BAT,1655855727,-1.803523045085516
f1bc887e-df8c-4d6d-b633-a0432564e31a,USD,1655856941,-8.308027712590082
a61e005c-af0a-4820-8cd1-8029218fb066,USD,1655871443,5.436514936005235
a75ecbba-3eb1-43a0-8c9a-863569911bc3,BTC,1655872281,-9.409582049458855
414e4248-1b1e-4a8e-af48-e65d6c6eef6b,USD,1655877084,-1.6503174300504675
e2b54159-2bf7-4b89-850b-9f1c680b6bbe,BTC,1655894837,5.142827457486401
3063533e-d3d2-46ca-91f5-6168c95c9835,USD,1655914892,2.374135908918209
f41feb3a-a469-487a-bc9d-59a0dfd89c29,EUR,1655918283,4.9385995744745586
fe3b675f-21d2-4b79-b25f-45150d0e837a,EUR,1655931527,-5.382041370553605
e3b2edbd-dff0-40c2-bfa2-20dfa632954e,USD,1655931735,8.462552531025654
75845357-d843-4036-841a-d2e6088b72ce,EUR,1655931961,4.18974303800791
93becbec-6a43-428a-a1ce-6b096c956ca7,XPR,1655939562,2.9558840184765423
beed12b3-f39a-43dc-bee6-721a89c0a937,USD,1655954208,-2.376267712295692
9287b4ea-2911-45b2-8da7-cc3ca70cb118,ETH,1655956191,-1.0979151262785898
fe3b675f-21d2-4b79-b25f-45150d0e837a,USD,1655965153,-1.5692093638264275
3063533e-d3d2-46ca-91f5-6168c95c9835,EUR,1655967701,-4.796307621016069
75845357-d843-4036-841a-d2e6088b72ce,EUR,1655969488,2.666118913260231
fe3b675f-21d2-4b79-b25f-45150d0e837a,ETH,1655986772,-3.211880556055286
f41feb3a-a469-487a-bc9d-59a0dfd89c29,XPR,1655996096,-9.253675711277111
93becbec-6a43-428a-a1ce-6b096c956ca7,USD,1655997001,0.009143407999767206
e2b54159-2bf7-4b89-850b-9f1c680b6bbe,ETH,1656002009,5.718440470087447
9287b4ea-2911-45b2-8da7-cc3ca70cb118,EUR,1656005586,8.49721038702932
beed12b3-f39a-43dc-bee6-721a89c0a937,ETH,1656009033,5.273002658239044
7e26da7f-3fe1-4790-a9bf-147bf2a852ec,BTC,1656033809,-4.090854597612042
fe3b675f-21d2-4b79-b25f-45150d0e837a,USD,1656039669,7.9552625526831875
945d4c4d-4281-4ff9-a6fe-de9dfd858f72,BTC,1656041451,-6.85950918018362
e2b54159-2bf7-4b89-850b-9f1c680b6bbe,EUR,1656046877,2.750800431792568
fe3b675f-21d2-4b79-b25f-45150d0e837a,ETH,1656066269,-2.9881266378829068
fe3b675f-21d2-4b79-b25f-45150d0e837a,BTC,1656110301,8.303701568121
335809b4-e5f6-4eeb-872d-539052a9546d,USD,1656117202,8.824987981553804
9287b4ea-2911-45b2-8da7-cc3ca70cb118,BTC,1656124059,-3.5223115883426264
93becbec-6a43-428a-a1ce-6b096c956ca7,EUR,1656130418,-9.179808181470783
ec22ff9f-6f33-4055-bc53-7ee7d8b51c05,XPR,1656134254,3.483655735152114
ec22ff9f-6f33-4055-bc53-7ee7d8b51c05,BTC,1656135617,7.959467423136552
01f5b699-535e-415c-af84-446e5c00385e,EUR,1656140446,-8.409237840663518
3063533e-d3d2-46ca-91f5-6168c95c9835,XPR,1656142457,5.588686335107699
e2b54159-2bf7-4b89-850b-9f1c680b6bbe,USD,1656144109,7.16925849326411
987eae8b-a10b-4a88-a437-37a982f5acb5,CAD,1656146086,-4.165986330636087
f41feb3a-a469-487a-bc9d-59a0dfd89c29,EUR,1656152656,1.420406921351809
6e7c8b3b-708e-4d1f-a58d-d904d91152d7,BTC,1656158722,5.8499962589029675
9287b4ea-2911-45b2-8da7-cc3ca70cb118,ETH,1656195327,-4.822622213053
a61e005c-af0a-4820-8cd1-8029218fb066,EUR,1656200595,-0.39888798374838785
93becbec-6a43-428a-a1ce-6b096c956ca7,EUR,1656209813,3.9203237344903563
3063533e-d3d2-46ca-91f5-6168c95c9835,ETH,1656220506,0.19473103888639187
f41feb3a-a469-487a-bc9d-59a0dfd89c29,BTC,1656224353,4.052363751714186
a61e005c-af0a-4820-8cd1-8029218fb066,EUR,1656239295,-0.00751760179609029
a61e005c-af0a-4820-8cd1-8029218fb066,USD,1656250993,0.3502779571802819
9287b4ea-2911-45b2-8da7-cc3ca70cb118,USD,1656257313,4.7547630697609495
ec22ff9f-6f33-4055-bc53-7ee7d8b51c05,USD,1656260818,-7.05355390971119
a61e005c-af0a-4820-8cd1-8029218fb066,BTC,1656270379,9.778157371046579
197e14d9-700c-4d53-8b6e-f2c45d2bfac9,USD,1656278361,-5.0002963930099575
e64722ab-ac45-4631-80ac-c45da5ff8c01,BTC,1656291119,6.4008287612772605
9287b4ea-2911-45b2-8da7-cc3ca70cb118,USD,1656292218,-5.066450211103925
beed12b3-f39a-43dc-bee6-721a89c0a937,EUR,1656293786,-7.66130173599294
e2b54159-2bf7-4b89-850b-9f1c680b6bbe,ETH,1656298955,7.033503305770164
9287b4ea-2911-45b2-8da7-cc3ca70cb118,XPR,1656300377,0.09730718640088298
3063533e-d3d2-46ca-91f5-6168c95c9835,BTC,1656311186,1.170656982876011
464298b8-8b92-463e-949b-3ba65c3b58c6,ETH,1656311337,3.5497535982643917
75845357-d843-4036-841a-d2e6088b72ce,EUR,1656331969,-7.987799751355955
fe3b675f-21d2-4b79-b25f-45150d0e837a,USD,1656338887,-6.166468775031664
beed12b3-f39a-43dc-bee6-721a89c0a937,EUR,1656352834,3.5049020707298713
f41feb3a-a469-487a-bc9d-59a0dfd89c29,EUR,1656355961,9.027339161185552
fe3b675f-21d2-4b79-b25f-45150d0e837a,BAT,1656371873,7.5997792499838255
b8599949-2ffc-44c4-bc46-2e596e131c17,EUR,1656375240,2.525459488805872
e2b54159-2bf7-4b89-850b-9f1c680b6bbe,ETH,1656378142,3.721917418615419
75845357-d843-4036-841a-d2e6088b72ce,ETH,1656385452,3.7194150098799295
f41feb3a-a469-487a-bc9d-59a0dfd89c29,ETH,1656393783,5.118886323317973
ab77e7b3-19cf-4680-a47f-28b90448335c,ETH,1656397428,-7.404698948176085
93becbec-6a43-428a-a1ce-6b096c956ca7,USD,1656406722,-3.462674122138636
945d4c4d-4281-4ff9-a6fe-de9dfd858f72,USD,1656408980,6.091824567730292
987eae8b-a10b-4a88-a437-37a982f5acb5,BTC,1656411574,5.2168648607994825
9287b4ea-2911-45b2-8da7-cc3ca70cb118,USD,1656418148,-6.059853623617244
93becbec-6a43-428a-a1ce-6b096c956ca7,EUR,1656420528,-4.014254119752103
3caf1a3a-46cf-4c91-b352-9ea9f0c571ec,ETH,1656427935,4.915763604008701
fe3b675f-21d2-4b79-b25f-45150d0e837a,EUR,1656429569,6.041966846977726
a61e005c-af0a-4820-8cd1-8029218fb066,ETH,1656433418,1.0925573633655272
034f584c-d4fd-4260-8611-c3423745f933,EUR,1656435178,-9.961141729080518
e2b54159-2bf7-4b89-850b-9f1c680b6bbe,EUR,1656436478,-3.3597175689279934
e2b54159-2bf7-4b89-850b-9f1c680b6bbe,EUR,1656484561,-7.051234251629197
e2b54159-2bf7-4b89-850b-9f1c680b6bbe,EUR,1656506668,-9.314949428648887
93becbec-6a43-428a-a1ce-6b096c956ca7,ETH,1656511267,-0.3346956592075916
3063533e-d3d2-46ca-91f5-6168c95c9835,BTC,1656518299,4.966221217456109
39b1b575-8789-45b1-bf90-16b30832ecc0,BTC,1656524614,3.4251829445217865
ec22ff9f-6f33-4055-bc53-7ee7d8b51c05,ETH,1656528169,-5.655979351686362
3633f00d-bf93-44be-9ad2-4c7a0e1e5679,BTC,1656551703,-6.533312680249481
a61e005c-af0a-4820-8cd1-8029218fb066,BTC,1656585875,5.520008134183021
ec22ff9f-6f33-4055-bc53-7ee7d8b51c05,BTC,1656587372,-4.250960856788097
a61e005c-af0a-4820-8cd1-8029218fb066,ETH,1656600543,5.988896247715761
6044e2ef-8425-487c-b8bf-b88a87cc43f9,ETH,1656629671,2.067361143906801
a61e005c-af0a-4820-8cd1-8029218fb066,BAT,1656642193,-2.2727407337086047
c98bc1a8-6926-4a59-83c9-09de99a905b4,CAD,1656673991,-0.00010055141403597645
beed12b3-f39a-43dc-bee6-721a89c0a937,EUR,1656695332,7.09022510030681
beed12b3-f39a-43dc-bee6-721a89c0a937,EUR,1656696033,7.171660399147974
e2b54159-2bf7-4b89-850b-9f1c680b6bbe,BAT,1656702141,-9.709127585095983
f41feb3a-a469-487a-bc9d-59a0dfd89c29,EUR,1656707748,-7.11279284163224
f41feb3a-a469-487a-bc9d-59a0dfd89c29,EUR,1656712104,-9.720437225820241
c5cefec7-2341-4c3e-bee1-cb30fee93bd8,CAD,1656715174,8.008723682546176
bdbeede3-8470-4baf-9f28-8f9e01b935d6,ETH,1656775411,-2.6873895611272154
3063533e-d3d2-46ca-91f5-6168c95c9835,ETH,1656775502,-1.504929659295403
9287b4ea-2911-45b2-8da7-cc3ca70cb118,USD,1656794186,9.605958157008242
5fec4264-78eb-43ed-9c3d-33b6e58a8c3f,USD,1656830718,2.922868309032694
df2392b6-0dd6-4e24-82fb-b0a403615b06,BTC,1656839950,1.635757066731113
f41feb3a-a469-487a-bc9d-59a0dfd89c29,EUR,1656859714,-0.3555008638760775
fe3b675f-21d2-4b79-b25f-45150d0e837a,BTC,1656868502,6.2433445656588695
9287b4ea-2911-45b2-8da7-cc3ca70cb118,ETH,1656875592,6.588318108886174
c2e51592-d482-4909-892e-01b0a8a0d423,USD,1656885074,6.625886991042641
c0ad94db-d257-4e4a-84ca-b9e73442cf78,USD,1656887533,9.594034414129016
945d4c4d-4281-4ff9-a6fe-de9dfd858f72,EUR,1656905455,-8.194347028051919
3063533e-d3d2-46ca-91f5-6168c95c9835,EUR,1656908730,6.707197455986904
beed12b3-f39a-43dc-bee6-721a89c0a937,BTC,1656923470,-8.552285933165846
ec22ff9f-6f33-4055-bc53-7ee7d8b51c05,EUR,1656932929,6.300925671642553
93becbec-6a43-428a-a1ce-6b096c956ca7,USD,1656943335,-2.6369513565524505
e2b54159-2bf7-4b89-850b-9f1c680b6bbe,ETH,1656969606,-7.853099563872967
1e6d232e-11f4-4cd6-9eb4-020af5d6a1fb,ETH,1656980755,8.12607490995823
75845357-d843-4036-841a-d2e6088b72ce,BAT,1656981641,-3.1034422600808487
335809b4-e5f6-4eeb-872d-539052a9546d,BTC,1656989343,-9.065582839063207
f41feb3a-a469-487a-bc9d-59a0dfd89c29,ETH,1656991200,1.7504242510138361
ec22ff9f-6f33-4055-bc53-7ee7d8b51c05,BTC,1656998513,9.142720983003734
d4dcb8fa-5698-4391-a79f-043adda8a220,ETH,1657009117,-2.078501820206508
f41feb3a-a469-487a-bc9d-59a0dfd89c29,ETH,1657010101,9.798249417384554
ec22ff9f-6f33-4055-bc53-7ee7d8b51c05,USD,1657011146,-2.6078029308446045
9287b4ea-2911-45b2-8da7-cc3ca70cb118,BTC,1657014109,7.660974794108721
a61e005c-af0a-4820-8cd1-8029218fb066,ETH,1657026439,9.042260226290061
e2b54159-2bf7-4b89-850b-9f1c680b6bbe,BTC,1657033533,-9.296740182641132
a61e005c-af0a-4820-8cd1-8029218fb066,EUR,1657040025,-3.39464765076372
75845357-d843-4036-841a-d2e6088b72ce,EUR,1657042240,-0.19150488733362536
3063533e-d3d2-46ca-91f5-6168c95c9835,ETH,1657042958,0.5732153413723733
dc45ff15-8e0b-4d6a-ba44-195073e4bd0a,EUR,1657056402,-2.087299161743033
259c4a32-9c8f-474a-9f8b-3a9ded89e9b3,BTC,1657062615,-3.7730995251778303
3063533e-d3d2-46ca-91f5-6168c95c9835,ETH,1657070431,0.7830551123248757
fe3b675f-21d2-4b79-b25f-45150d0e837a,BTC,1657085935,5.741786555437958
c98bc1a8-6926-4a59-83c9-09de99a905b4,EUR,1657105848,6.748157840371022
9b889da5-cd5e-4fea-9680-e4aef39193ad,ETH,1657128287,1.0720016065121811
fe3b675f-21d2-4b79-b25f-45150d0e837a,BTC,1657132208,-9.695615118336748
a16bc127-d4af-4611-b5e6-9f9e451a851f,XPR,1657134316,-8.01904231973191
b8599949-2ffc-44c4-bc46-2e596e131c17,XPR,1657152293,1.4197813274945563
f41feb3a-a469-487a-bc9d-59a0dfd89c29,USD,1657162746,6.334349172154358
ec22ff9f-6f33-4055-bc53-7ee7d8b51c05,BTC,1657184620,6.496202394280388
beed12b3-f39a-43dc-bee6-721a89c0a937,BTC,1657187327,-6.634124148535337
93becbec-6a43-428a-a1ce-6b096c956ca7,ETH,1657206785,6.4062707127597704
75845357-d843-4036-841a-d2e6088b72ce,ETH,1657267926,-3.264848859176097
75845357-d843-4036-841a-d2e6088b72ce,BAT,1657269522,1.6060109226529775
a61e005c-af0a-4820-8cd1-8029218fb066,EUR,1657273946,2.680673718691466
fe3b675f-21d2-4b79-b25f-45150d0e837a,USD,1657282786,-8.128524633985188
c0ad94db-d257-4e4a-84ca-b9e73442cf78,ETH,1657303299,5.2422156189693965
e2b54159-2bf7-4b89-850b-9f1c680b6bbe,BTC,1657304330,-7.244691341692892
75845357-d843-4036-841a-d2e6088b72ce,USD,1657316401,0.13160507430777102
93becbec-6a43-428a-a1ce-6b096c956ca7,XPR,1657333040,-1.405688634448616
a61e005c-af0a-4820-8cd1-8029218fb066,ETH,1657348032,3.100929908209144
ec22ff9f-6f33-4055-bc53-7ee7d8b51c05,ETH,1657381801,-4.334727473543598
960aed32-ddad-4784-a770-74fc1ff0da8d,ETH,1657410465,-0.7070656775619177
75845357-d843-4036-841a-d2e6088b72ce,EUR,1657410521,-9.507738333622228
414e4248-1b1e-4a8e-af48-e65d6c6eef6b,USD,1657427734,-4.074435637271487
93becbec-6a43-428a-a1ce-6b096c956ca7,BTC,1657458391,8.641209800951273
987eae8b-a10b-4a88-a437-37a982f5acb5,EUR,1657474624,7.671341059422321
d4dcb8fa-5698-4391-a79f-043adda8a220,ETH,1657497617,1.3571441148668875
f41feb3a-a469-487a-bc9d-59a0dfd89c29,EUR,1657506947,-8.03947385101366
75845357-d843-4036-841a-d2e6088b72ce,ETH,1657521135,0.8580875494481521
3063533e-d3d2-46ca-91f5-6168c95c9835,ETH,1657529133,2.270320989514513
55578bf3-84af-4f11-bf24-6be394197c26,BAT,1657529959,-0.7343881602023217
9287b4ea-2911-45b2-8da7-cc3ca70cb118,EUR,1657544528,-4.703702348146972
4a6f2b89-07cb-4557-b821-5a8ea03d2f71,BTC,1657564695,0.953399924679136
fe3b675f-21d2-4b79-b25f-45150d0e837a,ETH,1657569787,-9.722837451029598
9287b4ea-2911-45b2-8da7-cc3ca70cb118,BTC,1657583850,-7.780567022041193
fe3b675f-21d2-4b79-b25f-45150d0e837a,ETH,1657590046,-6.756023540822813
a61e005c-af0a-4820-8cd1-8029218fb066,USD,1657624157,-8.234891460997725
df2392b6-0dd6-4e24-82fb-b0a403615b06,EUR,1657637457,-2.2275681762227517
beed12b3-f39a-43dc-bee6-721a89c0a937,USD,1657643676,5.572761310272581
68b37b28-d244-45ab-94c4-21f57bb55a62,USD,1657653529,5.7539255423177345
fe3b675f-21d2-4b79-b25f-45150d0e837a,BTC,1657654008,-2.8946909160992806
7d6a9d9e-25b5-4ce1-b8bd-087f702725cc,USD,1657658070,-5.049088473783785
3caf1a3a-46cf-4c91-b352-9ea9f0c571ec,BTC,1657671210,7.977170709188549
a61e005c-af0a-4820-8cd1-8029218fb066,EUR,1657675859,-6.155637974863241
3063533e-d3d2-46ca-91f5-6168c95c9835,ETH,1657685294,1.4450288814788
75845357-d843-4036-841a-d2e6088b72ce,EUR,1657698183,8.005982011970136
93becbec-6a43-428a-a1ce-6b096c956ca7,USD,1657698405,5.616897074595617
f41feb3a-a469-487a-bc9d-59a0dfd89c29,XPR,1657725793,-5.720069846778548
960aed32-ddad-4784-a770-74fc1ff0da8d,BTC,1657728191,-2.391818596716993
6044e2ef-8425-487c-b8bf-b88a87cc43f9,XPR,1657728936,-1.6897500685136624
06864593-c803-470c-a6cc-acbbed53c0cb,ETH,1657735413,-2.669316591646771
fe3b675f-21d2-4b79-b25f-45150d0e837a,ETH,1657742094,-3.256410591338808
a61e005c-af0a-4820-8cd1-8029218fb066,USD,1657758946,-4.581587815598144
464298b8-8b92-463e-949b-3ba65c3b58c6,XPR,1657775333,-8.515154067219
c12908fd-8688-4926-8453-c480b5ecb48a,BAT,1657782603,-1.613746266138655
75845357-d843-4036-841a-d2e6088b72ce,EUR,1657784311,-1.0538414212049005
89e5edba-3eef-4514-856a-287526ae50fa,EUR,1657806208,-7.067104568044691
f41feb3a-a469-487a-bc9d-59a0dfd89c29,USD,1657811072,-3.896877652577606
f41feb3a-a469-487a-bc9d-59a0dfd89c29,EUR,1657840370,2.6785503420507073
fe3b675f-21d2-4b79-b25f-45150d0e837a,BTC,1657862574,1.901310992368451
e2b54159-2bf7-4b89-850b-9f1c680b6bbe,EUR,1657867057,8.09288039709563
f41feb3a-a469-487a-bc9d-59a0dfd89c29,EUR,1657888889,2.0031044193494925
f41feb3a-a469-487a-bc9d-59a0dfd89c29,EUR,1657898608,5.5716701957164645
f89443b9-1dfe-427e-b718-8846f977bf51,USD,1657906535,-8.250334291188304
75845357-d843-4036-841a-d2e6088b72ce,EUR,1657906649,-2.544739536148686
93becbec-6a43-428a-a1ce-6b096c956ca7,CAD,1657911279,-5.112137012228097
3063533e-d3d2-46ca-91f5-6168c95c9835,EUR,1657911503,3.028563616972388
3063533e-d3d2-46ca-91f5-6168c95c9835,BTC,1657925364,-5.035026862601217
fe3b675f-21d2-4b79-b25f-45150d0e837a,BTC,1657938453,0.654834189426758
d1bfeb51-cf4e-43b4-af30-434bf70a7e5f,USD,1657946850,2.243448975464954
e2b54159-2bf7-4b89-850b-9f1c680b6bbe,ETH,1657953668,5.058203804749812
5d47c0f3-920d-49f5-b9b3-5afeca5ece24,BTC,1657962533,1.752412078965758
75845357-d843-4036-841a-d2e6088b72ce,EUR,1657973258,8.988102919632944
75845357-d843-4036-841a-d2e6088b72ce,EUR,1657977885,-0.2496036913853299
25382ae7-1c6c-4b32-a120-7717c6f4080a,USD,1657986172,-9.681826785890893
f8259c81-0d30-436b-bb3e-156cc731e641,USD,1657995859,5.15618587455698
f8259c81-0d30-436b-bb3e-156cc731e641,BTC,1658008009,5.819407952956727
7d6a9d9e-25b5-4ce1-b8bd-087f702725cc,ETH,1658016449,0.8939232200578946
f41feb3a-a469-487a-bc9d-59a0dfd89c29,ETH,1658030577,-6.9214755509702375
e3b2edbd-dff0-40c2-bfa2-20dfa632954e,EUR,1658040384,-0.6719877869972066
beed12b3-f39a-43dc-bee6-721a89c0a937,ETH,1658045755,2.8574645014262767
e2b54159-2bf7-4b89-850b-9f1c680b6bbe,ETH,1658057610,-5.986843449712744
7c615c0c-a984-410a-bbe4-7f9b06d717f8,EUR,1658062306,3.2993711256463225
cc19a596-79eb-4ae6-92a8-6f7ff846355a,EUR,1658069836,2.301840235423793
fe3b675f-21d2-4b79-b25f-45150d0e837a,ETH,1658070443,7.728469468513008
a61e005c-af0a-4820-8cd1-8029218fb066,USD,1658091575,5.207376496640801
f41feb3a-a469-487a-bc9d-59a0dfd89c29,EUR,1658103544,7.78013062127436
ec22ff9f-6f33-4055-bc53-7ee7d8b51c05,CAD,1658116242,-4.8057708313251934
5d47c0f3-920d-49f5-b9b3-5afeca5ece24,EUR,1658134200,-0.5415163854245648
9287b4ea-2911-45b2-8da7-cc3ca70cb118,CAD,1658135153,-6.15712696135382
fe3b675f-21d2-4b79-b25f-45150d0e837a,USD,1658141420,-2.9065600582960283
75845357-d843-4036-841a-d2e6088b72ce,BAT,1658167740,-4.87508072124063
0615a717-29b9-4c76-826a-ece60a60f3ae,EUR,1658170925,-6.021866359026797
39b1b575-8789-45b1-bf90-16b30832ecc0,ETH,1658177467,-5.479674615436414
fe2f78e2-7054-4eba-ad62-6c2164a7e3e3,BTC,1658198928,-1.2730533322544737
034f584c-d4fd-4260-8611-c3423745f933,USD,1658215397,1.3453589616125115
93becbec-6a43-428a-a1ce-6b096c956ca7,USD,1658233956,-0.6099171365461729
f41feb3a-a469-487a-bc9d-59a0dfd89c29,USD,1658235152,-5.925687239449202
3caf1a3a-46cf-4c91-b352-9ea9f0c571ec,ETH,1658239006,-8.161476949913782
f41feb3a-a469-487a-bc9d-59a0dfd89c29,EUR,1658239189,5.196710578004593
f8259c81-0d30-436b-bb3e-156cc731e641,EUR,1658274452,-7.078919306879598
beed12b3-f39a-43dc-bee6-721a89c0a937,USD,1658278008,0.01812805611002588
93becbec-6a43-428a-a1ce-6b096c956ca7,ETH,1658298759,-4.561453568498388
6044e2ef-8425-487c-b8bf-b88a87cc43f9,EUR,1658339852,4.528309065281743
75845357-d843-4036-841a-d2e6088b72ce,ETH,1658342282,-4.462761641492046
75845357-d843-4036-841a-d2e6088b72ce,BTC,1658343287,4.757583483784396
3063533e-d3d2-46ca-91f5-6168c95c9835,ETH,1658347182,-8.093859589179836
f8259c81-0d30-436b-bb3e-156cc731e641,BTC,1658372074,-3.6218047816391525
ec22ff9f-6f33-4055-bc53-7ee7d8b51c05,ETH,1658376733,-1.6780201092041835
3063533e-d3d2-46ca-91f5-6168c95c9835,EUR,1658376755,-6.9330239361054335
fa3e5601-04c5-4918-9c31-0d02d5ed3431,BTC,1658380109,9.679695824915132
5b1caf3b-c40b-419f-b819-86b258ae3a18,ETH,1658389987,0.05671762060418217
d137f350-8287-42e4-99aa-cd56cb77aa8f,XPR,1658405437,5.4028741990283375
9287b4ea-2911-45b2-8da7-cc3ca70cb118,ETH,1658412611,-6.512254331026835
a61e005c-af0a-4820-8cd1-8029218fb066,XPR,1658416611,-2.105094833895736
beed12b3-f39a-43dc-bee6-721a89c0a937,ETH,1658466225,-3.8662041153874194
55578bf3-84af-4f11-bf24-6be394197c26,ETH,1658480389,1.6760882989729016
3063533e-d3d2-46ca-91f5-6168c95c9835,BTC,1658499537,6.374877757823636
75845357-d843-4036-841a-d2e6088b72ce,XPR,1658516275,-2.3102359146969675
e2b54159-2bf7-4b89-850b-9f1c680b6bbe,BTC,1658518365,-9.06381694570262
fe3b675f-21d2-4b79-b25f-45150d0e837a,ETH,1658518392,-6.400654469321035
9287b4ea-2911-45b2-8da7-cc3ca70cb118,BTC,1658525473,-9.851606828598303
fe3b675f-21d2-4b79-b25f-45150d0e837a,USD,1658531576,-6.8617210899463466
ec22ff9f-6f33-4055-bc53-7ee7d8b51c05,USD,1658548826,4.23727930379445
93becbec-6a43-428a-a1ce-6b096c956ca7,EUR,1658549536,-3.619148608359845
ec22ff9f-6f33-4055-bc53-7ee7d8b51c05,EUR,1658562958,3.3117088693039207
df2392b6-0dd6-4e24-82fb-b0a403615b06,EUR,1658567709,2.981576617615552
ec22ff9f-6f33-4055-bc53-7ee7d8b51c05,BTC,1658568428,-9.151446193892196
a61e005c-af0a-4820-8cd1-8029218fb066,EUR,1658570764,-2.9564553555126105
fe3b675f-21d2-4b79-b25f-45150d0e837a,ETH,1658571166,5.228240765923477
f41feb3a-a469-487a-bc9d-59a0dfd89c29,USD,1658592475,-4.539758984575837
a61e005c-af0a-4820-8cd1-8029218fb066,USD,1658596745,-5.859834817418399
9287b4ea-2911-45b2-8da7-cc3ca70cb118,EUR,1658599646,9.387578457347598
93becbec-6a43-428a-a1ce-6b096c956ca7,USD,1658601344,-5.725626706836071
a947e704-dbd7-430b-adf4-7039824b8d63,ETH,1658611502,-7.729646736903626
f41feb3a-a469-487a-bc9d-59a0dfd89c29,ETH,1658619626,-2.5105644670091927
ab77e7b3-19cf-4680-a47f-28b90448335c,USD,1658620211,2.9278248908533513
93becbec-6a43-428a-a1ce-6b096c956ca7,USD,1658637679,8.55296579598901
a61e005c-af0a-4820-8cd1-8029218fb066,ETH,1658642282,6.133885438796149
beed12b3-f39a-43dc-bee6-721a89c0a937,BTC,1658670337,7.9244013761541865
fe3b675f-21d2-4b79-b25f-45150d0e837a,BTC,1658684300,-6.299714032654935
9287b4ea-2911-45b2-8da7-cc3ca70cb118,XPR,1658691455,-9.171108858015016
a61e005c-af0a-4820-8cd1-8029218fb066,EUR,1658702573,3.299544367664552
dc45ff15-8e0b-4d6a-ba44-195073e4bd0a,CAD,1658703781,6.490797901088619
044ebe23-2980-4172-aa8b-f59e48b07343,BTC,1658709034,5.398875017197245
3063533e-d3d2-46ca-91f5-6168c95c9835,ETH,1658716723,6.873736850168736
beed12b3-f39a-43dc-bee6-721a89c0a937,XPR,1658726143,9.75903931345621
8f08a9c5-0884-4bd2-8d00-d772d32654a1,BTC,1658727510,8.913730117197488
75845357-d843-4036-841a-d2e6088b72ce,BAT,1658743108,3.54087270774081
a61e005c-af0a-4820-8cd1-8029218fb066,BTC,1658748449,0.19558309162070842
3063533e-d3d2-46ca-91f5-6168c95c9835,CAD,1658750415,9.56813265668767
cb1a5abb-9cf9-4e37-91ab-83d3959b1277,USD,1658758343,-7.76402863800131
ec22ff9f-6f33-4055-bc53-7ee7d8b51c05,BTC,1658767687,-9.767524032739187
464298b8-8b92-463e-949b-3ba65c3b58c6,ETH,1658776969,0.7062332273689886
dc45ff15-8e0b-4d6a-ba44-195073e4bd0a,BTC,1658778489,-5.145339642047637
beed12b3-f39a-43dc-bee6-721a89c0a937,EUR,1658789929,3.4085323524093845
75845357-d843-4036-841a-d2e6088b72ce,USD,1658809084,-9.007898186900976
51caadde-8903-4316-8c98-507aedfe306a,EUR,1658832565,-9.86597488074347
9287b4ea-2911-45b2-8da7-cc3ca70cb118,EUR,1658838013,9.654758667291809
fe3b675f-21d2-4b79-b25f-45150d0e837a,XPR,1658844340,1.5088394336436117
e2b54159-2bf7-4b89-850b-9f1c680b6bbe,ETH,1658862115,-6.986002419143292
93becbec-6a43-428a-a1ce-6b096c956ca7,ETH,1658864640,0.6249748041401642
e2b54159-2bf7-4b89-850b-9f1c680b6bbe,EUR,1658884165,-1.8242784894004593
3063533e-d3d2-46ca-91f5-6168c95c9835,BAT,1658922100,8.72012117141717
9287b4ea-2911-45b2-8da7-cc3ca70cb118,USD,1658928778,9.155328552283851
c85a849b-72dd-43a9-9b24-4815240184b4,EUR,1658938504,-4.969687217329863
99c17ee8-9189-4682-8f4d-a3e22a59e12f,EUR,1658943349,9.013593770564682
e2b54159-2bf7-4b89-850b-9f1c680b6bbe,EUR,1658958682,-2.0784674857532863
4a6f2b89-07cb-4557-b821-5a8ea03d2f71,EUR,1658970207,1.5811669519485694
f89443b9-1dfe-427e-b718-8846f977bf51,CAD,1658984745,-3.6593558087226814
a61e005c-af0a-4820-8cd1-8029218fb066,BTC,1658992001,-5.484216908352106
3063533e-d3d2-46ca-91f5-6168c95c9835,BTC,1658996285,6.2767516311524325
f41feb3a-a469-487a-bc9d-59a0dfd89c29,BTC,1658997927,6.17512842855502
a61e005c-af0a-4820-8cd1-8029218fb066,USD,1659000801,-0.20712681677109046
ec22ff9f-6f33-4055-bc53-7ee7d8b51c05,EUR,1659012117,6.824248997945258
beed12b3-f39a-43dc-bee6-721a89c0a937,ETH,1659016841,-6.928995040367358
93becbec-6a43-428a-a1ce-6b096c956ca7,EUR,1659043652,-4.514501857490272
7e26da7f-3fe1-4790-a9bf-147bf2a852ec,ETH,1659051101,-4.515695456051903
e2b54159-2bf7-4b89-850b-9f1c680b6bbe,ETH,1659063246,-7.85531786104682
93becbec-6a43-428a-a1ce-6b096c956ca7,BTC,1659074146,-1.5660925228118536
f41feb3a-a469-487a-bc9d-59a0dfd89c29,BTC,1659084196,-3.9383706938633107
fa3e5601-04c5-4918-9c31-0d02d5ed3431,ETH,1659085535,-4.430435248004072
3063533e-d3d2-46ca-91f5-6168c95c9835,BTC,1659102667,-8.754929216229343
4832c931-325f-4bda-9926-9dfc310ccbad,EUR,1659107821,5.1252726588873365
3063533e-d3d2-46ca-91f5-6168c95c9835,USD,1659124430,-6.061393443154712
3633f00d-bf93-44be-9ad2-4c7a0e1e5679,ETH,1659127680,-1.5852101810193808
9287b4ea-2911-45b2-8da7-cc3ca70cb118,ETH,1659133014,-6.910433572892307
e2b54159-2bf7-4b89-850b-9f1c680b6bbe,XPR,1659134165,-7.177438886190872
93becbec-6a43-428a-a1ce-6b096c956ca7,BTC,1659135760,2.5757531338555406
3063533e-d3d2-46ca-91f5-6168c95c9835,USD,1659138782,8.531531248798657
3063533e-d3d2-46ca-91f5-6168c95c9835,CAD,1659148321,3.130184271458724
f8259c81-0d30-436b-bb3e-156cc731e641,BTC,1659150364,8.083497229912457
75845357-d843-4036-841a-d2e6088b72ce,EUR,1659157121,-9.91750807276623
ec22ff9f-6f33-4055-bc53-7ee7d8b51c05,BTC,1659157492,-7.857297738502131
fe3b675f-21d2-4b79-b25f-45150d0e837a,XPR,1659158704,3.9297518398057623
f41feb3a-a469-487a-bc9d-59a0dfd89c29,BTC,1659166060,9.259047456172432
a61e005c-af0a-4820-8cd1-8029218fb066,USD,1659171304,-3.005400762306132
f41feb3a-a469-487a-bc9d-59a0dfd89c29,XPR,1659178378,1.8748049843805
d216d37c-df5d-4c8d-a79d-8cb1f7dbc0f7,CAD,1659185682,-4.1165245989562615
75845357-d843-4036-841a-d2e6088b72ce,EUR,1659191901,7.903433614750604
9287b4ea-2911-45b2-8da7-cc3ca70cb118,BTC,1659217989,9.499860847878065
fe3b675f-21d2-4b79-b25f-45150d0e837a,USD,1659235252,7.9155569626293065
93becbec-6a43-428a-a1ce-6b096c956ca7,EUR,1659240915,3.7219165506193956
27ad712a-9148-4b34-83ec-8bae3ea4cdbf,BAT,1659243714,-0.08709155795804158
9287b4ea-2911-45b2-8da7-cc3ca70cb118,BTC,1659249376,-3.4825631960429533
e2b54159-2bf7-4b89-850b-9f1c680b6bbe,EUR,1659259561,9.05035238877235
93becbec-6a43-428a-a1ce-6b096c956ca7,ETH,1659265587,5.049209608082268
68b37b28-d244-45ab-94c4-21f57bb55a62,BTC,1659298162,1.3120496661048904
beed12b3-f39a-43dc-bee6-721a89c0a937,ETH,1659324878,3.6707129568350396
ec22ff9f-6f33-4055-bc53-7ee7d8b51c05,ETH,1659326335,2.344667019212288
a29da963-12ff-433b-9872-cf9533a3f170,BTC,1659328414,1.6481875217167818
a02bd628-3dc5-46ba-98eb-42abbce82ad3,USD,1659331923,-1.1220692541732227
ec22ff9f-6f33-4055-bc53-7ee7d8b51c05,BAT,1659343445,2.358707110062264
93becbec-6a43-428a-a1ce-6b096c956ca7,USD,1659359358,0.3135337332718606
9287b4ea-2911-45b2-8da7-cc3ca70cb118,EUR,1659364590,-1.718648304837231
fe3b675f-21d2-4b79-b25f-45150d0e837a,BAT,1659367972,-3.6753294082766637
fe3b675f-21d2-4b79-b25f-45150d0e837a,ETH,1659372496,3.460267709293401
e2b54159-2bf7-4b89-850b-9f1c680b6bbe,CAD,1659388043,-4.850526462876433
f41feb3a-a469-487a-bc9d-59a0dfd89c29,USD,1659396647,-3.2709151312774853
c2e51592-d482-4909-892e-01b0a8a0d423,EUR,1659397317,-5.921371370252981
7d6a9d9e-25b5-4ce1-b8bd-087f702725cc,BTC,1659427885,8.725695674744294
3caf1a3a-46cf-4c91-b352-9ea9f0c571ec,ETH,1659434951,4.513366337016109
fe3b675f-21d2-4b79-b25f-45150d0e837a,BTC,1659451548,-5.367376975737386
a61e005c-af0a-4820-8cd1-8029218fb066,ETH,1659463261,3.1690422532599953
fe3b675f-21d2-4b79-b25f-45150d0e837a,BTC,1659473023,7.716498711309605
75845357-d843-4036-841a-d2e6088b72ce,ETH,1659481530,-6.360837026177073
5fec4264-78eb-43ed-9c3d-33b6e58a8c3f,BTC,1659496225,-0.5247036707926256
3063533e-d3d2-46ca-91f5-6168c95c9835,EUR,1659500114,1.9946605559186956
fe3b675f-21d2-4b79-b25f-45150d0e837a,BTC,1659512605,-0.467073779262277
beed12b3-f39a-43dc-bee6-721a89c0a937,BTC,1659530036,9.71049101651424
3063533e-d3d2-46ca-91f5-6168c95c9835,ETH,1659544820,3.956155771000045
9287b4ea-2911-45b2-8da7-cc3ca70cb118,ETH,1659553334,-3.797837958675105
c98bc1a8-6926-4a59-83c9-09de99a905b4,USD,1659553918,-6.342498126507459
a61e005c-af0a-4820-8cd1-8029218fb066,USD,1659562472,-2.9536680254824983
3063533e-d3d2-46ca-91f5-6168c95c9835,XPR,1659566109,-7.473970093857281
a61e005c-af0a-4820-8cd1-8029218fb066,EUR,1659571221,-2.148498862028074
fe3b675f-21d2-4b79-b25f-45150d0e837a,EUR,1659583291,-2.460191004199994
a61e005c-af0a-4820-8cd1-8029218fb066,EUR,1659588928,-7.495929016818234
beed12b3-f39a-43dc-bee6-721a89c0a937,BTC,1659591612,-2.3932487825331865
beed12b3-f39a-43dc-bee6-721a89c0a937,EUR,1659615890,-7.111277922440706
75845357-d843-4036-841a-d2e6088b72ce,BTC,1659628619,-0.8417821862445827
a61e005c-af0a-4820-8cd1-8029218fb066,BTC,1659631600,0.10849731381991568
fe3b675f-21d2-4b79-b25f-45150d0e837a,BAT,1659635156,1.8320305820161202
e2b54159-2bf7-4b89-850b-9f1c680b6bbe,EUR,1659637622,7.390038389031645
beed12b3-f39a-43dc-bee6-721a89c0a937,BTC,1659642024,-7.7756762252695255
4832c931-325f-4bda-9926-9dfc310ccbad,EUR,1659654093,1.7754509378170624
fe3b675f-21d2-4b79-b25f-45150d0e837a,USD,1659657029,3.9109178458263205
ec22ff9f-6f33-4055-bc53-7ee7d8b51c05,ETH,1659671235,-1.3928728882325903
f41feb3a-a469-487a-bc9d-59a0dfd89c29,ETH,1659672952,8.537825702781198
fe3b675f-21d2-4b79-b25f-45150d0e837a,ETH,1659690569,-5.476711334783982
ec22ff9f-6f33-4055-bc53-7ee7d8b51c05,BTC,1659728019,3.554832441228548
fe3b675f-21d2-4b79-b25f-45150d0e837a,ETH,1659740582,-5.69979454497563
9b2e8458-726f-42d9-97cb-5e66de168da5,XPR,1659747902,-6.740499677372192
d94aed09-3f48-4b79-ae7d-a8f2cbf69501,USD,1659764850,-5.452876052414859
fe3b675f-21d2-4b79-b25f-45150d0e837a,BTC,1659772794,1.1619821541423931
5b8e58a5-9b9f-4f1b-969f-21dbee72f0bb,USD,1659776644,-1.2226622651857966
6044e2ef-8425-487c-b8bf-b88a87cc43f9,ETH,1659795398,0.30946452967513416
93becbec-6a43-428a-a1ce-6b096c956ca7,EUR,1659809174,-8.900991228981361
75845357-d843-4036-841a-d2e6088b72ce,XPR,1659815034,-5.224045886206319
e2b54159-2bf7-4b89-850b-9f1c680b6bbe,EUR,1659831473,3.555416863149235
f41feb3a-a469-487a-bc9d-59a0dfd89c29,USD,1659831751,3.663580336346417
ec22ff9f-6f33-4055-bc53-7ee7d8b51c05,ETH,1659851966,-8.8127135607084
beed12b3-f39a-43dc-bee6-721a89c0a937,CAD,1659881223,1.4763527244674908
c5cefec7-2341-4c3e-bee1-cb30fee93bd8,ETH,1659891292,-8.552776454694095
9287b4ea-2911-45b2-8da7-cc3ca70cb118,USD,1659895108,-9.618378774270202
cc19a596-79eb-4ae6-92a8-6f7ff846355a,ETH,1659902163,-9.581673676364764
b61477de-b466-4b13-8a72-e80a721689ca,BTC,1659909340,7.443205995813631
c85a849b-72dd-43a9-9b24-4815240184b4,EUR,1659911870,8.66550632719434
fe3b675f-21d2-4b79-b25f-45150d0e837a,BTC,1659913513,-6.378634524233549
034f584c-d4fd-4260-8611-c3423745f933,BTC,1659935872,-7.361192940647161
bdbeede3-8470-4baf-9f28-8f9e01b935d6,USD,1659940266,7.383699887829557
5b8e58a5-9b9f-4f1b-969f-21dbee72f0bb,BTC,1659942892,-6.0900784849539
f1010a49-5aa3-477c-bb16-4d5aebb637c0,BAT,1659943533,8.499966521255399
ec22ff9f-6f33-4055-bc53-7ee7d8b51c05,XPR,1659954124,-2.603890568744731
51caadde-8903-4316-8c98-507aedfe306a,ETH,1659996787,7.745239352877434
960aed32-ddad-4784-a770-74fc1ff0da8d,EUR,1660019559,9.40123913176378
fe3b675f-21d2-4b79-b25f-45150d0e837a,XPR,1660023842,-4.08341772583954
55578bf3-84af-4f11-bf24-6be394197c26,BTC,1660025471,-9.521972181032528
a61e005c-af0a-4820-8cd1-8029218fb066,EUR,1660026777,2.294830808937805
e2b54159-2bf7-4b89-850b-9f1c680b6bbe,BTC,1660041447,-2.9712766172311245
5fec4264-78eb-43ed-9c3d-33b6e58a8c3f,EUR,1660053792,3.023148708237022
93becbec-6a43-428a-a1ce-6b096c956ca7,EUR,1660062568,0.1668324696450707
75845357-d843-4036-841a-d2e6088b72ce,EUR,1660074882,0.4215887505147222
3063533e-d3d2-46ca-91f5-6168c95c9835,USD,1660088721,-5.098165716210355
3caf1a3a-46cf-4c91-b352-9ea9f0c571ec,BTC,1660119038,2.4914939965633636
f1010a49-5aa3-477c-bb16-4d5aebb637c0,XPR,1660131938,1.456499569055003
a61e005c-af0a-4820-8cd1-8029218fb066,BAT,1660137496,-9.921078881016443
e2b54159-2bf7-4b89-850b-9f1c680b6bbe,USD,1660156613,0.16414464895715852
75845357-d843-4036-841a-d2e6088b72ce,EUR,1660169446,0.04811774093588639
5b1caf3b-c40b-419f-b819-86b258ae3a18,BTC,1660171822,-7.970343261909736
4b2f64c2-d6b2-421b-a6af-685573cd7f56,ETH,1660186332,6.68260107765478
9b889da5-cd5e-4fea-9680-e4aef39193ad,USD,1660187524,-9.381065145661033
987eae8b-a10b-4a88-a437-37a982f5acb5,EUR,1660201490,-0.06991001506328409
f41feb3a-a469-487a-bc9d-59a0dfd89c29,ETH,1660202503,-6.465500332345857
f41feb3a-a469-487a-bc9d-59a0dfd89c29,BTC,1660213453,-4.852926054668076
e2b54159-2bf7-4b89-850b-9f1c680b6bbe,USD,1660224999,3.85899487692447
ec22ff9f-6f33-4055-bc53-7ee7d8b51c05,EUR,1660234676,-6.859165609254491
a61e005c-af0a-4820-8cd1-8029218fb066,BTC,1660258895,-6.240170468386886
a61e005c-af0a-4820-8cd1-8029218fb066,USD,1660263944,-6.2636685500390605
beed12b3-f39a-43dc-bee6-721a89c0a937,EUR,1660268205,-6.580330457959461
fe3b675f-21d2-4b79-b25f-45150d0e837a,ETH,1660275586,1.4418289170429652
e84d7bec-86b6-4f13-892c-1970e2d466bc,EUR,1660285486,3.0114983573717176
e2b54159-2bf7-4b89-850b-9f1c680b6bbe,EUR,1660297718,-9.081319706079057
ec22ff9f-6f33-4055-bc53-7ee7d8b51c05,XPR,1660301587,-7.335252061068269
df2392b6-0dd6-4e24-82fb-b0a403615b06,ETH,1660312532,-7.3674776345309345
ec22ff9f-6f33-4055-bc53-7ee7d8b51c05,BTC,1660323508,-1.227222712427885
9b2e8458-726f-42d9-97cb-5e66de168da5,USD,1660328435,5.4919602102810305
f41feb3a-a469-487a-bc9d-59a0dfd89c29,ETH,1660333482,-9.362527020219835
ec22ff9f-6f33-4055-bc53-7ee7d8b51c05,BTC,1660335871,2.018930465119386
f41feb3a-a469-487a-bc9d-59a0dfd89c29,ETH,1660347173,7.976593622359729
a61e005c-af0a-4820-8cd1-8029218fb066,EUR,1660359552,6.664121233286554
e64722ab-ac45-4631-80ac-c45da5ff8c01,EUR,1660376368,1.7985953472160094
beed12b3-f39a-43dc-bee6-721a89c0a937,USD,1660378864,-1.0127172362604835
5dd16e20-7875-458f-bee4-29f27dd61bbd,BTC,1660391148,-7.887727164299633
4760ba51-fb20-47c1-8751-abd21264713a,USD,1660398959,-6.682940988554713
9b889da5-cd5e-4fea-9680-e4aef39193ad,XPR,1660399542,4.4780311605777
93becbec-6a43-428a-a1ce-6b096c956ca7,BTC,1660402761,5.377383467690105
bdbeede3-8470-4baf-9f28-8f9e01b935d6,EUR,1660416564,7.51546808237952
fe3b675f-21d2-4b79-b25f-45150d0e837a,ETH,1660416788,-8.746585341115425
fe3b675f-21d2-4b79-b25f-45150d0e837a,USD,1660428723,4.08973651315285
1e6d232e-11f4-4cd6-9eb4-020af5d6a1fb,BTC,1660441108,-3.481106816345177
93becbec-6a43-428a-a1ce-6b096c956ca7,EUR,1660441402,0.41722119673897495
a29da963-12ff-433b-9872-cf9533a3f170,ETH,1660456600,5.1642271857606445
fe3b675f-21d2-4b79-b25f-45150d0e837a,ETH,1660460172,5.523483526249841
75845357-d843-4036-841a-d2e6088b72ce,EUR,1660460530,-2.892022070759528
e2b54159-2bf7-4b89-850b-9f1c680b6bbe,ETH,1660465293,5.1740875560403925
9287b4ea-2911-45b2-8da7-cc3ca70cb118,BTC,1660479310,-7.840822510445539
75845357-d843-4036-841a-d2e6088b72ce,BTC,1660487914,-7.9631483163716315
beed12b3-f39a-43dc-bee6-721a89c0a937,ETH,1660488056,-6.395001472737418
55578bf3-84af-4f11-bf24-6be394197c26,ETH,1660488996,5.663495343396994
75845357-d843-4036-841a-d2e6088b72ce,BTC,1660497769,-9.267419876771113
beed12b3-f39a-43dc-bee6-721a89c0a937,ETH,1660499487,6.2125172923635255
f41feb3a-a469-487a-bc9d-59a0dfd89c29,BAT,1660510434,-7.7318509086530725
beed12b3-f39a-43dc-bee6-721a89c0a937,USD,1660529263,1.0801488428499528
ec22ff9f-6f33-4055-bc53-7ee7d8b51c05,BTC,1660536031,-4.464384692106771
93becbec-6a43-428a-a1ce-6b096c956ca7,USD,1660538403,-5.245083189171753
fe3b675f-21d2-4b79-b25f-45150d0e837a,CAD,1660571225,-9.365659661308221
01f5b699-535e-415c-af84-446e5c00385e,ETH,1660585134,5.949057807217574
9287b4ea-2911-45b2-8da7-cc3ca70cb118,ETH,1660596645,-9.724930909328783
93becbec-6a43-428a-a1ce-6b096c956ca7,ETH,1660612909,-4.004910311094784
a61e005c-af0a-4820-8cd1-8029218fb066,ETH,1660622556,5.773535558015649
93becbec-6a43-428a-a1ce-6b096c956ca7,ETH,1660633736,1.5671922800038924
75845357-d843-4036-841a-d2e6088b72ce,BAT,1660637349,4.26301356345631
fe3b675f-21d2-4b79-b25f-45150d0e837a,CAD,1660642119,3.2165807321410806
3063533e-d3d2-46ca-91f5-6168c95c9835,XPR,1660649996,-6.954159211090641
beed12b3-f39a-43dc-bee6-721a89c0a937,EUR,1660652963,-3.07937718223378
e2b54159-2bf7-4b89-850b-9f1c680b6bbe,EUR,1660739675,-1.8514026729706128
f1bc887e-df8c-4d6d-b633-a0432564e31a,EUR,1660741063,7.5374758667700625
f41feb3a-a469-487a-bc9d-59a0dfd89c29,BTC,1660756736,9.196360239181377
93becbec-6a43-428a-a1ce-6b096c956ca7,EUR,1660760089,-7.713449512875643
c0ad94db-d257-4e4a-84ca-b9e73442cf78,USD,1660768483,3.15342892451201
a61e005c-af0a-4820-8cd1-8029218fb066,EUR,1660779516,-7.916094074235092
3063533e-d3d2-46ca-91f5-6168c95c9835,ETH,1660791406,4.745961996430969
4832c931-325f-4bda-9926-9dfc310ccbad,BTC,1660801365,4.186651890644571
93becbec-6a43-428a-a1ce-6b096c956ca7,ETH,1660808735,-1.3096482594617243
beed12b3-f39a-43dc-bee6-721a89c0a937,USD,1660837665,-2.063408443380639
75845357-d843-4036-841a-d2e6088b72ce,BAT,1660843215,-2.623981877818526
ec22ff9f-6f33-4055-bc53-7ee7d8b51c05,BTC,1660856890,3.4513643171847797
945d4c4d-4281-4ff9-a6fe-de9dfd858f72,EUR,1660894593,7.398155849700963
3063533e-d3d2-46ca-91f5-6168c95c9835,USD,1660900332,1.324875970883859
38a23cc5-363b-43c7-ba39-5daa13ed4e2b,EUR,1660909495,-9.706959318708586
93becbec-6a43-428a-a1ce-6b096c956ca7,USD,1660925682,7.440288762910459
a61e005c-af0a-4820-8cd1-8029218fb066,USD,1660927079,7.01879992588394
a61e005c-af0a-4820-8cd1-8029218fb066,ETH,1660933943,-8.877627849135965
75845357-d843-4036-841a-d2e6088b72ce,USD,1660936875,-1.5225817641031636
75845357-d843-4036-841a-d2e6088b72ce,USD,1660946095,5.758606438236683
e2b54159-2bf7-4b89-850b-9f1c680b6bbe,ETH,1660977987,0.3283607893495848
93becbec-6a43-428a-a1ce-6b096c956ca7,USD,1660983568,7.384988431690864
93becbec-6a43-428a-a1ce-6b096c956ca7,USD,1661011661,-7.168216306093445
e2b54159-2bf7-4b89-850b-9f1c680b6bbe,USD,1661035774,-3.66225406811421
9287b4ea-2911-45b2-8da7-cc3ca70cb118,BTC,1661035917,3.548132737447343
93becbec-6a43-428a-a1ce-6b096c956ca7,EUR,1661043024,0.411197147118882
3633f00d-bf93-44be-9ad2-4c7a0e1e5679,EUR,1661050959,-2.4680680334523064
fe3b675f-21d2-4b79-b25f-45150d0e837a,EUR,1661056967,-3.1863512358942936
75845357-d843-4036-841a-d2e6088b72ce,EUR,1661063678,7.062844379877728
5e106318-4553-4462-b510-5438b6a329e5,EUR,1661076791,-5.998756505539746
6044e2ef-8425-487c-b8bf-b88a87cc43f9,EUR,1661083218,-2.2144197543807653
9b889da5-cd5e-4fea-9680-e4aef39193ad,BTC,1661090586,-6.429160838303285
75845357-d843-4036-841a-d2e6088b72ce,BTC,1661116548,9.463197776913749
beed12b3-f39a-43dc-bee6-721a89c0a937,ETH,1661124149,-0.5804013795747807
5b8e58a5-9b9f-4f1b-969f-21dbee72f0bb,EUR,1661124197,-8.330714000972856
3633f00d-bf93-44be-9ad2-4c7a0e1e5679,EUR,1661147065,-4.648557069251291
5a623012-bb14-4bc5-977a-8d57033a1342,BTC,1661166702,-4.051338422193442
e64722ab-ac45-4631-80ac-c45da5ff8c01,EUR,1661197983,1.318205985152229
c2e51592-d482-4909-892e-01b0a8a0d423,BAT,1661220312,5.1133490931371846
75845357-d843-4036-841a-d2e6088b72ce,ETH,1661224108,-6.109032383870008
fe3b675f-21d2-4b79-b25f-45150d0e837a,BAT,1661254689,-3.275405544765251
0615a717-29b9-4c76-826a-ece60a60f3ae,ETH,1661264656,3.6950399474643962
ec22ff9f-6f33-4055-bc53-7ee7d8b51c05,BTC,1661267276,4.667497711679914
beed12b3-f39a-43dc-bee6-721a89c0a937,USD,1661291057,-9.473932397512515
a02bd628-3dc5-46ba-98eb-42abbce82ad3,BAT,1661293859,-2.429896158195519
4832c931-325f-4bda-9926-9dfc310ccbad,CAD,1661300496,-5.239283976295006
f41feb3a-a469-487a-bc9d-59a0dfd89c29,USD,1661305660,-2.9327625645438378
fe3b675f-21d2-4b79-b25f-45150d0e837a,ETH,1661334128,-4.435961309196648
f41feb3a-a469-487a-bc9d-59a0dfd89c29,ETH,1661335308,0.5859420051913915
9287b4ea-2911-45b2-8da7-cc3ca70cb118,BTC,1661338992,-4.928329371577882
e2b54159-2bf7-4b89-850b-9f1c680b6bbe,USD,1661342367,3.3239454435436677
a75ecbba-3eb1-43a0-8c9a-863569911bc3,BTC,1661345688,3.0864393430879655
a61e005c-af0a-4820-8cd1-8029218fb066,BTC,1661347823,1.895404600793686
75845357-d843-4036-841a-d2e6088b72ce,XPR,1661354397,3.3360283930577808
9287b4ea-2911-45b2-8da7-cc3ca70cb118,EUR,1661366510,9.21193617608801
beed12b3-f39a-43dc-bee6-721a89c0a937,ETH,1661373415,-0.31594062893299224
ec22ff9f-6f33-4055-bc53-7ee7d8b51c05,BTC,1661395176,4.989010668364401
fe3b675f-21d2-4b79-b25f-45150d0e837a,USD,1661396459,2.7573259919419595
ec22ff9f-6f33-4055-bc53-7ee7d8b51c05,BTC,1661404405,-6.418765033205281
7c615c0c-a984-410a-bbe4-7f9b06d717f8,XPR,1661410351,-0.4485441348902768
414e4248-1b1e-4a8e-af48-e65d6c6eef6b,ETH,1661415898,7.1376379755406845
5b1caf3b-c40b-419f-b819-86b258ae3a18,ETH,1661422787,3.5129452763987032
1e6d232e-11f4-4cd6-9eb4-020af5d6a1fb,BTC,1661424265,4.500329246535614
e2b54159-2bf7-4b89-850b-9f1c680b6bbe,CAD,1661432797,9.939071923710305
992286bf-16a1-43d3-a31d-642222d91603,USD,1661434501,-3.355255248169369
d1bfeb51-cf4e-43b4-af30-434bf70a7e5f,USD,1661442174,-3.685069407502864
93becbec-6a43-428a-a1ce-6b096c956ca7,BAT,1661445414,3.317692525117897
3063533e-d3d2-46ca-91f5-6168c95c9835,EUR,1661501942,-8.127998120764882
ec22ff9f-6f33-4055-bc53-7ee7d8b51c05,EUR,1661502665,1.5620621841500881
beed12b3-f39a-43dc-bee6-721a89c0a937,BTC,1661524595,-6.164027277230064
d83f6123-2f33-402e-9fb1-25a96c6d19f5,EUR,1661524795,3.497085685536309
3063533e-d3d2-46ca-91f5-6168c95c9835,EUR,1661531102,5.030542281776732
93becbec-6a43-428a-a1ce-6b096c956ca7,ETH,1661555191,9.405000556860376
259c4a32-9c8f-474a-9f8b-3a9ded89e9b3,ETH,1661556895,-1.2173199893586002
92934d8d-a4cc-456f-97ca-c77f528c6bda,ETH,1661558612,2.9701439475530265
75845357-d843-4036-841a-d2e6088b72ce,BTC,1661562522,-7.915347192731157
75845357-d843-4036-841a-d2e6088b72ce,XPR,1661579331,7.1267706555243
89e5edba-3eef-4514-856a-287526ae50fa,USD,1661589899,-6.511930348011001
ec22ff9f-6f33-4055-bc53-7ee7d8b51c05,USD,1661594641,-1.8265833015034119
ec22ff9f-6f33-4055-bc53-7ee7d8b51c05,USD,1661596162,5.3915728485248255
3063533e-d3d2-46ca-91f5-6168c95c9835,BTC,1661599715,0.3883685356927735
9287b4ea-2911-45b2-8da7-cc3ca70cb118,USD,1661602802,-4.171341473425376
3063533e-d3d2-46ca-91f5-6168c95c9835,USD,1661604855,9.109912213644566
d137f350-8287-42e4-99aa-cd56cb77aa8f,USD,1661606422,-3.912358964391995
5e106318-4553-4462-b510-5438b6a329e5,ETH,1661619627,-6.787899889434925
3063533e-d3d2-46ca-91f5-6168c95c9835,USD,1661621784,-5.614685246228364
75845357-d843-4036-841a-d2e6088b72ce,ETH,1661651543,2.598170578356523
beed12b3-f39a-43dc-bee6-721a89c0a937,CAD,1661653302,-4.638080951798534
92934d8d-a4cc-456f-97ca-c77f528c6bda,EUR,1661655289,-5.637207381258356
4832c931-325f-4bda-9926-9dfc310ccbad,USD,1661705528,-0.7229450410605445
fe3b675f-21d2-4b79-b25f-45150d0e837a,BTC,1661708629,-4.570569830596762
a61e005c-af0a-4820-8cd1-8029218fb066,USD,1661715305,-6.127787082093043
fe3b675f-21d2-4b79-b25f-45150d0e837a,ETH,1661727017,-2.841774957791909
ec22ff9f-6f33-4055-bc53-7ee7d8b51c05,USD,1661739347,5.143564662056654
3063533e-d3d2-46ca-91f5-6168c95c9835,EUR,1661808708,-3.652754301798855
a61e005c-af0a-4820-8cd1-8029218fb066,BTC,1661823419,-1.7705083958039936
3063533e-d3d2-46ca-91f5-6168c95c9835,BTC,1661839285,7.23925094515948
78db312b-071d-41d4-8ed6-d46411f44aa4,ETH,1661891223,-8.852179049694316
a61e005c-af0a-4820-8cd1-8029218fb066,ETH,1661892987,-5.820142372839503
fe3b675f-21d2-4b79-b25f-45150d0e837a,ETH,1661933611,-5.39237135438152
75845357-d843-4036-841a-d2e6088b72ce,ETH,1661947373,7.5144691663397865
e2b54159-2bf7-4b89-850b-9f1c680b6bbe,BTC,1661953748,-5.805293887410691
3063533e-d3d2-46ca-91f5-6168c95c9835,EUR,1661958764,9.263909291655938
75845357-d843-4036-841a-d2e6088b72ce,ETH,1661969807,-2.5529330700625463
ec22ff9f-6f33-4055-bc53-7ee7d8b51c05,USD,1661972980,-4.936547361268076
fe3b675f-21d2-4b79-b25f-45150d0e837a,BTC,1661978542,-4.164008998642212
9287b4ea-2911-45b2-8da7-cc3ca70cb118,BTC,1662002096,8.733000655066732
93becbec-6a43-428a-a1ce-6b096c956ca7,USD,1662010942,-5.48169129937675
beed12b3-f39a-43dc-bee6-721a89c0a937,USD,1662011427,-6.117566465353887
5e106318-4553-4462-b510-5438b6a329e5,ETH,1662012701,9.438812970995766
06864593-c803-470c-a6cc-acbbed53c0cb,ETH,1662045404,-0.6622172499091334
75845357-d843-4036-841a-d2e6088b72ce,EUR,1662045561,-4.566971815851611
5d47c0f3-920d-49f5-b9b3-5afeca5ece24,USD,1662050600,4.583542739797323
4b2f64c2-d6b2-421b-a6af-685573cd7f56,USD,1662062655,-7.928836542377984
9287b4ea-2911-45b2-8da7-cc3ca70cb118,USD,1662080424,3.7656266275947274
a61e005c-af0a-4820-8cd1-8029218fb066,EUR,1662098083,3.3439017085937888
a61e005c-af0a-4820-8cd1-8029218fb066,BTC,1662111326,6.175393676746012
93becbec-6a43-428a-a1ce-6b096c956ca7,ETH,1662125432,-3.7584946154332837
39b1b575-8789-45b1-bf90-16b30832ecc0,USD,1662133344,-6.952136530762269
3063533e-d3d2-46ca-91f5-6168c95c9835,USD,1662143714,4.684384248905777
beed12b3-f39a-43dc-bee6-721a89c0a937,BTC,1662144465,-0.23172262300570345
f41feb3a-a469-487a-bc9d-59a0dfd89c29,USD,1662151323,6.072674281913859
beed12b3-f39a-43dc-bee6-721a89c0a937,USD,1662159374,-6.672554974745946
89e5edba-3eef-4514-856a-287526ae50fa,USD,1662164403,9.646449002240804
5dd16e20-7875-458f-bee4-29f27dd61bbd,USD,1662169082,6.061225101085956
93becbec-6a43-428a-a1ce-6b096c956ca7,EUR,1662189291,-5.238035974869176
fe3b675f-21d2-4b79-b25f-45150d0e837a,USD,1662201570,-1.3598732934359177
51caadde-8903-4316-8c98-507aedfe306a,BTC,1662260144,-1.0880443168363776
ec22ff9f-6f33-4055-bc53-7ee7d8b51c05,BAT,1662269887,4.958169184495365
38a23cc5-363b-43c7-ba39-5daa13ed4e2b,XPR,1662282827,-3.1929322759863528
992286bf-16a1-43d3-a31d-642222d91603,BAT,1662324999,4.249110231846123
3063533e-d3d2-46ca-91f5-6168c95c9835,ETH,1662325692,-9.474092894997606
93becbec-6a43-428a-a1ce-6b096c956ca7,EUR,1662332448,-6.068141726224701
a61e005c-af0a-4820-8cd1-8029218fb066,ETH,1662346765,-4.553321442886455
464298b8-8b92-463e-949b-3ba65c3b58c6,ETH,1662364585,-5.931149125114947
f41feb3a-a469-487a-bc9d-59a0dfd89c29,EUR,1662373033,-6.158715240860497
a947e704-dbd7-430b-adf4-7039824b8d63,ETH,1662377252,2.6952993178328875
9287b4ea-2911-45b2-8da7-cc3ca70cb118,ETH,1662377577,7.427949396364948
e2b54159-2bf7-4b89-850b-9f1c680b6bbe,XPR,1662390745,6.9777178050665185
d858e131-0a18-45b3-92a5-77467ce513a5,ETH,1662432641,8.354976473895405
3063533e-d3d2-46ca-91f5-6168c95c9835,USD,1662433309,4.969654997461387
d137f350-8287-42e4-99aa-cd56cb77aa8f,ETH,1662446866,5.062051604261891
beed12b3-f39a-43dc-bee6-721a89c0a937,ETH,1662468357,3.1467322589865994
992286bf-16a1-43d3-a31d-642222d91603,XPR,1662468737,-0.04717494075637063
75845357-d843-4036-841a-d2e6088b72ce,BTC,1662477885,2.2662715738712755
ec22ff9f-6f33-4055-bc53-7ee7d8b51c05,EUR,1662511697,-8.316676335192438
9b2e8458-726f-42d9-97cb-5e66de168da5,BAT,1662513249,-0.47925194003521554
f41feb3a-a469-487a-bc9d-59a0dfd89c29,BTC,1662532274,5.67031186740946
d216d37c-df5d-4c8d-a79d-8cb1f7dbc0f7,ETH,1662537900,0.17071333466278205
a61e005c-af0a-4820-8cd1-8029218fb066,USD,1662562114,9.68432542336523
e2b54159-2bf7-4b89-850b-9f1c680b6bbe,USD,1662584999,7.006879138564827
fe3b675f-21d2-4b79-b25f-45150d0e837a,ETH,1662595121,7.016323837126098
a61e005c-af0a-4820-8cd1-8029218fb066,EUR,1662617819,5.638781022625135
5dd16e20-7875-458f-bee4-29f27dd61bbd,USD,1662622416,4.700466298661613
f41feb3a-a469-487a-bc9d-59a0dfd89c29,USD,1662622722,2.634459714520288
f41feb3a-a469-487a-bc9d-59a0dfd89c29,BTC,1662631031,-7.548335620726608
e84d7bec-86b6-4f13-892c-1970e2d466bc,USD,1662647381,-5.564802395509618
fe3b675f-21d2-4b79-b25f-45150d0e837a,BTC,1662652920,-5.9994091293588685
9287b4ea-2911-45b2-8da7-cc3ca70cb118,EUR,1662658729,-8.637770426554585
987eae8b-a10b-4a88-a437-37a982f5acb5,BTC,1662661929,7.462958868035258
945d4c4d-4281-4ff9-a6fe-de9dfd858f72,BTC,1662668525,0.6650089489675395
fe3b675f-21d2-4b79-b25f-45150d0e837a,XPR,1662700511,0.40275989172257454
93becbec-6a43-428a-a1ce-6b096c956ca7,EUR,1662704375,8.836190074309684
e2b54159-2bf7-4b89-850b-9f1c680b6bbe,BTC,1662712762,-8.266962618607758
e2b54159-2bf7-4b89-850b-9f1c680b6bbe,CAD,1662728218,6.559127979453379
fe3b675f-21d2-4b79-b25f-45150d0e837a,EUR,1662738830,0.06560980457016363
beed12b3-f39a-43dc-bee6-721a89c0a937,USD,1662760098,-1.3014283885470324
75845357-d843-4036-841a-d2e6088b72ce,USD,1662776178,6.800463306436356
75845357-d843-4036-841a-d2e6088b72ce,EUR,1662777246,-1.1527402579226127
e2b54159-2bf7-4b89-850b-9f1c680b6bbe,BTC,1662781487,-3.8212158159830434
a61e005c-af0a-4820-8cd1-8029218fb066,BTC,1662787330,-3.842705088969778
c2e51592-d482-4909-892e-01b0a8a0d423,ETH,1662796625,-5.032817697454592
beed12b3-f39a-43dc-bee6-721a89c0a937,BTC,1662802079,-6.87560637983519
f41feb3a-a469-487a-bc9d-59a0dfd89c29,ETH,1662807262,-3.8565640103282757
e2b54159-2bf7-4b89-850b-9f1c680b6bbe,ETH,1662839725,-4.282624638960273
1c624660-7fbd-43a5-b791-c997b810db49,USD,1662852183,-3.021009225328495
960aed32-ddad-4784-a770-74fc1ff0da8d,CAD,1662852903,7.318728123500048
7e26da7f-3fe1-4790-a9bf-147bf2a852ec,BTC,1662863829,0.3285178192036149
93becbec-6a43-428a-a1ce-6b096c956ca7,BTC,1662874162,-9.451923739394811
a61e005c-af0a-4820-8cd1-8029218fb066,USD,1662899545,3.210906766243518
93becbec-6a43-428a-a1ce-6b096c956ca7,USD,1662904221,2.0307697941607916
e2b54159-2bf7-4b89-850b-9f1c680b6bbe,CAD,1662905084,-4.765144198590261
f41feb3a-a469-487a-bc9d-59a0dfd89c29,ETH,1662905827,6.850278071283743
f41feb3a-a469-487a-bc9d-59a0dfd89c29,EUR,1662917434,-5.890576257101257
93becbec-6a43-428a-a1ce-6b096c956ca7,USD,1662928273,-4.524966421939403
93becbec-6a43-428a-a1ce-6b096c956ca7,XPR,1662943442,8.398485568470292
e2b54159-2bf7-4b89-850b-9f1c680b6bbe,USD,1662961897,2.650610562922477
a61e005c-af0a-4820-8cd1-8029218fb066,EUR,1663004132,4.0271291126487405
e2b54159-2bf7-4b89-850b-9f1c680b6bbe,ETH,1663006405,-5.697836241955994
93becbec-6a43-428a-a1ce-6b096c956ca7,BTC,1663021645,8.411560760713506
beed12b3-f39a-43dc-bee6-721a89c0a937,BAT,1663022235,-9.919652077814781
beed12b3-f39a-43dc-bee6-721a89c0a937,BTC,1663024914,-4.2696353519886205
d858e131-0a18-45b3-92a5-77467ce513a5,ETH,1663044537,1.03694661009005
ec22ff9f-6f33-4055-bc53-7ee7d8b51c05,BTC,1663056030,-8.421832798472224
f41feb3a-a469-487a-bc9d-59a0dfd89c29,EUR,1663056403,-9.157994938919405
3063533e-d3d2-46ca-91f5-6168c95c9835,BTC,1663061183,-4.194864040632558
3063533e-d3d2-46ca-91f5-6168c95c9835,EUR,1663073784,7.702546096743639
9287b4ea-2911-45b2-8da7-cc3ca70cb118,BTC,1663083189,2.734545707949989
e2b54159-2bf7-4b89-850b-9f1c680b6bbe,BTC,1663092999,2.028412693441897
93becbec-6a43-428a-a1ce-6b096c956ca7,ETH,1663099042,7.677540123776161
25382ae7-1c6c-4b32-a120-7717c6f4080a,ETH,1663117328,-2.8550540636403365
93becbec-6a43-428a-a1ce-6b096c956ca7,USD,1663120450,-1.9539554275572932
044ebe23-2980-4172-aa8b-f59e48b07343,ETH,1663122999,-4.545728923336951
b8599949-2ffc-44c4-bc46-2e596e131c17,USD,1663133641,7.518565493654577
1e6d232e-11f4-4cd6-9eb4-020af5d6a1fb,XPR,1663137222,6.88552890858881
92934d8d-a4cc-456f-97ca-c77f528c6bda,ETH,1663144524,3.4972906481721076
414e4248-1b1e-4a8e-af48-e65d6c6eef6b,ETH,1663157583,3.721088963108386
75845357-d843-4036-841a-d2e6088b72ce,BAT,1663160670,-6.602851356521057
beed12b3-f39a-43dc-bee6-721a89c0a937,ETH,1663166772,-9.514930098276594
1e6d232e-11f4-4cd6-9eb4-020af5d6a1fb,ETH,1663190760,1.867546264221458
e2b54159-2bf7-4b89-850b-9f1c680b6bbe,ETH,1663191907,5.338380327247041
960aed32-ddad-4784-a770-74fc1ff0da8d,ETH,1663198771,-3.0676848558855685
75845357-d843-4036-841a-d2e6088b72ce,USD,1663199998,-1.1707531136796163
4760ba51-fb20-47c1-8751-abd21264713a,EUR,1663210779,-2.669243405987551
93becbec-6a43-428a-a1ce-6b096c956ca7,BTC,1663220724,9.337947091854172
25382ae7-1c6c-4b32-a120-7717c6f4080a,ETH,1663236689,-9.03782715182422
a02bd628-3dc5-46ba-98eb-42abbce82ad3,USD,1663241968,2.1281178882782577
75845357-d843-4036-841a-d2e6088b72ce,BTC,1663244043,5.640957199054299
fe3b675f-21d2-4b79-b25f-45150d0e837a,ETH,1663255006,6.831327861483885
7d6a9d9e-25b5-4ce1-b8bd-087f702725cc,EUR,1663274554,-6.285308722009151
3063533e-d3d2-46ca-91f5-6168c95c9835,USD,1663283781,-0.32228804835890124
fe3b675f-21d2-4b79-b25f-45150d0e837a,ETH,1663290941,0.5997056857777299
464298b8-8b92-463e-949b-3ba65c3b58c6,EUR,1663291261,-6.546996446913198
75845357-d843-4036-841a-d2e6088b72ce,ETH,1663304595,-5.554521008137945
d83f6123-2f33-402e-9fb1-25a96c6d19f5,USD,1663312284,5.802565315632835
945d4c4d-4281-4ff9-a6fe-de9dfd858f72,USD,1663330663,5.329011354117165
9287b4ea-2911-45b2-8da7-cc3ca70cb118,EUR,1663340043,-9.984630363271913
fa3e5601-04c5-4918-9c31-0d02d5ed3431,EUR,1663346504,0.5442348421318588
f41feb3a-a469-487a-bc9d-59a0dfd89c29,BAT,1663351684,-0.6892667673081831
3063533e-d3d2-46ca-91f5-6168c95c9835,USD,1663359159,3.4236111879834326
beed12b3-f39a-43dc-bee6-721a89c0a937,USD,1663359871,-8.188662391460987
e2b54159-2bf7-4b89-850b-9f1c680b6bbe,USD,1663388027,4.710819646311533
3063533e-d3d2-46ca-91f5-6168c95c9835,BTC,1663395797,2.10449592807754
75845357-d843-4036-841a-d2e6088b72ce,ETH,1663401737,-6.643205084032298
75845357-d843-4036-841a-d2e6088b72ce,EUR,1663449452,8.962960529906631
6044e2ef-8425-487c-b8bf-b88a87cc43f9,EUR,1663455541,-2.8064631430052245
ec22ff9f-6f33-4055-bc53-7ee7d8b51c05,EUR,1663465357,-0.31958553217905816
55578bf3-84af-4f11-bf24-6be394197c26,EUR,1663469744,-6.674484072297016
a61e005c-af0a-4820-8cd1-8029218fb066,BTC,1663493953,3.040952655081435
9287b4ea-2911-45b2-8da7-cc3ca70cb118,BTC,1663503214,-2.048061565213861
934357bf-b14a-4da8-8b0c-ed0c28540389,BTC,1663510123,-5.054939998111097
beed12b3-f39a-43dc-bee6-721a89c0a937,ETH,1663511510,-5.7312988903287065
a61e005c-af0a-4820-8cd1-8029218fb066,XPR,1663517602,-0.39845010165155337
e2b54159-2bf7-4b89-850b-9f1c680b6bbe,EUR,1663521967,-2.3326535098947616
e2b54159-2bf7-4b89-850b-9f1c680b6bbe,USD,1663528315,3.8368246444142464
25382ae7-1c6c-4b32-a120-7717c6f4080a,BTC,1663541489,3.449486186308233
fe3b675f-21d2-4b79-b25f-45150d0e837a,EUR,1663543533,2.664925037792287
5b1caf3b-c40b-419f-b819-86b258ae3a18,USD,1663547903,-2.5422220172863064
beed12b3-f39a-43dc-bee6-721a89c0a937,USD,1663548844,-3.00035653828135
ec22ff9f-6f33-4055-bc53-7ee7d8b51c05,ETH,1663550897,-6.27831221886622
9287b4ea-2911-45b2-8da7-cc3ca70cb118,EUR,1663577958,-4.23980585396857
93becbec-6a43-428a-a1ce-6b096c956ca7,BTC,1663604246,-4.097673361801812
93becbec-6a43-428a-a1ce-6b096c956ca7,ETH,1663626565,2.30462517101698
9287b4ea-2911-45b2-8da7-cc3ca70cb118,ETH,1663645091,-0.459724923042117
beed12b3-f39a-43dc-bee6-721a89c0a937,BTC,1663664856,5.5672155952617715
ec22ff9f-6f33-4055-bc53-7ee7d8b51c05,BAT,1663675245,5.154476411393187
f41feb3a-a469-487a-bc9d-59a0dfd89c29,BTC,1663676675,8.093299993131811
f8259c81-0d30-436b-bb3e-156cc731e641,XPR,1663678018,3.0685666432403575
a61e005c-af0a-4820-8cd1-8029218fb066,EUR,1663678536,-4.547627252684114
d4dcb8fa-5698-4391-a79f-043adda8a220,EUR,1663681754,9.505397557342285
e2b54159-2bf7-4b89-850b-9f1c680b6bbe,BTC,1663694610,-7.16726410927925
93becbec-6a43-428a-a1ce-6b096c956ca7,ETH,1663705988,-3.1088714042869032
f41feb3a-a469-487a-bc9d-59a0dfd89c29,USD,1663749529,-1.8316928832152062
ec22ff9f-6f33-4055-bc53-7ee7d8b51c05,BTC,1663756845,3.7980148666874776
934357bf-b14a-4da8-8b0c-ed0c28540389,BTC,1663780554,-4.0892042462319615
3063533e-d3d2-46ca-91f5-6168c95c9835,ETH,1663787195,7.264952054488376
f41feb3a-a469-487a-bc9d-59a0dfd89c29,BAT,1663803109,-6.313655498546589
d4dcb8fa-5698-4391-a79f-043adda8a220,EUR,1663805162,-6.129293124054773
e64722ab-ac45-4631-80ac-c45da5ff8c01,USD,1663815626,7.753701452374312
beed12b3-f39a-43dc-bee6-721a89c0a937,USD,1663851400,-7.149937460499536
f41feb3a-a469-487a-bc9d-59a0dfd89c29,BTC,1663857365,-5.731823882164393
9b889da5-cd5e-4fea-9680-e4aef39193ad,USD,1663858031,-1.8394027448688721
a61e005c-af0a-4820-8cd1-8029218fb066,USD,1663866118,-4.397612870990432
f30a7fba-468c-4b04-aac4-8cf836652573,ETH,1663916461,-4.582391726006215
beed12b3-f39a-43dc-bee6-721a89c0a937,ETH,1663922826,6.054877085752906
9b889da5-cd5e-4fea-9680-e4aef39193ad,USD,1663938073,-4.194875205126685
e2b54159-2bf7-4b89-850b-9f1c680b6bbe,ETH,1663951428,-8.38505651631721
414e4248-1b1e-4a8e-af48-e65d6c6eef6b,BTC,1663954110,8.865739416465765
a61e005c-af0a-4820-8cd1-8029218fb066,USD,1664002004,3.18354385488127
5d47c0f3-920d-49f5-b9b3-5afeca5ece24,EUR,1664004510,1.5088093733293952
e2b54159-2bf7-4b89-850b-9f1c680b6bbe,USD,1664005591,-5.401488133798393
92934d8d-a4cc-456f-97ca-c77f528c6bda,ETH,1664005987,-1.0406486425478807
e2b54159-2bf7-4b89-850b-9f1c680b6bbe,EUR,1664007052,8.413868737861002
b8599949-2ffc-44c4-bc46-2e596e131c17,USD,1664024558,-4.941013533627316
a61e005c-af0a-4820-8cd1-8029218fb066,BTC,1664043861,-0.043940859300434454
f89443b9-1dfe-427e-b718-8846f977bf51,EUR,1664048269,-2.784720287288865
960aed32-ddad-4784-a770-74fc1ff0da8d,BTC,1664054070,5.914711487094079
a61e005c-af0a-4820-8cd1-8029218fb066,CAD,1664060325,-0.7409223106998102
e2b54159-2bf7-4b89-850b-9f1c680b6bbe,BTC,1664072203,-6.749116020915427
044ebe23-2980-4172-aa8b-f59e48b07343,BTC,1664075084,-1.2813635427044865
beed12b3-f39a-43dc-bee6-721a89c0a937,BTC,1664084126,1.3264561770936645
9287b4ea-2911-45b2-8da7-cc3ca70cb118,XPR,1664108932,-5.473347609963632
a61e005c-af0a-4820-8cd1-8029218fb066,USD,1664124989,-9.197858202276258
beed12b3-f39a-43dc-bee6-721a89c0a937,USD,1664126578,8.148520115567084
a61e005c-af0a-4820-8cd1-8029218fb066,EUR,1664138816,6.9676371220945335
a29da963-12ff-433b-9872-cf9533a3f170,EUR,1664152528,3.163429669521724
f41feb3a-a469-487a-bc9d-59a0dfd89c29,ETH,1664161154,9.881524563616662
ec22ff9f-6f33-4055-bc53-7ee7d8b51c05,BTC,1664170911,-9.071251691770406
ec22ff9f-6f33-4055-bc53-7ee7d8b51c05,BTC,1664177275,0.06700528237126413
78db312b-071d-41d4-8ed6-d46411f44aa4,ETH,1664214251,-9.466355883892854
93becbec-6a43-428a-a1ce-6b096c956ca7,EUR,1664224317,-2.755390842201999
9287b4ea-2911-45b2-8da7-cc3ca70cb118,USD,1664236909,5.181423897837496
c12908fd-8688-4926-8453-c480b5ecb48a,ETH,1664241624,-4.731465152102004
a16bc127-d4af-4611-b5e6-9f9e451a851f,BTC,1664248896,-7.224913483490183
0615a717-29b9-4c76-826a-ece60a60f3ae,BTC,1664257058,9.663017919405817
3063533e-d3d2-46ca-91f5-6168c95c9835,EUR,1664261494,1.4564303464327821
fe3b675f-21d2-4b79-b25f-45150d0e837a,BTC,1664277484,0.54110995431218
e2b54159-2bf7-4b89-850b-9f1c680b6bbe,EUR,1664288886,-4.083532235087802
335809b4-e5f6-4eeb-872d-539052a9546d,BTC,1664289489,9.653799206728092
75845357-d843-4036-841a-d2e6088b72ce,USD,1664290556,4.769289436338992
f41feb3a-a469-487a-bc9d-59a0dfd89c29,USD,1664299690,7.248250515428229
d137f350-8287-42e4-99aa-cd56cb77aa8f,BAT,1664301265,4.0332765793893905
ec22ff9f-6f33-4055-bc53-7ee7d8b51c05,BTC,1664303626,2.1733225134676033
f41feb3a-a469-487a-bc9d-59a0dfd89c29,BTC,1664325451,4.566216287395527
79b2b699-e758-48a8-bc3b-379fa77bb478,USD,1664326029,-8.617927262643718
d4dcb8fa-5698-4391-a79f-043adda8a220,USD,1664339681,9.18875284514472
d4dcb8fa-5698-4391-a79f-043adda8a220,USD,1664358834,2.266737575172268
fe3b675f-21d2-4b79-b25f-45150d0e837a,ETH,1664401581,-4.6130317039062785
93becbec-6a43-428a-a1ce-6b096c956ca7,EUR,1664408487,-8.689139188254524
e64722ab-ac45-4631-80ac-c45da5ff8c01,ETH,1664414385,6.150150344618016
9287b4ea-2911-45b2-8da7-cc3ca70cb118,ETH,1664422286,-9.733332095509944
df2392b6-0dd6-4e24-82fb-b0a403615b06,ETH,1664429600,3.2646945928168307
beed12b3-f39a-43dc-bee6-721a89c0a937,BTC,1664451858,9.378132103395988
fe3b675f-21d2-4b79-b25f-45150d0e837a,BTC,1664453462,-0.1335170649180739
1e6d232e-11f4-4cd6-9eb4-020af5d6a1fb,XPR,1664481438,7.375370085199769
93becbec-6a43-428a-a1ce-6b096c956ca7,USD,1664486298,-1.3735694470102793
93becbec-6a43-428a-a1ce-6b096c956ca7,ETH,1664511357,-1.233483367348347
a61e005c-af0a-4820-8cd1-8029218fb066,USD,1664521405,-3.72587934342193
f41feb3a-a469-487a-bc9d-59a0dfd89c29,EUR,1664541071,-7.091149645903892
75845357-d843-4036-841a-d2e6088b72ce,BTC,1664556152,-4.614005294181602
01f5b699-535e-415c-af84-446e5c00385e,BTC,1664558122,1.5155084959698897
5d47c0f3-920d-49f5-b9b3-5afeca5ece24,USD,1664586751,-5.026510697402
75845357-d843-4036-841a-d2e6088b72ce,USD,1664613578,5.484682751505474
fe3b675f-21d2-4b79-b25f-45150d0e837a,EUR,1664623771,2.2901098849866877
fa3e5601-04c5-4918-9c31-0d02d5ed3431,XPR,1664629522,4.546134392519367
a61e005c-af0a-4820-8cd1-8029218fb066,USD,1664636450,-8.678768519090402
a61e005c-af0a-4820-8cd1-8029218fb066,BTC,1664643481,7.630798920784873
d94aed09-3f48-4b79-ae7d-a8f2cbf69501,BTC,1664672881,-8.734448391150277
9287b4ea-2911-45b2-8da7-cc3ca70cb118,XPR,1664692624,5.384669949598997
75845357-d843-4036-841a-d2e6088b72ce,EUR,1664696595,7.445856211777588
89e5edba-3eef-4514-856a-287526ae50fa,ETH,1664711181,-8.440751336156282
a16bc127-d4af-4611-b5e6-9f9e451a851f,BTC,1664715794,-1.6273424089529254
a61e005c-af0a-4820-8cd1-8029218fb066,EUR,1664768188,-8.247270410896324
beed12b3-f39a-43dc-bee6-721a89c0a937,BTC,1664784886,5.187503826462693
3063533e-d3d2-46ca-91f5-6168c95c9835,EUR,1664803054,-2.6806257590227744
ec22ff9f-6f33-4055-bc53-7ee7d8b51c05,USD,1664822554,8.317070025237761
9287b4ea-2911-45b2-8da7-cc3ca70cb118,XPR,1664824276,3.8596381921107596
3063533e-d3d2-46ca-91f5-6168c95c9835,BTC,1664834144,-3.0173307176875763
beed12b3-f39a-43dc-bee6-721a89c0a937,BTC,1664836386,5.062620527840281
38a23cc5-363b-43c7-ba39-5daa13ed4e2b,BTC,1664837220,-9.165395747087384
a61e005c-af0a-4820-8cd1-8029218fb066,EUR,1664849926,-7.305677430633932
93becbec-6a43-428a-a1ce-6b096c956ca7,BTC,1664853482,-2.480326279395257
f41feb3a-a469-487a-bc9d-59a0dfd89c29,EUR,1664855489,7.323170273967552
e2b54159-2bf7-4b89-850b-9f1c680b6bbe,ETH,1664861024,1.1476439896044432
3caf1a3a-46cf-4c91-b352-9ea9f0c571ec,USD,1664889584,-4.688453528571301
ec22ff9f-6f33-4055-bc53-7ee7d8b51c05,BTC,1664901136,3.1214514002087554
e64722ab-ac45-4631-80ac-c45da5ff8c01,ETH,1664917132,-3.095485804103215
fe3b675f-21d2-4b79-b25f-45150d0e837a,ETH,1664935942,1.2762933548846451
a61e005c-af0a-4820-8cd1-8029218fb066,USD,1664937189,0.8944591895131477
d4dcb8fa-5698-4391-a79f-043adda8a220,USD,1664938347,5.197838669481815
e2b54159-2bf7-4b89-850b-9f1c680b6bbe,USD,1664964740,-1.1054694961816764
e2b54159-2bf7-4b89-850b-9f1c680b6bbe,ETH,1664992381,9.249741025678514
1e6d232e-11f4-4cd6-9eb4-020af5d6a1fb,USD,1664995961,-0.7488350761817628
5dd16e20-7875-458f-bee4-29f27dd61bbd,ETH,1664999257,-4.489605591773767
e84d7bec-86b6-4f13-892c-1970e2d466bc,ETH,1664999907,0.1781925111788336
c12908fd-8688-4926-8453-c480b5ecb48a,CAD,1665000795,2.3672368544781985
beed12b3-f39a-43dc-bee6-721a89c0a937,EUR,1665003207,-8.006287773393211
f41feb3a-a469-487a-bc9d-59a0dfd89c29,USD,1665011917,-2.3509883217668603
9287b4ea-2911-45b2-8da7-cc3ca70cb118,EUR,1665017558,4.9383843759021815
a947e704-dbd7-430b-adf4-7039824b8d63,EUR,1665035081,-0.35196756974637466
992286bf-16a1-43d3-a31d-642222d91603,USD,1665039424,8.267837418044046
3063533e-d3d2-46ca-91f5-6168c95c9835,ETH,1665059766,5.619665537092239
f41feb3a-a469-487a-bc9d-59a0dfd89c29,USD,1665071415,-7.8559417447593365
a61e005c-af0a-4820-8cd1-8029218fb066,USD,1665078721,-9.86653712185053
f41feb3a-a469-487a-bc9d-59a0dfd89c29,CAD,1665106297,6.127733360610552
6044e2ef-8425-487c-b8bf-b88a87cc43f9,BTC,1665121451,-3.069349274222308
93becbec-6a43-428a-a1ce-6b096c956ca7,BTC,1665139676,-3.2870210593738953
414e4248-1b1e-4a8e-af48-e65d6c6eef6b,EUR,1665141375,2.217108302129823
fe3b675f-21d2-4b79-b25f-45150d0e837a,ETH,1665160014,-6.5323868891471
beed12b3-f39a-43dc-bee6-721a89c0a937,EUR,1665164156,3.2943622463307953
fe3b675f-21d2-4b79-b25f-45150d0e837a,ETH,1665168336,0.4209016187790553
5b1caf3b-c40b-419f-b819-86b258ae3a18,ETH,1665208447,-1.123989315641495
e2b54159-2bf7-4b89-850b-9f1c680b6bbe,USD,1665228784,-0.9744417613816747
beed12b3-f39a-43dc-bee6-721a89c0a937,CAD,1665232023,-5.625807723347154
68b37b28-d244-45ab-94c4-21f57bb55a62,BAT,1665247833,-6.1244396134077554
ec22ff9f-6f33-4055-bc53-7ee7d8b51c05,USD,1665262727,-2.3937853048080644
d216d37c-df5d-4c8d-a79d-8cb1f7dbc0f7,EUR,1665264535,-1.7010403369869902
93becbec-6a43-428a-a1ce-6b096c956ca7,BTC,1665265080,-6.410624065253652
9287b4ea-2911-45b2-8da7-cc3ca70cb118,BTC,1665267738,5.178365545022462
93becbec-6a43-428a-a1ce-6b096c956ca7,EUR,1665272317,0.12389034829606693
3063533e-d3d2-46ca-91f5-6168c95c9835,USD,1665290933,9.482451254112107
a29da963-12ff-433b-9872-cf9533a3f170,ETH,1665300883,-2.923938178495698
c12908fd-8688-4926-8453-c480b5ecb48a,BTC,1665316909,-0.7662102689454713
a61e005c-af0a-4820-8cd1-8029218fb066,BTC,1665329465,-9.409815710792595
ec22ff9f-6f33-4055-bc53-7ee7d8b51c05,USD,1665347221,-7.447436769357703
beed12b3-f39a-43dc-bee6-721a89c0a937,BTC,1665365162,-2.4995043942086532
f41feb3a-a469-487a-bc9d-59a0dfd89c29,ETH,1665374177,-4.9404848552891
3633f00d-bf93-44be-9ad2-4c7a0e1e5679,USD,1665378607,0.3107517791397214
e2b54159-2bf7-4b89-850b-9f1c680b6bbe,USD,1665423897,-6.457835315634308
a61e005c-af0a-4820-8cd1-8029218fb066,USD,1665425546,-0.6599512817129298
ec22ff9f-6f33-4055-bc53-7ee7d8b51c05,ETH,1665435016,-1.2997663460182078
dc45ff15-8e0b-4d6a-ba44-195073e4bd0a,CAD,1665440510,4.514460191374791
a02bd628-3dc5-46ba-98eb-42abbce82ad3,BTC,1665441768,1.5777169429602296
beed12b3-f39a-43dc-bee6-721a89c0a937,EUR,1665460682,-5.846803512803418
bdbeede3-8470-4baf-9f28-8f9e01b935d6,EUR,1665465710,-1.754636993193376
51caadde-8903-4316-8c98-507aedfe306a,EUR,1665491483,1.4465555287172016
f2bd38cb-310b-457e-8cb1-c8b5bb589288,BTC,1665495606,5.228690036352903
a61e005c-af0a-4820-8cd1-8029218fb066,BTC,1665510367,2.8755860992495474
034f584c-d4fd-4260-8611-c3423745f933,EUR,1665516535,2.4250590670770897
9287b4ea-2911-45b2-8da7-cc3ca70cb118,ETH,1665530537,-6.355791331479841
e2b54159-2bf7-4b89-850b-9f1c680b6bbe,BTC,1665542892,3.579906358575048
f1bc887e-df8c-4d6d-b633-a0432564e31a,EUR,1665544969,1.3945741082414145
3063533e-d3d2-46ca-91f5-6168c95c9835,USD,1665562786,6.898171071794355
7c615c0c-a984-410a-bbe4-7f9b06d717f8,ETH,1665573679,5.077099273124528
75845357-d843-4036-841a-d2e6088b72ce,EUR,1665583326,0.872750868774359
f1010a49-5aa3-477c-bb16-4d5aebb637c0,ETH,1665588248,9.72940734244213
f41feb3a-a469-487a-bc9d-59a0dfd89c29,EUR,1665596504,4.800309383943134
a61e005c-af0a-4820-8cd1-8029218fb066,EUR,1665619743,9.090404581959415
ec22ff9f-6f33-4055-bc53-7ee7d8b51c05,USD,1665621854,5.893840964836894
3063533e-d3d2-46ca-91f5-6168c95c9835,EUR,1665629243,0.49054114140156635
75845357-d843-4036-841a-d2e6088b72ce,ETH,1665641406,3.9538301059192715
5b1caf3b-c40b-419f-b819-86b258ae3a18,USD,1665645242,-7.092504202249472
fe3b675f-21d2-4b79-b25f-45150d0e837a,BAT,1665657585,5.625616218721776
fe3b675f-21d2-4b79-b25f-45150d0e837a,BTC,1665685723,3.2475826510210037
f41feb3a-a469-487a-bc9d-59a0dfd89c29,ETH,1665686654,0.9995000834400827
a61e005c-af0a-4820-8cd1-8029218fb066,ETH,1665707501,3.5870657239573696
f41feb3a-a469-487a-bc9d-59a0dfd89c29,BTC,1665727473,9.732658647542262
ec22ff9f-6f33-4055-bc53-7ee7d8b51c05,EUR,1665734104,-2.769582540004107
9b2e8458-726f-42d9-97cb-5e66de168da5,EUR,1665749430,2.850823728962922
4a6f2b89-07cb-4557-b821-5a8ea03d2f71,BTC,1665753413,1.288458610302035
39b1b575-8789-45b1-bf90-16b30832ecc0,EUR,1665756311,6.4839968444907825
beed12b3-f39a-43dc-bee6-721a89c0a937,XPR,1665758376,-7.913282986070492
9287b4ea-2911-45b2-8da7-cc3ca70cb118,XPR,1665775718,5.442342065848216
beed12b3-f39a-43dc-bee6-721a89c0a937,USD,1665791143,-3.816724425664633
c85a849b-72dd-43a9-9b24-4815240184b4,ETH,1665795152,5.236046828468313
fe3b675f-21d2-4b79-b25f-45150d0e837a,EUR,1665797257,-4.878120742347667
f41feb3a-a469-487a-bc9d-59a0dfd89c29,BTC,1665804230,-1.5729864745984568
e2b54159-2bf7-4b89-850b-9f1c680b6bbe,ETH,1665818947,-7.2321324872282045
e84d7bec-86b6-4f13-892c-1970e2d466bc,BTC,1665836381,5.599978831579293
9287b4ea-2911-45b2-8da7-cc3ca70cb118,USD,1665851581,-7.545932281990588
e2b54159-2bf7-4b89-850b-9f1c680b6bbe,ETH,1665870746,0.9314032777451136
51caadde-8903-4316-8c98-507aedfe306a,CAD,1665876256,2.662821965144829
3caf1a3a-46cf-4c91-b352-9ea9f0c571ec,ETH,1665904558,-6.670669275522425
335809b4-e5f6-4eeb-872d-539052a9546d,USD,1665909609,3.6150551337806576
fe3b675f-21d2-4b79-b25f-45150d0e837a,EUR,1665923796,-3.102883943054575
93becbec-6a43-428a-a1ce-6b096c956ca7,USD,1665923960,3.5359615838623313
beed12b3-f39a-43dc-bee6-721a89c0a937,BTC,1665926950,-7.192284526822473
f41feb3a-a469-487a-bc9d-59a0dfd89c29,EUR,1665929137,8.013708874914595
3063533e-d3d2-46ca-91f5-6168c95c9835,BTC,1665933951,-0.020893759159514858
beed12b3-f39a-43dc-bee6-721a89c0a937,BTC,1665951392,-4.402712527604478
a61e005c-af0a-4820-8cd1-8029218fb066,USD,1665960599,-3.1302810196915427
68b37b28-d244-45ab-94c4-21f57bb55a62,EUR,1665967514,3.6160173571814607
e2b54159-2bf7-4b89-850b-9f1c680b6bbe,CAD,1665973890,-7.521238611077992
06864593-c803-470c-a6cc-acbbed53c0cb,EUR,1665997550,-1.718024446116095
93becbec-6a43-428a-a1ce-6b096c956ca7,BAT,1666011113,-9.740955828838882
93becbec-6a43-428a-a1ce-6b096c956ca7,ETH,1666016796,-4.57737321966349
a16bc127-d4af-4611-b5e6-9f9e451a851f,EUR,1666022772,5.507712957928328
3063533e-d3d2-46ca-91f5-6168c95c9835,BAT,1666035536,-0.6099397976092629
93becbec-6a43-428a-a1ce-6b096c956ca7,USD,1666044138,-2.4052949114769184
93becbec-6a43-428a-a1ce-6b096c956ca7,BTC,1666060957,4.431607888050655
cb1a5abb-9cf9-4e37-91ab-83d3959b1277,USD,1666064268,-8.462493681203958
987eae8b-a10b-4a88-a437-37a982f5acb5,USD,1666073056,9.307505915412225
ec22ff9f-6f33-4055-bc53-7ee7d8b51c05,BTC,1666092739,2.683821795114378
992286bf-16a1-43d3-a31d-642222d91603,BTC,1666095165,4.2013067292249335
ec22ff9f-6f33-4055-bc53-7ee7d8b51c05,BTC,1666101688,-0.3496085950543186
3063533e-d3d2-46ca-91f5-6168c95c9835,ETH,1666101812,-6.266432565939359
93becbec-6a43-428a-a1ce-6b096c956ca7,EUR,1666110320,4.4357576669503125
beed12b3-f39a-43dc-bee6-721a89c0a937,XPR,1666111880,4.20058551288334
75845357-d843-4036-841a-d2e6088b72ce,EUR,1666117455,-4.218548343653463
beed12b3-f39a-43dc-bee6-721a89c0a937,USD,1666117479,6.297825574057754
d137f350-8287-42e4-99aa-cd56cb77aa8f,EUR,1666135173,-3.533467430155577
a61e005c-af0a-4820-8cd1-8029218fb066,BAT,1666141199,6.1407782478027
f41feb3a-a469-487a-bc9d-59a0dfd89c29,ETH,1666148674,4.6457700660754835
ec22ff9f-6f33-4055-bc53-7ee7d8b51c05,BTC,1666153742,-7.3928327823180595
fe3b675f-21d2-4b79-b25f-45150d0e837a,BTC,1666160391,-5.490730255623553
4b2f64c2-d6b2-421b-a6af-685573cd7f56,BAT,1666164626,-1.7385618507498357
ec22ff9f-6f33-4055-bc53-7ee7d8b51c05,XPR,1666165851,2.4106552177266742
3063533e-d3d2-46ca-91f5-6168c95c9835,ETH,1666179169,6.008955193480766
f41feb3a-a469-487a-bc9d-59a0dfd89c29,BTC,1666223590,-2.9792472837500323
a61e005c-af0a-4820-8cd1-8029218fb066,ETH,1666234495,-3.1682412016852286
f41feb3a-a469-487a-bc9d-59a0dfd89c29,EUR,1666240576,6.286700931673824
f41feb3a-a469-487a-bc9d-59a0dfd89c29,ETH,1666242597,3.198740723430811
39b1b575-8789-45b1-bf90-16b30832ecc0,EUR,1666254411,6.731324876161171
f41feb3a-a469-487a-bc9d-59a0dfd89c29,EUR,1666259674,-6.934484358352611
ec22ff9f-6f33-4055-bc53-7ee7d8b51c05,BTC,1666284693,-8.880853398402857
e2b54159-2bf7-4b89-850b-9f1c680b6bbe,ETH,1666286716,2.731322947950229
a61e005c-af0a-4820-8cd1-8029218fb066,CAD,1666292032,-8.971039894475556
93becbec-6a43-428a-a1ce-6b096c956ca7,ETH,1666308104,2.146760823946206
ec22ff9f-6f33-4055-bc53-7ee7d8b51c05,BTC,1666326152,-6.115709659345605
9287b4ea-2911-45b2-8da7-cc3ca70cb118,BTC,1666337559,-2.7803909752042326
1c624660-7fbd-43a5-b791-c997b810db49,EUR,1666338764,8.826245451541844
f30a7fba-468c-4b04-aac4-8cf836652573,ETH,1666349170,-3.5834827209693216
3063533e-d3d2-46ca-91f5-6168c95c9835,USD,1666352762,-9.819770750371708
93becbec-6a43-428a-a1ce-6b096c956ca7,CAD,1666363916,9.901959157181672
3063533e-d3d2-46ca-91f5-6168c95c9835,BTC,1666365002,-6.90286723403551
fe3b675f-21d2-4b79-b25f-45150d0e837a,CAD,1666365500,-2.9778204459472786
259c4a32-9c8f-474a-9f8b-3a9ded89e9b3,BTC,1666377842,0.6932128711773711
beed12b3-f39a-43dc-bee6-721a89c0a937,BTC,1666383275,8.112412557845783
d216d37c-df5d-4c8d-a79d-8cb1f7dbc0f7,BAT,1666383560,5.448926723097626
c2e51592-d482-4909-892e-01b0a8a0d423,BTC,1666426982,4.111642977363857
fe3b675f-21d2-4b79-b25f-45150d0e837a,ETH,1666455440,1.0114638674577474
75845357-d843-4036-841a-d2e6088b72ce,BTC,1666455706,2.6210978166864685
93becbec-6a43-428a-a1ce-6b096c956ca7,EUR,1666466946,9.144413417355842
75845357-d843-4036-841a-d2e6088b72ce,BTC,1666491573,9.590020866787793
a61e005c-af0a-4820-8cd1-8029218fb066,EUR,1666500954,3.9023052070094053
ec22ff9f-6f33-4055-bc53-7ee7d8b51c05,EUR,1666503116,0.4686879636765955
89e5edba-3eef-4514-856a-287526ae50fa,BTC,1666519941,0.8886278162688033
a29da963-12ff-433b-9872-cf9533a3f170,EUR,1666520318,-9.522214828977127
68b37b28-d244-45ab-94c4-21f57bb55a62,USD,1666533760,-5.258527473626176
ec22ff9f-6f33-4055-bc53-7ee7d8b51c05,ETH,1666541914,-7.150406511554575
f41feb3a-a469-487a-bc9d-59a0dfd89c29,EUR,1666552531,-9.666739479270781
25382ae7-1c6c-4b32-a120-7717c6f4080a,BTC,1666554874,4.0579094632357595
9287b4ea-2911-45b2-8da7-cc3ca70cb118,CAD,1666570547,4.513509369157893
cb1a5abb-9cf9-4e37-91ab-83d3959b1277,CAD,1666573036,5.51461276209052
93becbec-6a43-428a-a1ce-6b096c956ca7,EUR,1666577604,0.705418128531905
a61e005c-af0a-4820-8cd1-8029218fb066,ETH,1666581767,5.428693147876576
f8259c81-0d30-436b-bb3e-156cc731e641,BTC,1666609652,7.435200769940419
f2bd38cb-310b-457e-8cb1-c8b5bb589288,EUR,1666611834,6.060530194729019
e2b54159-2bf7-4b89-850b-9f1c680b6bbe,USD,1666620820,2.38844991184995
ec22ff9f-6f33-4055-bc53-7ee7d8b51c05,XPR,1666627952,-3.409456996256206
0640659b-bfbc-414c-8e89-4c316287a8dd,BTC,1666654977,0.5131451188451468
fe3b675f-21d2-4b79-b25f-45150d0e837a,BAT,1666655489,0.8926367490173899
93becbec-6a43-428a-a1ce-6b096c956ca7,BTC,1666656049,8.579199907314877
fe3b675f-21d2-4b79-b25f-45150d0e837a,ETH,1666657354,0.26057702110115244
9287b4ea-2911-45b2-8da7-cc3ca70cb118,EUR,1666658144,4.89108232265005
f41feb3a-a469-487a-bc9d-59a0dfd89c29,BTC,1666658700,-4.81136878052318
9287b4ea-2911-45b2-8da7-cc3ca70cb118,USD,1666683093,-1.8921529125172931
75845357-d843-4036-841a-d2e6088b72ce,BTC,1666693884,-0.9122714205464444
3063533e-d3d2-46ca-91f5-6168c95c9835,USD,1666695179,0.36273282326851053
e2b54159-2bf7-4b89-850b-9f1c680b6bbe,USD,1666696531,-0.3198097194994922
a61e005c-af0a-4820-8cd1-8029218fb066,USD,1666697156,-9.76845805881581
fe2f78e2-7054-4eba-ad62-6c2164a7e3e3,EUR,1666698665,-5.045670907371496
ec22ff9f-6f33-4055-bc53-7ee7d8b51c05,EUR,1666709394,-5.484041460856027
75845357-d843-4036-841a-d2e6088b72ce,ETH,1666711804,-8.956325535708704
75845357-d843-4036-841a-d2e6088b72ce,XPR,1666718622,-5.1602055924145525
78db312b-071d-41d4-8ed6-d46411f44aa4,USD,1666725038,-9.698090345857844
fe3b675f-21d2-4b79-b25f-45150d0e837a,BAT,1666725388,-0.8971628638533318
fe3b675f-21d2-4b79-b25f-45150d0e837a,USD,1666728278,0.11908102661410247
c98bc1a8-6926-4a59-83c9-09de99a905b4,EUR,1666732249,7.486273456124174
a61e005c-af0a-4820-8cd1-8029218fb066,EUR,1666734039,-5.011129751516668
034f584c-d4fd-4260-8611-c3423745f933,EUR,1666742668,6.847948424123878
dc45ff15-8e0b-4d6a-ba44-195073e4bd0a,USD,1666743200,3.26269775023448
93becbec-6a43-428a-a1ce-6b096c956ca7,ETH,1666744277,-0.2043424651493435
fe3b675f-21d2-4b79-b25f-45150d0e837a,USD,1666744928,-1.0103789763534294
3063533e-d3d2-46ca-91f5-6168c95c9835,USD,1666759055,0.3034815922603329
93becbec-6a43-428a-a1ce-6b096c956ca7,USD,1666765413,-6.333330803491797
beed12b3-f39a-43dc-bee6-721a89c0a937,EUR,1666775856,-4.321648938191521
93becbec-6a43-428a-a1ce-6b096c956ca7,ETH,1666776568,-3.153412625272529
fe3b675f-21d2-4b79-b25f-45150d0e837a,ETH,1666786938,-0.9230139678223672
93becbec-6a43-428a-a1ce-6b096c956ca7,ETH,1666803417,-8.976201126613928
3063533e-d3d2-46ca-91f5-6168c95c9835,ETH,1666811075,-1.4053081864244437
f89443b9-1dfe-427e-b718-8846f977bf51,BTC,1666814854,-5.471921965114966
e2b54159-2bf7-4b89-850b-9f1c680b6bbe,ETH,1666824846,-3.0899342507609333
e2b54159-2bf7-4b89-850b-9f1c680b6bbe,BAT,1666829551,3.634715694396375
992286bf-16a1-43d3-a31d-642222d91603,ETH,1666856165,-5.296291912842985
fe3b675f-21d2-4b79-b25f-45150d0e837a,ETH,1666865565,-0.9024617887681323
fe3b675f-21d2-4b79-b25f-45150d0e837a,BTC,1666881970,8.382526847125991
c85a849b-72dd-43a9-9b24-4815240184b4,BTC,1666901081,-7.6717678323761245
f89443b9-1dfe-427e-b718-8846f977bf51,ETH,1666902624,-9.019897143571857
ec22ff9f-6f33-4055-bc53-7ee7d8b51c05,EUR,1666947299,7.415816216881996
3063533e-d3d2-46ca-91f5-6168c95c9835,USD,1666953372,8.876634502230889
39b1b575-8789-45b1-bf90-16b30832ecc0,USD,1666955816,-1.2295767581015422
5e106318-4553-4462-b510-5438b6a329e5,BAT,1666961047,-9.468199422863798
ec22ff9f-6f33-4055-bc53-7ee7d8b51c05,XPR,1666967039,5.661902755559137
9287b4ea-2911-45b2-8da7-cc3ca70cb118,ETH,1666983331,0.47574831346287105
93becbec-6a43-428a-a1ce-6b096c956ca7,ETH,1666983772,-7.205050297549073
beed12b3-f39a-43dc-bee6-721a89c0a937,XPR,1666984312,-9.818704288987835
78fec595-1f14-4e85-b295-e430a6ba7686,BTC,1666991845,3.127991377783845
93becbec-6a43-428a-a1ce-6b096c956ca7,USD,1667046759,6.64015531156377
3063533e-d3d2-46ca-91f5-6168c95c9835,BTC,1667065100,-6.802600800892087
fe3b675f-21d2-4b79-b25f-45150d0e837a,EUR,1667080868,-0.4640376227673375
beed12b3-f39a-43dc-bee6-721a89c0a937,EUR,1667084556,-1.4399594730170655
d137f350-8287-42e4-99aa-cd56cb77aa8f,ETH,1667084597,-8.509817951914373
c2e51592-d482-4909-892e-01b0a8a0d423,EUR,1667091634,2.5149232393526173
f41feb3a-a469-487a-bc9d-59a0dfd89c29,EUR,1667095555,-9.238799705187956
beed12b3-f39a-43dc-bee6-721a89c0a937,BTC,1667107998,-5.792386248925472
7c615c0c-a984-410a-bbe4-7f9b06d717f8,EUR,1667108649,1.7710883393051517
beed12b3-f39a-43dc-bee6-721a89c0a937,EUR,1667108659,4.3026351643812255
a61e005c-af0a-4820-8cd1-8029218fb066,USD,1667110357,-1.876549005882847
9b889da5-cd5e-4fea-9680-e4aef39193ad,USD,1667116208,3.0106641290910385
f41feb3a-a469-487a-bc9d-59a0dfd89c29,ETH,1667117280,-5.803268422839469
beed12b3-f39a-43dc-bee6-721a89c0a937,ETH,1667120931,-7.456456578373308
9287b4ea-2911-45b2-8da7-cc3ca70cb118,EUR,1667144199,-0.8852169068737776
9287b4ea-2911-45b2-8da7-cc3ca70cb118,BTC,1667148685,5.546362020908887
3063533e-d3d2-46ca-91f5-6168c95c9835,BTC,1667153580,1.7259303744507122
beed12b3-f39a-43dc-bee6-721a89c0a937,USD,1667159575,5.374321474980217
ec22ff9f-6f33-4055-bc53-7ee7d8b51c05,EUR,1667161280,-1.0883259064885902
9287b4ea-2911-45b2-8da7-cc3ca70cb118,USD,1667204727,4.282711021911862
f41feb3a-a469-487a-bc9d-59a0dfd89c29,ETH,1667205016,-6.2809434158724216
ec22ff9f-6f33-4055-bc53-7ee7d8b51c05,ETH,1667243211,-3.035643226100479
1e6d232e-11f4-4cd6-9eb4-020af5d6a1fb,USD,1667243663,4.637330861852842
fe3b675f-21d2-4b79-b25f-45150d0e837a,CAD,1667259580,-5.603614179965115
fe3b675f-21d2-4b79-b25f-45150d0e837a,USD,1667264445,-9.449263726597461
a02bd628-3dc5-46ba-98eb-42abbce82ad3,EUR,1667271758,-8.449071887257464
9287b4ea-2911-45b2-8da7-cc3ca70cb118,USD,1667273799,3.2459396349679217
f41feb3a-a469-487a-bc9d-59a0dfd89c29,EUR,1667287802,-0.04371908326421092
93becbec-6a43-428a-a1ce-6b096c956ca7,BAT,1667290342,6.295551570545491
3063533e-d3d2-46ca-91f5-6168c95c9835,USD,1667321404,7.233530823184637
a61e005c-af0a-4820-8cd1-8029218fb066,EUR,1667322478,-8.738117001468897
f41feb3a-a469-487a-bc9d-59a0dfd89c29,BTC,1667330547,-4.433478140719888
3633f00d-bf93-44be-9ad2-4c7a0e1e5679,ETH,1667331416,8.037090236828938
75845357-d843-4036-841a-d2e6088b72ce,BTC,1667332543,3.5942137402381995
27ad712a-9148-4b34-83ec-8bae3ea4cdbf,USD,1667339659,6.014750502190001
beed12b3-f39a-43dc-bee6-721a89c0a937,EUR,1667343341,7.637447568110087
ec22ff9f-6f33-4055-bc53-7ee7d8b51c05,EUR,1667349351,-7.607346291012684
93becbec-6a43-428a-a1ce-6b096c956ca7,BTC,1667349542,9.311045984093209
9287b4ea-2911-45b2-8da7-cc3ca70cb118,ETH,1667367333,5.736690080027259
93becbec-6a43-428a-a1ce-6b096c956ca7,BTC,1667376740,6.5234673513153005
a61e005c-af0a-4820-8cd1-8029218fb066,BTC,1667395018,7.900044606121899
3063533e-d3d2-46ca-91f5-6168c95c9835,BTC,1667401298,-1.2523900458346908
335809b4-e5f6-4eeb-872d-539052a9546d,USD,1667415560,-0.7145387206985365
044ebe23-2980-4172-aa8b-f59e48b07343,EUR,1667436922,6.688722270227892
9287b4ea-2911-45b2-8da7-cc3ca70cb118,BTC,1667440238,5.140991346268926
d83f6123-2f33-402e-9fb1-25a96c6d19f5,ETH,1667441704,1.2265040244283867
beed12b3-f39a-43dc-bee6-721a89c0a937,ETH,1667444326,5.828600212650866
1e6d232e-11f4-4cd6-9eb4-020af5d6a1fb,EUR,1667449947,6.856964332235616
fe3b675f-21d2-4b79-b25f-45150d0e837a,USD,1667455121,7.663892766398927
beed12b3-f39a-43dc-bee6-721a89c0a937,USD,1667458779,-1.704629459269844
3063533e-d3d2-46ca-91f5-6168c95c9835,EUR,1667461218,-8.296584806281128
ec22ff9f-6f33-4055-bc53-7ee7d8b51c05,USD,1667468321,-8.107298994930929
7e26da7f-3fe1-4790-a9bf-147bf2a852ec,EUR,1667483882,-1.9667210030420854
3063533e-d3d2-46ca-91f5-6168c95c9835,ETH,1667487093,7.474411211028993
93becbec-6a43-428a-a1ce-6b096c956ca7,USD,1667496754,-6.361585955644915
9287b4ea-2911-45b2-8da7-cc3ca70cb118,EUR,1667522039,0.42501541604571536
fdaa102d-797c-4c57-a793-feb6e3aaff0d,ETH,1667528506,5.923154710711163
4760ba51-fb20-47c1-8751-abd21264713a,USD,1667547796,-2.8088081301810135
b61477de-b466-4b13-8a72-e80a721689ca,ETH,1667550881,5.353681820131193
d216d37c-df5d-4c8d-a79d-8cb1f7dbc0f7,BTC,1667553840,-6.725098457753564
e2b54159-2bf7-4b89-850b-9f1c680b6bbe,BAT,1667555557,7.820587609019036
a16bc127-d4af-4611-b5e6-9f9e451a851f,BTC,1667566387,-6.902376422687377
992286bf-16a1-43d3-a31d-642222d91603,EUR,1667611336,6.6465685543199555
e2b54159-2bf7-4b89-850b-9f1c680b6bbe,BTC,1667633187,-8.996472905918846
3063533e-d3d2-46ca-91f5-6168c95c9835,ETH,1667663690,-7.527766036480177
75845357-d843-4036-841a-d2e6088b72ce,BTC,1667677241,4.134344303649476
335809b4-e5f6-4eeb-872d-539052a9546d,BTC,1667678518,-9.582495681074363
3063533e-d3d2-46ca-91f5-6168c95c9835,ETH,1667678910,-8.89608602066333
e64722ab-ac45-4631-80ac-c45da5ff8c01,USD,1667679287,2.239194830792373
beed12b3-f39a-43dc-bee6-721a89c0a937,BTC,1667686225,-5.56990353418189
414e4248-1b1e-4a8e-af48-e65d6c6eef6b,USD,1667686998,-8.332482280002015
93becbec-6a43-428a-a1ce-6b096c956ca7,USD,1667689623,8.604180667069507
a61e005c-af0a-4820-8cd1-8029218fb066,USD,1667697702,0.0468004063624754
93becbec-6a43-428a-a1ce-6b096c956ca7,USD,1667719799,-9.420302643087373
b61477de-b466-4b13-8a72-e80a721689ca,USD,1667723552,-2.306938908567961
beed12b3-f39a-43dc-bee6-721a89c0a937,ETH,1667738235,-1.0642589269158051
75845357-d843-4036-841a-d2e6088b72ce,BTC,1667741337,-9.98435249172761
beed12b3-f39a-43dc-bee6-721a89c0a937,EUR,1667760237,6.124929536597275
93becbec-6a43-428a-a1ce-6b096c956ca7,BTC,1667768353,-1.0607403671082452
9287b4ea-2911-45b2-8da7-cc3ca70cb118,EUR,1667771292,2.50397342302608
a61e005c-af0a-4820-8cd1-8029218fb066,USD,1667777204,-3.1957046838300123
4760ba51-fb20-47c1-8751-abd21264713a,BTC,1667786816,-6.524111346342605
a61e005c-af0a-4820-8cd1-8029218fb066,ETH,1667817647,-5.313813077190932
a947e704-dbd7-430b-adf4-7039824b8d63,ETH,1667825923,2.5928519831871277
f41feb3a-a469-487a-bc9d-59a0dfd89c29,BTC,1667827430,5.933774907965507
3063533e-d3d2-46ca-91f5-6168c95c9835,EUR,1667829373,-8.478325371440063
0640659b-bfbc-414c-8e89-4c316287a8dd,USD,1667837592,1.826904354176424
e2b54159-2bf7-4b89-850b-9f1c680b6bbe,USD,1667849785,3.04893580219181
9b889da5-cd5e-4fea-9680-e4aef39193ad,ETH,1667862425,-5.26767505850215
e2b54159-2bf7-4b89-850b-9f1c680b6bbe,XPR,1667889011,8.837176748221193
93becbec-6a43-428a-a1ce-6b096c956ca7,ETH,1667889107,-0.256383646599609
ec22ff9f-6f33-4055-bc53-7ee7d8b51c05,ETH,1667905133,-6.921485811917605
0615a717-29b9-4c76-826a-ece60a60f3ae,EUR,1667907964,-7.576353618620386
78db312b-071d-41d4-8ed6-d46411f44aa4,USD,1667921445,-8.027768246142033
78db312b-071d-41d4-8ed6-d46411f44aa4,EUR,1667953011,7.896060571676138
ec22ff9f-6f33-4055-bc53-7ee7d8b51c05,EUR,1667957411,-3.447133239851558
3063533e-d3d2-46ca-91f5-6168c95c9835,USD,1667961041,-6.8613282886143985
f41feb3a-a469-487a-bc9d-59a0dfd89c29,BTC,1667964361,7.897349571754724
75845357-d843-4036-841a-d2e6088b72ce,XPR,1667969960,-3.6345366147902602
f1010a49-5aa3-477c-bb16-4d5aebb637c0,ETH,1667973476,-4.190334040792094
55578bf3-84af-4f11-bf24-6be394197c26,BTC,1667983206,4.08269865720043
9287b4ea-2911-45b2-8da7-cc3ca70cb118,EUR,1667993835,-3.609347615086673
f41feb3a-a469-487a-bc9d-59a0dfd89c29,CAD,1668001134,3.0761100616466095
9287b4ea-2911-45b2-8da7-cc3ca70cb118,BTC,1668003326,-1.7362529703093816
beed12b3-f39a-43dc-bee6-721a89c0a937,USD,1668012943,1.452876840946809
3063533e-d3d2-46ca-91f5-6168c95c9835,EUR,1668016344,2.8072518211430264
75845357-d843-4036-841a-d2e6088b72ce,EUR,1668019439,0.3659803457412121
e64722ab-ac45-4631-80ac-c45da5ff8c01,USD,1668046889,-9.034669774840191
e2b54159-2bf7-4b89-850b-9f1c680b6bbe,EUR,1668052144,-2.27876894811115
3063533e-d3d2-46ca-91f5-6168c95c9835,ETH,1668055528,3.5553710150883013
f8259c81-0d30-436b-bb3e-156cc731e641,BTC,1668057646,-8.889486694848259
ec22ff9f-6f33-4055-bc53-7ee7d8b51c05,BTC,1668058609,6.743918364618629
992286bf-16a1-43d3-a31d-642222d91603,EUR,1668063833,8.35488273743136
fe3b675f-21d2-4b79-b25f-45150d0e837a,ETH,1668069686,-0.8750214651023764
f41feb3a-a469-487a-bc9d-59a0dfd89c29,ETH,1668089576,-7.810412800598481
7e26da7f-3fe1-4790-a9bf-147bf2a852ec,BAT,1668092984,-8.294756899313738
3063533e-d3d2-46ca-91f5-6168c95c9835,EUR,1668098926,-1.915788827059334
fe3b675f-21d2-4b79-b25f-45150d0e837a,USD,1668103422,-3.877276308561064
93becbec-6a43-428a-a1ce-6b096c956ca7,USD,1668106075,9.951746611572425
fe3b675f-21d2-4b79-b25f-45150d0e837a,XPR,1668118528,-8.386135995534929
38a23cc5-363b-43c7-ba39-5daa13ed4e2b,EUR,1668118559,-3.6325630404786535
5dd16e20-7875-458f-bee4-29f27dd61bbd,EUR,1668130109,-9.114312763550705
75845357-d843-4036-841a-d2e6088b72ce,BTC,1668133396,-7.904215908488044
f8259c81-0d30-436b-bb3e-156cc731e641,ETH,1668139761,-8.6234945204469
9287b4ea-2911-45b2-8da7-cc3ca70cb118,EUR,1668139807,4.68609003157448
75845357-d843-4036-841a-d2e6088b72ce,EUR,1668143227,7.4660657482972645
fe3b675f-21d2-4b79-b25f-45150d0e837a,USD,1668152778,5.043235874219217
75845357-d843-4036-841a-d2e6088b72ce,EUR,1668176427,-2.294478746146991
75845357-d843-4036-841a-d2e6088b72ce,BAT,1668180604,-4.526896102306273
93becbec-6a43-428a-a1ce-6b096c956ca7,EUR,1668207343,5.494844533018828
75845357-d843-4036-841a-d2e6088b72ce,EUR,1668215487,4.4709431391147305
a61e005c-af0a-4820-8cd1-8029218fb066,EUR,1668216734,8.888331723395769
9287b4ea-2911-45b2-8da7-cc3ca70cb118,EUR,1668235499,3.5528383116109836
987eae8b-a10b-4a88-a437-37a982f5acb5,ETH,1668244410,6.75564275492372
3063533e-d3d2-46ca-91f5-6168c95c9835,CAD,1668245324,5.286325374835027
4760ba51-fb20-47c1-8751-abd21264713a,ETH,1668257440,6.330520641339341
93becbec-6a43-428a-a1ce-6b096c956ca7,ETH,1668265094,-6.394344293788152
93becbec-6a43-428a-a1ce-6b096c956ca7,EUR,1668267711,9.7786665728567
06864593-c803-470c-a6cc-acbbed53c0cb,ETH,1668294283,6.007255738874537
93becbec-6a43-428a-a1ce-6b096c956ca7,ETH,1668296358,-9.170921374711298
75845357-d843-4036-841a-d2e6088b72ce,EUR,1668305627,-7.033922077427528
93becbec-6a43-428a-a1ce-6b096c956ca7,BTC,1668311075,-3.9624831842594066
9287b4ea-2911-45b2-8da7-cc3ca70cb118,ETH,1668322200,2.6255851488141797
beed12b3-f39a-43dc-bee6-721a89c0a937,BTC,1668330485,-6.763356296937442
a61e005c-af0a-4820-8cd1-8029218fb066,EUR,1668331499,-1.7316987935018595
75845357-d843-4036-841a-d2e6088b72ce,BTC,1668349140,-5.272525654563034
93becbec-6a43-428a-a1ce-6b096c956ca7,ETH,1668358874,1.996010633540326
25382ae7-1c6c-4b32-a120-7717c6f4080a,EUR,1668366099,-2.9363121345012066
ec22ff9f-6f33-4055-bc53-7ee7d8b51c05,ETH,1668366611,-2.820210851342262
960aed32-ddad-4784-a770-74fc1ff0da8d,USD,1668392802,1.2792860334916938
93becbec-6a43-428a-a1ce-6b096c956ca7,ETH,1668401031,-5.028616503580827
034f584c-d4fd-4260-8611-c3423745f933,EUR,1668411398,-6.9897792769702916
ec22ff9f-6f33-4055-bc53-7ee7d8b51c05,BTC,1668415901,1.8108244785109413
75845357-d843-4036-841a-d2e6088b72ce,USD,1668420410,-1.0884830973408874
ec22ff9f-6f33-4055-bc53-7ee7d8b51c05,ETH,1668429493,8.667888599342142
e2b54159-2bf7-4b89-850b-9f1c680b6bbe,USD,1668431417,-6.433062748817367
5b8e58a5-9b9f-4f1b-969f-21dbee72f0bb,ETH,1668455768,2.5893744716933185
e2b54159-2bf7-4b89-850b-9f1c680b6bbe,USD,1668467787,-5.177981475265163
a02bd628-3dc5-46ba-98eb-42abbce82ad3,EUR,1668477644,1.0335462128275967
fe3b675f-21d2-4b79-b25f-45150d0e837a,BAT,1668492205,-3.9861172469521122
c85a849b-72dd-43a9-9b24-4815240184b4,ETH,1668514300,5.642944603880061
f41feb3a-a469-487a-bc9d-59a0dfd89c29,BTC,1668519024,-8.92188498871863
75845357-d843-4036-841a-d2e6088b72ce,EUR,1668521117,2.5891605274338723
75845357-d843-4036-841a-d2e6088b72ce,ETH,1668525538,-9.121366938151693
99c17ee8-9189-4682-8f4d-a3e22a59e12f,ETH,1668532777,2.9637274924407393
3063533e-d3d2-46ca-91f5-6168c95c9835,EUR,1668538015,-9.690477079137539
f41feb3a-a469-487a-bc9d-59a0dfd89c29,EUR,1668571520,9.46405623395204
75845357-d843-4036-841a-d2e6088b72ce,BTC,1668577890,-6.183612488270686
e2b54159-2bf7-4b89-850b-9f1c680b6bbe,BTC,1668593611,0.6946574136892849
f41feb3a-a469-487a-bc9d-59a0dfd89c29,USD,1668595389,-7.266223805908886
93becbec-6a43-428a-a1ce-6b096c956ca7,USD,1668603578,4.281124305003809
8f08a9c5-0884-4bd2-8d00-d772d32654a1,BTC,1668622068,-7.052608336308852
25382ae7-1c6c-4b32-a120-7717c6f4080a,EUR,1668683341,4.204516384052965
9287b4ea-2911-45b2-8da7-cc3ca70cb118,EUR,1668711332,-8.46443366765236
93becbec-6a43-428a-a1ce-6b096c956ca7,CAD,1668717391,3.1730704669781034
ec22ff9f-6f33-4055-bc53-7ee7d8b51c05,USD,1668721277,6.083305165854714
3063533e-d3d2-46ca-91f5-6168c95c9835,EUR,1668728023,-3.5906513299094485
a61e005c-af0a-4820-8cd1-8029218fb066,BTC,1668731810,-9.926034770436596
75845357-d843-4036-841a-d2e6088b72ce,EUR,1668736389,6.6627002463872955
ec22ff9f-6f33-4055-bc53-7ee7d8b51c05,BTC,1668766509,1.4150825330477517
ec22ff9f-6f33-4055-bc53-7ee7d8b51c05,USD,1668769187,0.15873628592073352
f8259c81-0d30-436b-bb3e-156cc731e641,ETH,1668772210,-9.215005692262421
044ebe23-2980-4172-aa8b-f59e48b07343,BTC,1668775057,-2.420337254156828
99c17ee8-9189-4682-8f4d-a3e22a59e12f,EUR,1668786934,-0.872864290287783
beed12b3-f39a-43dc-bee6-721a89c0a937,EUR,1668799989,5.796859893018366
f41feb3a-a469-487a-bc9d-59a0dfd89c29,EUR,1668800282,-7.071151382205983
f1010a49-5aa3-477c-bb16-4d5aebb637c0,USD,1668808774,1.844282868328138
e2b54159-2bf7-4b89-850b-9f1c680b6bbe,BTC,1668809493,-7.9877341627313765
e2b54159-2bf7-4b89-850b-9f1c680b6bbe,EUR,1668810978,9.05825531882087
0615a717-29b9-4c76-826a-ece60a60f3ae,BTC,1668819761,-2.3144428826351726
fe3b675f-21d2-4b79-b25f-45150d0e837a,BTC,1668834087,1.8825470167535396
ec22ff9f-6f33-4055-bc53-7ee7d8b51c05,BTC,1668836930,-8.717327516967678
ec22ff9f-6f33-4055-bc53-7ee7d8b51c05,USD,1668839222,-3.4565666585727666
c2e51592-d482-4909-892e-01b0a8a0d423,ETH,1668844349,-1.5360374903979395
d137f350-8287-42e4-99aa-cd56cb77aa8f,ETH,1668875273,-4.606281803268441
960aed32-ddad-4784-a770-74fc1ff0da8d,USD,1668883144,1.5102189661314078
fe3b675f-21d2-4b79-b25f-45150d0e837a,EUR,1668883605,-4.870523802413813
9287b4ea-2911-45b2-8da7-cc3ca70cb118,ETH,1668888764,-3.034397451810298
a61e005c-af0a-4820-8cd1-8029218fb066,EUR,1668896919,-7.683247920804783
9287b4ea-2911-45b2-8da7-cc3ca70cb118,BTC,1668917940,5.420316997094572
d137f350-8287-42e4-99aa-cd56cb77aa8f,EUR,1668918200,-7.701529317238904
93becbec-6a43-428a-a1ce-6b096c956ca7,BTC,1668931965,8.131243600837216
9b889da5-cd5e-4fea-9680-e4aef39193ad,USD,1668964223,3.980963118853788
9b889da5-cd5e-4fea-9680-e4aef39193ad,ETH,1668964820,-0.6094137331996095
fe3b675f-21d2-4b79-b25f-45150d0e837a,BTC,1668965496,5.08886944623047
93becbec-6a43-428a-a1ce-6b096c956ca7,EUR,1668990163,-8.48112230179347
ec22ff9f-6f33-4055-bc53-7ee7d8b51c05,XPR,1668995369,-6.759439904842262
f41feb3a-a469-487a-bc9d-59a0dfd89c29,EUR,1669075753,-9.713069945872716
93becbec-6a43-428a-a1ce-6b096c956ca7,BTC,1669080894,7.935000476971574
79b2b699-e758-48a8-bc3b-379fa77bb478,EUR,1669089268,-1.7695997707418414
93becbec-6a43-428a-a1ce-6b096c956ca7,BTC,1669094230,-3.839910738700807
f41feb3a-a469-487a-bc9d-59a0dfd89c29,USD,1669100846,0.39881420288182134
f8259c81-0d30-436b-bb3e-156cc731e641,BTC,1669104524,-0.15127353758714257
4832c931-325f-4bda-9926-9dfc310ccbad,BTC,1669111486,-5.94676957070986
d4dcb8fa-5698-4391-a79f-043adda8a220,CAD,1669113915,8.052863843471233
beed12b3-f39a-43dc-bee6-721a89c0a937,BTC,1669123734,9.584199171262298
93becbec-6a43-428a-a1ce-6b096c956ca7,BAT,1669139713,8.973436931400457
5dd16e20-7875-458f-bee4-29f27dd61bbd,XPR,1669162926,-5.599884750359722
f89443b9-1dfe-427e-b718-8846f977bf51,BTC,1669168447,-7.220164394235344
e2b54159-2bf7-4b89-850b-9f1c680b6bbe,EUR,1669175267,5.625492905178536
9287b4ea-2911-45b2-8da7-cc3ca70cb118,USD,1669191728,3.3365505165980576
93becbec-6a43-428a-a1ce-6b096c956ca7,EUR,1669199815,0.5814306716453537
a75ecbba-3eb1-43a0-8c9a-863569911bc3,BTC,1669210089,-8.859806405450207
9287b4ea-2911-45b2-8da7-cc3ca70cb118,ETH,1669237598,-9.841106042365368
ec22ff9f-6f33-4055-bc53-7ee7d8b51c05,USD,1669245843,-4.802235490188959
92934d8d-a4cc-456f-97ca-c77f528c6bda,EUR,1669253050,-5.497052758042534
fe3b675f-21d2-4b79-b25f-45150d0e837a,BTC,1669253062,0.14094501733838172
9287b4ea-2911-45b2-8da7-cc3ca70cb118,BTC,1669258384,3.367434287657078
a61e005c-af0a-4820-8cd1-8029218fb066,BTC,1669274037,5.378312629354397
ec22ff9f-6f33-4055-bc53-7ee7d8b51c05,EUR,1669285453,7.336247220394068
93becbec-6a43-428a-a1ce-6b096c956ca7,ETH,1669290435,1.8815137526512409
f41feb3a-a469-487a-bc9d-59a0dfd89c29,EUR,1669311470,5.377043379910951
e2b54159-2bf7-4b89-850b-9f1c680b6bbe,EUR,1669317142,-9.62102940026438
fe2f78e2-7054-4eba-ad62-6c2164a7e3e3,XPR,1669326639,9.438490821207118
27ad712a-9148-4b34-83ec-8bae3ea4cdbf,ETH,1669333189,-0.003194267958736674
044ebe23-2980-4172-aa8b-f59e48b07343,ETH,1669349538,-0.4527563532255776
dc45ff15-8e0b-4d6a-ba44-195073e4bd0a,ETH,1669368930,-8.876481423208002
beed12b3-f39a-43dc-bee6-721a89c0a937,ETH,1669381152,-3.4607583707083345
75845357-d843-4036-841a-d2e6088b72ce,ETH,1669397126,3.114059139287189
93becbec-6a43-428a-a1ce-6b096c956ca7,BTC,1669403435,2.394890487671173
a61e005c-af0a-4820-8cd1-8029218fb066,USD,1669408770,-1.9186476977603952
75845357-d843-4036-841a-d2e6088b72ce,BTC,1669427660,5.438794176318913
034f584c-d4fd-4260-8611-c3423745f933,EUR,1669435735,-5.461612224729211
e2b54159-2bf7-4b89-850b-9f1c680b6bbe,BTC,1669447068,9.287193496183395
3063533e-d3d2-46ca-91f5-6168c95c9835,BTC,1669448042,-8.643190817886415
3063533e-d3d2-46ca-91f5-6168c95c9835,EUR,1669449731,9.591883172269998
e2b54159-2bf7-4b89-850b-9f1c680b6bbe,BAT,1669453337,8.411816465358328
cc19a596-79eb-4ae6-92a8-6f7ff846355a,ETH,1669464729,2.2314647843979056
e2b54159-2bf7-4b89-850b-9f1c680b6bbe,BAT,1669468018,3.1229848462026695
99c17ee8-9189-4682-8f4d-a3e22a59e12f,BTC,1669470707,-9.410175927135437
044ebe23-2980-4172-aa8b-f59e48b07343,ETH,1669472929,-0.16430744902072902
beed12b3-f39a-43dc-bee6-721a89c0a937,BAT,1669475872,-1.4607910370778043
6044e2ef-8425-487c-b8bf-b88a87cc43f9,EUR,1669487242,4.300553671121225
75845357-d843-4036-841a-d2e6088b72ce,USD,1669487484,1.995815009585968
0640659b-bfbc-414c-8e89-4c316287a8dd,USD,1669491037,-3.023979635953311
e2b54159-2bf7-4b89-850b-9f1c680b6bbe,BTC,1669510519,-9.55182626690976
e2b54159-2bf7-4b89-850b-9f1c680b6bbe,BTC,1669515444,5.735027814827426
e2b54159-2bf7-4b89-850b-9f1c680b6bbe,EUR,1669522684,0.0623289668105258
beed12b3-f39a-43dc-bee6-721a89c0a937,BTC,1669522956,-1.39334736437438
a61e005c-af0a-4820-8cd1-8029218fb066,ETH,1669533304,7.925596645829643
fe3b675f-21d2-4b79-b25f-45150d0e837a,ETH,1669537253,4.6941134258917785
beed12b3-f39a-43dc-bee6-721a89c0a937,USD,1669538724,-1.0771680126944734
9287b4ea-2911-45b2-8da7-cc3ca70cb118,EUR,1669551187,-3.874075612926391
93becbec-6a43-428a-a1ce-6b096c956ca7,BTC,1669561221,-7.4047297918730965
beed12b3-f39a-43dc-bee6-721a89c0a937,EUR,1669582128,-9.270415567122667
d83f6123-2f33-402e-9fb1-25a96c6d19f5,EUR,1669601543,4.068472079418763
e2b54159-2bf7-4b89-850b-9f1c680b6bbe,ETH,1669606711,4.369495379234866
464298b8-8b92-463e-949b-3ba65c3b58c6,BTC,1669633105,-4.500629132336924
beed12b3-f39a-43dc-bee6-721a89c0a937,EUR,1669634882,-6.054646357821277
9287b4ea-2911-45b2-8da7-cc3ca70cb118,BTC,1669639415,-5.867323158729308
a75ecbba-3eb1-43a0-8c9a-863569911bc3,USD,1669644509,-6.8726133276358325
ec22ff9f-6f33-4055-bc53-7ee7d8b51c05,EUR,1669653151,7.09689543733769
fe3b675f-21d2-4b79-b25f-45150d0e837a,ETH,1669662785,-2.793914450483719
a61e005c-af0a-4820-8cd1-8029218fb066,BTC,1669676332,-3.258078756411993
a61e005c-af0a-4820-8cd1-8029218fb066,USD,1669681956,-1.9338739456232865
a61e005c-af0a-4820-8cd1-8029218fb066,EUR,1669685198,-1.3620600215998824
e2b54159-2bf7-4b89-850b-9f1c680b6bbe,USD,1669689918,-4.581435600678065
3063533e-d3d2-46ca-91f5-6168c95c9835,USD,1669690310,9.275976340684547
f41feb3a-a469-487a-bc9d-59a0dfd89c29,USD,1669698127,-4.85366987274632
e2b54159-2bf7-4b89-850b-9f1c680b6bbe,BTC,1669714397,8.943397072238824
fe3b675f-21d2-4b79-b25f-45150d0e837a,BTC,1669717106,8.7570650810624
3633f00d-bf93-44be-9ad2-4c7a0e1e5679,CAD,1669722267,-0.41089380788843677
f41feb3a-a469-487a-bc9d-59a0dfd89c29,EUR,1669724396,3.567107594694985
75845357-d843-4036-841a-d2e6088b72ce,ETH,1669729842,0.36999447821943043
f41feb3a-a469-487a-bc9d-59a0dfd89c29,USD,1669747936,-1.2488471807791015
3063533e-d3d2-46ca-91f5-6168c95c9835,ETH,1669752741,5.286451286332248
9287b4ea-2911-45b2-8da7-cc3ca70cb118,EUR,1669762476,0.23615273368955414
1e6d232e-11f4-4cd6-9eb4-020af5d6a1fb,XPR,1669763805,-0.44746895499766737
8f08a9c5-0884-4bd2-8d00-d772d32654a1,BTC,1669766894,-8.530076965690991
75845357-d843-4036-841a-d2e6088b72ce,EUR,1669771228,-9.802794434435004
93becbec-6a43-428a-a1ce-6b096c956ca7,BTC,1669791981,7.300492258862363
cb1a5abb-9cf9-4e37-91ab-83d3959b1277,BTC,1669796308,7.084977937336305
3063533e-d3d2-46ca-91f5-6168c95c9835,EUR,1669801486,6.443375498404791
beed12b3-f39a-43dc-bee6-721a89c0a937,EUR,1669810675,5.0889701774277025
fe2f78e2-7054-4eba-ad62-6c2164a7e3e3,EUR,1669818767,-5.3936315198184825
39b1b575-8789-45b1-bf90-16b30832ecc0,BTC,1669826913,-4.64771064500642
fe3b675f-21d2-4b79-b25f-45150d0e837a,CAD,1669855604,-3.4800076894537524
c5cefec7-2341-4c3e-bee1-cb30fee93bd8,EUR,1669859377,9.38427251291398
464298b8-8b92-463e-949b-3ba65c3b58c6,USD,1669884873,4.576854706093837
ec22ff9f-6f33-4055-bc53-7ee7d8b51c05,ETH,1669894491,-9.530399902029727
fe3b675f-21d2-4b79-b25f-45150d0e837a,USD,1669903256,8.615457833268305
99c17ee8-9189-4682-8f4d-a3e22a59e12f,BTC,1669904320,0.9136913441264465
e2b54159-2bf7-4b89-850b-9f1c680b6bbe,BTC,1669905817,-7.468619032717445
f41feb3a-a469-487a-bc9d-59a0dfd89c29,BAT,1669906177,-0.7056318735319511
992286bf-16a1-43d3-a31d-642222d91603,ETH,1669946485,-9.115264402713102
a61e005c-af0a-4820-8cd1-8029218fb066,ETH,1669983345,-5.178237168130886
9287b4ea-2911-45b2-8da7-cc3ca70cb118,USD,1669983892,5.140297299720199
d94aed09-3f48-4b79-ae7d-a8f2cbf69501,ETH,1669989910,3.093201475938031
fe3b675f-21d2-4b79-b25f-45150d0e837a,BTC,1670004366,9.954247193521073
75845357-d843-4036-841a-d2e6088b72ce,ETH,1670004636,2.304669990610824
f8259c81-0d30-436b-bb3e-156cc731e641,ETH,1670023270,-6.396262830925076
f41feb3a-a469-487a-bc9d-59a0dfd89c29,EUR,1670027693,-4.786612565543797
a61e005c-af0a-4820-8cd1-8029218fb066,BTC,1670030170,-3.8690565272255784
6e7c8b3b-708e-4d1f-a58d-d904d91152d7,EUR,1670030477,6.789474406990873
75845357-d843-4036-841a-d2e6088b72ce,BTC,1670034000,-9.786487444511993
f41feb3a-a469-487a-bc9d-59a0dfd89c29,XPR,1670041173,7.005177503494526
93becbec-6a43-428a-a1ce-6b096c956ca7,BTC,1670052716,8.44905800018823
e2b54159-2bf7-4b89-850b-9f1c680b6bbe,ETH,1670054465,-8.814159970937785
78db312b-071d-41d4-8ed6-d46411f44aa4,USD,1670057105,9.679652570460728
3caf1a3a-46cf-4c91-b352-9ea9f0c571ec,BTC,1670066878,-9.701427883248703
9287b4ea-2911-45b2-8da7-cc3ca70cb118,ETH,1670070825,-2.4785192278130204
f41feb3a-a469-487a-bc9d-59a0dfd89c29,BTC,1670084177,-1.6125697223115694
b8599949-2ffc-44c4-bc46-2e596e131c17,XPR,1670105375,2.5054888700343696
93becbec-6a43-428a-a1ce-6b096c956ca7,ETH,1670139365,-0.43041733829230466
75845357-d843-4036-841a-d2e6088b72ce,EUR,1670142399,1.1222994000707764
4b2f64c2-d6b2-421b-a6af-685573cd7f56,ETH,1670142983,6.97948377028008
78fec595-1f14-4e85-b295-e430a6ba7686,BTC,1670159397,-7.538149975544998
259c4a32-9c8f-474a-9f8b-3a9ded89e9b3,EUR,1670162176,1.4093796171498933
f41feb3a-a469-487a-bc9d-59a0dfd89c29,BTC,1670179636,3.8312747436382324
beed12b3-f39a-43dc-bee6-721a89c0a937,EUR,1670205452,4.16701351153913
a61e005c-af0a-4820-8cd1-8029218fb066,ETH,1670215833,9.46315690451685
c0ad94db-d257-4e4a-84ca-b9e73442cf78,EUR,1670218153,3.8158333417822696
beed12b3-f39a-43dc-bee6-721a89c0a937,BTC,1670219987,-7.081780845577832
3063533e-d3d2-46ca-91f5-6168c95c9835,ETH,1670220376,-8.466897109318268
0615a717-29b9-4c76-826a-ece60a60f3ae,BTC,1670227406,-4.919241665512173
ec22ff9f-6f33-4055-bc53-7ee7d8b51c05,EUR,1670247422,8.394334297098226
93becbec-6a43-428a-a1ce-6b096c956ca7,BTC,1670249238,9.59690233983423
992286bf-16a1-43d3-a31d-642222d91603,EUR,1670269790,-6.814850203540068
044ebe23-2980-4172-aa8b-f59e48b07343,EUR,1670270609,8.33400814135064
f41feb3a-a469-487a-bc9d-59a0dfd89c29,ETH,1670280384,5.076100058418271
93becbec-6a43-428a-a1ce-6b096c956ca7,BAT,1670281296,-8.25892354075856
cb1a5abb-9cf9-4e37-91ab-83d3959b1277,EUR,1670284227,5.957300974082251
ec22ff9f-6f33-4055-bc53-7ee7d8b51c05,ETH,1670299607,-5.9155629675370225
75845357-d843-4036-841a-d2e6088b72ce,EUR,1670300115,-5.893915945426791
e2b54159-2bf7-4b89-850b-9f1c680b6bbe,EUR,1670314798,9.990945839967043
f2bd38cb-310b-457e-8cb1-c8b5bb589288,USD,1670324132,4.081420951386294
3063533e-d3d2-46ca-91f5-6168c95c9835,ETH,1670358491,-5.094318064558763
e64722ab-ac45-4631-80ac-c45da5ff8c01,ETH,1670362185,7.805901934540795
5b8e58a5-9b9f-4f1b-969f-21dbee72f0bb,EUR,1670362678,5.309931266434544
987eae8b-a10b-4a88-a437-37a982f5acb5,BTC,1670369263,-5.089410928384304
75845357-d843-4036-841a-d2e6088b72ce,BTC,1670384167,3.8005948379652743
9287b4ea-2911-45b2-8da7-cc3ca70cb118,BTC,1670388496,-2.492526162644955
3063533e-d3d2-46ca-91f5-6168c95c9835,EUR,1670393382,-2.038059781840637
e2b54159-2bf7-4b89-850b-9f1c680b6bbe,EUR,1670412538,3.3754741525847294
9287b4ea-2911-45b2-8da7-cc3ca70cb118,BTC,1670415949,7.939800745399179
78fec595-1f14-4e85-b295-e430a6ba7686,USD,1670433467,4.549698969882467
a61e005c-af0a-4820-8cd1-8029218fb066,XPR,1670434877,4.639619513378236
9287b4ea-2911-45b2-8da7-cc3ca70cb118,EUR,1670457266,-0.6602822768684309
dc45ff15-8e0b-4d6a-ba44-195073e4bd0a,USD,1670473083,9.067697864107664
fe2f78e2-7054-4eba-ad62-6c2164a7e3e3,USD,1670495194,1.4350460634291178
cc19a596-79eb-4ae6-92a8-6f7ff846355a,BAT,1670495875,-1.4015599653489907
6e7c8b3b-708e-4d1f-a58d-d904d91152d7,CAD,1670539915,-7.8438264905771815
f30a7fba-468c-4b04-aac4-8cf836652573,BAT,1670541698,5.894186517514994
a61e005c-af0a-4820-8cd1-8029218fb066,BTC,1670569173,-0.2549910643680704
9287b4ea-2911-45b2-8da7-cc3ca70cb118,EUR,1670569771,-9.927638050799487
89e5edba-3eef-4514-856a-287526ae50fa,BTC,1670574633,-0.2007629896281884
a29da963-12ff-433b-9872-cf9533a3f170,BTC,1670578586,4.493873454300452
3063533e-d3d2-46ca-91f5-6168c95c9835,ETH,1670585660,8.758051831819671
f1bc887e-df8c-4d6d-b633-a0432564e31a,BTC,1670599086,3.562148276412273
960aed32-ddad-4784-a770-74fc1ff0da8d,EUR,1670600331,4.216658673379127
9287b4ea-2911-45b2-8da7-cc3ca70cb118,EUR,1670621276,4.103476728826989
e3b2edbd-dff0-40c2-bfa2-20dfa632954e,USD,1670630907,-2.4021172866292995
9287b4ea-2911-45b2-8da7-cc3ca70cb118,EUR,1670636022,4.145525248879396
464298b8-8b92-463e-949b-3ba65c3b58c6,EUR,1670642557,-5.495389300074633
b61477de-b466-4b13-8a72-e80a721689ca,EUR,1670668057,4.273923877435051
3063533e-d3d2-46ca-91f5-6168c95c9835,CAD,1670701462,9.653242865507057
f41feb3a-a469-487a-bc9d-59a0dfd89c29,USD,1670728682,-1.0534789360590011
5fec4264-78eb-43ed-9c3d-33b6e58a8c3f,EUR,1670742970,3.43354861522786
fe3b675f-21d2-4b79-b25f-45150d0e837a,BTC,1670761652,-4.12981695240582
9287b4ea-2911-45b2-8da7-cc3ca70cb118,EUR,1670769014,-5.776830116646547
75845357-d843-4036-841a-d2e6088b72ce,USD,1670779393,-5.58722351803959
4b2f64c2-d6b2-421b-a6af-685573cd7f56,ETH,1670789841,4.65994594861292
d83f6123-2f33-402e-9fb1-25a96c6d19f5,BTC,1670794093,0.6672168458931296
e3b2edbd-dff0-40c2-bfa2-20dfa632954e,USD,1670800019,2.2568259120660077
f2bd38cb-310b-457e-8cb1-c8b5bb589288,BTC,1670801558,-6.351652239752741
75845357-d843-4036-841a-d2e6088b72ce,BTC,1670804369,-7.079817914740922
93becbec-6a43-428a-a1ce-6b096c956ca7,ETH,1670804636,7.383498694008537
d4dcb8fa-5698-4391-a79f-043adda8a220,BTC,1670804831,-3.504967944936011
39b1b575-8789-45b1-bf90-16b30832ecc0,ETH,1670815082,-0.07567331512741582
e2b54159-2bf7-4b89-850b-9f1c680b6bbe,EUR,1670817114,-4.23472214644657
9287b4ea-2911-45b2-8da7-cc3ca70cb118,BTC,1670821340,2.7744802167089393
f89443b9-1dfe-427e-b718-8846f977bf51,EUR,1670826545,7.278943856979485
75845357-d843-4036-841a-d2e6088b72ce,ETH,1670829194,3.5167411470550043
e2b54159-2bf7-4b89-850b-9f1c680b6bbe,EUR,1670835006,-8.145086204433218
ec22ff9f-6f33-4055-bc53-7ee7d8b51c05,EUR,1670835126,3.4123310806288814
beed12b3-f39a-43dc-bee6-721a89c0a937,USD,1670853950,-3.1656239580246925
68b37b28-d244-45ab-94c4-21f57bb55a62,EUR,1670855652,7.351005013553824
75845357-d843-4036-841a-d2e6088b72ce,USD,1670865803,1.9518865200127333
a61e005c-af0a-4820-8cd1-8029218fb066,USD,1670868447,-6.842406146016186
3063533e-d3d2-46ca-91f5-6168c95c9835,ETH,1670882972,-4.907090940220544
f41feb3a-a469-487a-bc9d-59a0dfd89c29,EUR,1670888503,-3.723852213920587
987eae8b-a10b-4a88-a437-37a982f5acb5,ETH,1670901310,-8.093667899217028
ec22ff9f-6f33-4055-bc53-7ee7d8b51c05,CAD,1670905008,0.4007615047196982
d137f350-8287-42e4-99aa-cd56cb77aa8f,ETH,1670912778,2.717518622447548
e2b54159-2bf7-4b89-850b-9f1c680b6bbe,EUR,1670925071,5.281554180244079
93becbec-6a43-428a-a1ce-6b096c956ca7,ETH,1670932538,-9.04807409235139
f41feb3a-a469-487a-bc9d-59a0dfd89c29,EUR,1670938109,5.013249345140412
beed12b3-f39a-43dc-bee6-721a89c0a937,ETH,1670954591,-9.449561672400469
d858e131-0a18-45b3-92a5-77467ce513a5,USD,1670967604,6.6300421666007345
3063533e-d3d2-46ca-91f5-6168c95c9835,BAT,1670989822,-9.230763394304613
3063533e-d3d2-46ca-91f5-6168c95c9835,USD,1670998824,-8.850235382363534
e2b54159-2bf7-4b89-850b-9f1c680b6bbe,USD,1671001979,7.590644818143627
75845357-d843-4036-841a-d2e6088b72ce,ETH,1671007993,3.8253611187384866
e2b54159-2bf7-4b89-850b-9f1c680b6bbe,ETH,1671009562,-8.666047634829653
a61e005c-af0a-4820-8cd1-8029218fb066,ETH,1671019512,2.8472560977280033
39b1b575-8789-45b1-bf90-16b30832ecc0,BAT,1671055414,-6.827970287320458
beed12b3-f39a-43dc-bee6-721a89c0a937,EUR,1671057099,-1.6554588040847413
ec22ff9f-6f33-4055-bc53-7ee7d8b51c05,EUR,1671061899,-3.19813862080069
75845357-d843-4036-841a-d2e6088b72ce,USD,1671063509,3.4073401547411226
e2b54159-2bf7-4b89-850b-9f1c680b6bbe,BTC,1671064479,3.6601466408552525
fe3b675f-21d2-4b79-b25f-45150d0e837a,ETH,1671077758,-6.290106894084797
93becbec-6a43-428a-a1ce-6b096c956ca7,ETH,1671083786,-0.7198866583579928
93becbec-6a43-428a-a1ce-6b096c956ca7,EUR,1671088114,5.690883635855952
3063533e-d3d2-46ca-91f5-6168c95c9835,XPR,1671091877,-9.532362117153244
beed12b3-f39a-43dc-bee6-721a89c0a937,ETH,1671103051,3.3669260716190443
fe3b675f-21d2-4b79-b25f-45150d0e837a,BTC,1671113295,-9.141750993348712
a61e005c-af0a-4820-8cd1-8029218fb066,EUR,1671123484,9.211027306336131
ec22ff9f-6f33-4055-bc53-7ee7d8b51c05,ETH,1671127610,-3.588852515173137
fe3b675f-21d2-4b79-b25f-45150d0e837a,ETH,1671134027,-4.338525438416885
f41feb3a-a469-487a-bc9d-59a0dfd89c29,BTC,1671134861,2.1526585986720157
3063533e-d3d2-46ca-91f5-6168c95c9835,BTC,1671150068,-4.299758699801355
75845357-d843-4036-841a-d2e6088b72ce,BTC,1671159338,-1.1613437682822685
f1010a49-5aa3-477c-bb16-4d5aebb637c0,ETH,1671196800,0.2309210909009778
3063533e-d3d2-46ca-91f5-6168c95c9835,BTC,1671201714,-4.816710974695059
93becbec-6a43-428a-a1ce-6b096c956ca7,EUR,1671208653,-5.456007996002407
beed12b3-f39a-43dc-bee6-721a89c0a937,USD,1671215862,9.9138635022018
034f584c-d4fd-4260-8611-c3423745f933,BTC,1671226234,-2.74135739188504
92934d8d-a4cc-456f-97ca-c77f528c6bda,USD,1671232767,-9.208046914851934
ec22ff9f-6f33-4055-bc53-7ee7d8b51c05,EUR,1671256315,-8.718204041768514
93becbec-6a43-428a-a1ce-6b096c956ca7,ETH,1671281682,7.749680664550457
9287b4ea-2911-45b2-8da7-cc3ca70cb118,BTC,1671285661,3.8723044337908092
0615a717-29b9-4c76-826a-ece60a60f3ae,USD,1671296235,-5.877490293363357
9287b4ea-2911-45b2-8da7-cc3ca70cb118,BTC,1671297619,-5.511373306946263
a61e005c-af0a-4820-8cd1-8029218fb066,ETH,1671300288,2.967447134757135
fe3b675f-21d2-4b79-b25f-45150d0e837a,USD,1671318572,9.231896277051959
e2b54159-2bf7-4b89-850b-9f1c680b6bbe,EUR,1671319341,-0.6160219376151392
3063533e-d3d2-46ca-91f5-6168c95c9835,BTC,1671321619,-5.291661380417607
414e4248-1b1e-4a8e-af48-e65d6c6eef6b,ETH,1671322184,4.352629405420812
a61e005c-af0a-4820-8cd1-8029218fb066,ETH,1671333340,-7.851213552624962
75845357-d843-4036-841a-d2e6088b72ce,BTC,1671353979,-0.3019109082684821
ec22ff9f-6f33-4055-bc53-7ee7d8b51c05,USD,1671355281,-3.157465123688681
a61e005c-af0a-4820-8cd1-8029218fb066,EUR,1671358026,0.5970469504568214
c85a849b-72dd-43a9-9b24-4815240184b4,BTC,1671367108,4.611093861153453
fe3b675f-21d2-4b79-b25f-45150d0e837a,XPR,1671377994,-1.1951401007536937
93becbec-6a43-428a-a1ce-6b096c956ca7,BAT,1671386012,-1.4228631019647402
044ebe23-2980-4172-aa8b-f59e48b07343,EUR,1671388370,5.907999332642982
fe3b675f-21d2-4b79-b25f-45150d0e837a,ETH,1671402248,5.610275277347103
beed12b3-f39a-43dc-bee6-721a89c0a937,EUR,1671406627,8.968505773526779
beed12b3-f39a-43dc-bee6-721a89c0a937,EUR,1671422089,-7.164436292899012
a61e005c-af0a-4820-8cd1-8029218fb066,EUR,1671428555,-8.183184767358814
93becbec-6a43-428a-a1ce-6b096c956ca7,ETH,1671431975,8.446000284342475
f1010a49-5aa3-477c-bb16-4d5aebb637c0,ETH,1671446981,1.2078741216830675
f41feb3a-a469-487a-bc9d-59a0dfd89c29,USD,1671448745,4.186615309800514
fe3b675f-21d2-4b79-b25f-45150d0e837a,USD,1671458123,-0.22045395476904694
3063533e-d3d2-46ca-91f5-6168c95c9835,BAT,1671458916,8.511486745540488
d216d37c-df5d-4c8d-a79d-8cb1f7dbc0f7,BTC,1671493317,-3.1161602762699143
d216d37c-df5d-4c8d-a79d-8cb1f7dbc0f7,ETH,1671521811,-4.246106654718456
fe3b675f-21d2-4b79-b25f-45150d0e837a,USD,1671560880,9.73950687105448
0615a717-29b9-4c76-826a-ece60a60f3ae,ETH,1671561314,2.713911371610598
f41feb3a-a469-487a-bc9d-59a0dfd89c29,USD,1671564691,-4.890742484386539
259c4a32-9c8f-474a-9f8b-3a9ded89e9b3,EUR,1671570616,8.506241702656911
9287b4ea-2911-45b2-8da7-cc3ca70cb118,XPR,1671580084,-5.030182364632774
d216d37c-df5d-4c8d-a79d-8cb1f7dbc0f7,USD,1671589407,5.619887555133687
259c4a32-9c8f-474a-9f8b-3a9ded89e9b3,ETH,1671612823,-4.1096311256909
3063533e-d3d2-46ca-91f5-6168c95c9835,XPR,1671615071,8.88011423846767
9287b4ea-2911-45b2-8da7-cc3ca70cb118,BTC,1671631812,4.063589731129992
beed12b3-f39a-43dc-bee6-721a89c0a937,BTC,1671636150,1.96596318102754
d216d37c-df5d-4c8d-a79d-8cb1f7dbc0f7,BTC,1671653129,-8.0829576517945
9b889da5-cd5e-4fea-9680-e4aef39193ad,EUR,1671668442,1.9589265494748247
7c615c0c-a984-410a-bbe4-7f9b06d717f8,USD,1671679184,-8.153407750466204
e2b54159-2bf7-4b89-850b-9f1c680b6bbe,BTC,1671683452,-9.03377755138484
93becbec-6a43-428a-a1ce-6b096c956ca7,BTC,1671686246,3.9692976970499423
5b8e58a5-9b9f-4f1b-969f-21dbee72f0bb,ETH,1671711100,-5.152910932381869
e2b54159-2bf7-4b89-850b-9f1c680b6bbe,BAT,1671713369,-4.082328202168819
93becbec-6a43-428a-a1ce-6b096c956ca7,EUR,1671713946,0.4005087475626148
f2bd38cb-310b-457e-8cb1-c8b5bb589288,BTC,1671718526,-5.8624394833643905
3caf1a3a-46cf-4c91-b352-9ea9f0c571ec,EUR,1671773702,-0.5148812789974606
68b37b28-d244-45ab-94c4-21f57bb55a62,USD,1671783660,9.696474288995681
3063533e-d3d2-46ca-91f5-6168c95c9835,USD,1671789413,-1.0578807192802095
fe3b675f-21d2-4b79-b25f-45150d0e837a,ETH,1671790805,-4.30261210004897
5dd16e20-7875-458f-bee4-29f27dd61bbd,BAT,1671793599,-8.101670957473226
c85a849b-72dd-43a9-9b24-4815240184b4,BTC,1671803639,-2.5938321540029996
a61e005c-af0a-4820-8cd1-8029218fb066,XPR,1671813808,-3.37691725562431
9287b4ea-2911-45b2-8da7-cc3ca70cb118,USD,1671831585,-4.775077250624323
5b1caf3b-c40b-419f-b819-86b258ae3a18,EUR,1671872307,2.501357448875625
ec22ff9f-6f33-4055-bc53-7ee7d8b51c05,EUR,1671873629,-2.8040495239384704
7e26da7f-3fe1-4790-a9bf-147bf2a852ec,USD,1671893427,3.8175688426626095
e2b54159-2bf7-4b89-850b-9f1c680b6bbe,USD,1671902740,2.3316257923968458
3caf1a3a-46cf-4c91-b352-9ea9f0c571ec,USD,1671904365,-8.711151106915892
9287b4ea-2911-45b2-8da7-cc3ca70cb118,USD,1671913742,-5.247524315285044
78fec595-1f14-4e85-b295-e430a6ba7686,BAT,1671923224,8.518869509880503
beed12b3-f39a-43dc-bee6-721a89c0a937,EUR,1671934611,-8.087454461582125
ab77e7b3-19cf-4680-a47f-28b90448335c,ETH,1671937339,7.742682902065596
93becbec-6a43-428a-a1ce-6b096c956ca7,USD,1671937538,1.5652054617318019
a61e005c-af0a-4820-8cd1-8029218fb066,XPR,1671939905,9.974689095646397
beed12b3-f39a-43dc-bee6-721a89c0a937,BAT,1671947381,-7.188386329126155
75845357-d843-4036-841a-d2e6088b72ce,ETH,1671948805,3.501208270950187
38a23cc5-363b-43c7-ba39-5daa13ed4e2b,EUR,1671954359,2.8468042965764173
39b1b575-8789-45b1-bf90-16b30832ecc0,CAD,1671958777,-2.1702428582951283
89e5edba-3eef-4514-856a-287526ae50fa,ETH,1671960773,-9.91313738144692
9287b4ea-2911-45b2-8da7-cc3ca70cb118,USD,1671973796,8.47834479679392
1e6d232e-11f4-4cd6-9eb4-020af5d6a1fb,EUR,1671986383,0.5877276827337159
a61e005c-af0a-4820-8cd1-8029218fb066,XPR,1672000549,4.179608758468078
75845357-d843-4036-841a-d2e6088b72ce,BTC,1672003171,-2.2989852852590804
f41feb3a-a469-487a-bc9d-59a0dfd89c29,BTC,1672008667,9.433140650098473
93becbec-6a43-428a-a1ce-6b096c956ca7,BTC,1672026920,0.6974908288932813
beed12b3-f39a-43dc-bee6-721a89c0a937,USD,1672040827,3.775545096255911
f41feb3a-a469-487a-bc9d-59a0dfd89c29,BTC,1672056124,-9.54386798915072
a61e005c-af0a-4820-8cd1-8029218fb066,BAT,1672082801,-6.000496796117341
3063533e-d3d2-46ca-91f5-6168c95c9835,BTC,1672087945,0.11052908904336967
9287b4ea-2911-45b2-8da7-cc3ca70cb118,BTC,1672088656,-7.139606803987634
68b37b28-d244-45ab-94c4-21f57bb55a62,EUR,1672099135,2.984390311946827
b61477de-b466-4b13-8a72-e80a721689ca,XPR,1672104667,-8.91128555856537
93becbec-6a43-428a-a1ce-6b096c956ca7,BTC,1672117882,1.431956330595682
93becbec-6a43-428a-a1ce-6b096c956ca7,USD,1672149366,0.16635451658673794
0615a717-29b9-4c76-826a-ece60a60f3ae,BTC,1672175720,5.1694690527032705
75845357-d843-4036-841a-d2e6088b72ce,BTC,1672177822,2.843291024321452
fe3b675f-21d2-4b79-b25f-45150d0e837a,BTC,1672190953,-2.7293103295139565
38a23cc5-363b-43c7-ba39-5daa13ed4e2b,BAT,1672214754,1.5014574379642767
5b1caf3b-c40b-419f-b819-86b258ae3a18,ETH,1672227126,-3.6342834155804944
c0ad94db-d257-4e4a-84ca-b9e73442cf78,EUR,1672240099,-4.347904300864018
f41feb3a-a469-487a-bc9d-59a0dfd89c29,ETH,1672265067,9.182792789347364
38a23cc5-363b-43c7-ba39-5daa13ed4e2b,BTC,1672266396,-1.299905390612965
e2b54159-2bf7-4b89-850b-9f1c680b6bbe,BTC,1672274188,-7.000525542015794
93becbec-6a43-428a-a1ce-6b096c956ca7,EUR,1672277833,-9.052065224388956
fe2f78e2-7054-4eba-ad62-6c2164a7e3e3,EUR,1672288954,-5.695130878874006
ec22ff9f-6f33-4055-bc53-7ee7d8b51c05,BTC,1672292641,-1.983676922217679
fe3b675f-21d2-4b79-b25f-45150d0e837a,BTC,1672315469,1.3430823362772024
75845357-d843-4036-841a-d2e6088b72ce,EUR,1672325518,-5.158572230201839
fe3b675f-21d2-4b79-b25f-45150d0e837a,EUR,1672348463,4.996512593130657
d137f350-8287-42e4-99aa-cd56cb77aa8f,ETH,1672371050,-2.148743357540665
e2b54159-2bf7-4b89-850b-9f1c680b6bbe,BTC,1672379133,-7.966680846177052
fe3b675f-21d2-4b79-b25f-45150d0e837a,XPR,1672380862,4.216912949528233
93becbec-6a43-428a-a1ce-6b096c956ca7,ETH,1672382633,2.963260319701501
4760ba51-fb20-47c1-8751-abd21264713a,USD,1672383831,6.154994652894835
9287b4ea-2911-45b2-8da7-cc3ca70cb118,USD,1672400040,-2.7188841084125093
f41feb3a-a469-487a-bc9d-59a0dfd89c29,USD,1672412015,9.798235373422091
992286bf-16a1-43d3-a31d-642222d91603,ETH,1672422046,-7.6303618274736795
3063533e-d3d2-46ca-91f5-6168c95c9835,USD,1672422097,5.379153034280538
d858e131-0a18-45b3-92a5-77467ce513a5,BTC,1672446772,9.647624962020302
beed12b3-f39a-43dc-bee6-721a89c0a937,EUR,1672458750,0.3330729929844516
f89443b9-1dfe-427e-b718-8846f977bf51,ETH,1672465391,-0.7603421225453939
93becbec-6a43-428a-a1ce-6b096c956ca7,USD,1672513960,7.536434879614063
3063533e-d3d2-46ca-91f5-6168c95c9835,EUR,1672532790,-0.6112063209910819
5b1caf3b-c40b-419f-b819-86b258ae3a18,ETH,1672539688,-0.40903927298385767
75845357-d843-4036-841a-d2e6088b72ce,USD,1672567635,6.042415431691957
f41feb3a-a469-487a-bc9d-59a0dfd89c29,USD,1672568829,-6.933537203633355
93becbec-6a43-428a-a1ce-6b096c956ca7,USD,1672570307,-4.02712939048643
93becbec-6a43-428a-a1ce-6b096c956ca7,BTC,1672574599,-0.5294898413626257
8f08a9c5-0884-4bd2-8d00-d772d32654a1,CAD,1672583943,9.91715436459372
75845357-d843-4036-841a-d2e6088b72ce,ETH,1672600010,-1.2216846952410236
3063533e-d3d2-46ca-91f5-6168c95c9835,USD,1672610154,-7.6496507229301365
e2b54159-2bf7-4b89-850b-9f1c680b6bbe,EUR,1672612268,-1.6805939485566022
f8259c81-0d30-436b-bb3e-156cc731e641,BTC,1672612554,6.0076332091497235
9287b4ea-2911-45b2-8da7-cc3ca70cb118,BTC,1672614177,-4.1706434555964496
d83f6123-2f33-402e-9fb1-25a96c6d19f5,EUR,1672632048,-3.0837988551075046
a61e005c-af0a-4820-8cd1-8029218fb066,USD,1672633841,-7.620052428823514
93becbec-6a43-428a-a1ce-6b096c956ca7,USD,1672635968,6.20122576471659
3063533e-d3d2-46ca-91f5-6168c95c9835,BAT,1672642798,8.439831054827614
beed12b3-f39a-43dc-bee6-721a89c0a937,USD,1672651064,-2.9043377757669786
93becbec-6a43-428a-a1ce-6b096c956ca7,USD,1672651653,-6.7514408778175135
fe3b675f-21d2-4b79-b25f-45150d0e837a,BTC,1672680868,5.087632958183271
68b37b28-d244-45ab-94c4-21f57bb55a62,USD,1672683346,-1.0969662901578818
75845357-d843-4036-841a-d2e6088b72ce,ETH,1672684952,5.253630420619459
a61e005c-af0a-4820-8cd1-8029218fb066,BTC,1672702687,3.030626299234873
f1bc887e-df8c-4d6d-b633-a0432564e31a,USD,1672713713,2.327134922165083
9b2e8458-726f-42d9-97cb-5e66de168da5,ETH,1672718715,1.6803019159046588
a61e005c-af0a-4820-8cd1-8029218fb066,USD,1672736134,-0.40880523440186955
3063533e-d3d2-46ca-91f5-6168c95c9835,USD,1672743710,-8.862732700287184
5dd16e20-7875-458f-bee4-29f27dd61bbd,USD,1672746966,-5.802548995140415
39b1b575-8789-45b1-bf90-16b30832ecc0,BTC,1672748392,1.129247749813544
ec22ff9f-6f33-4055-bc53-7ee7d8b51c05,EUR,1672757255,-9.474035931725929
f41feb3a-a469-487a-bc9d-59a0dfd89c29,ETH,1672767959,0.16322158855466107
beed12b3-f39a-43dc-bee6-721a89c0a937,USD,1672792626,3.2836647060447817
9287b4ea-2911-45b2-8da7-cc3ca70cb118,BTC,1672793683,-0.6047064035761487
c0ad94db-d257-4e4a-84ca-b9e73442cf78,BTC,1672801526,5.290665132573039
93becbec-6a43-428a-a1ce-6b096c956ca7,BTC,1672809831,-1.5259711850629838
a61e005c-af0a-4820-8cd1-8029218fb066,EUR,1672875028,-2.1257311816372138
e2b54159-2bf7-4b89-850b-9f1c680b6bbe,USD,1672877353,-5.877487982409502
beed12b3-f39a-43dc-bee6-721a89c0a937,BTC,1672887802,-6.038383404093894
e2b54159-2bf7-4b89-850b-9f1c680b6bbe,BTC,1672888470,-6.387035513508714
dc45ff15-8e0b-4d6a-ba44-195073e4bd0a,EUR,1672906450,-0.6744846748831375
e2b54159-2bf7-4b89-850b-9f1c680b6bbe,CAD,1672919511,-3.27461919593029
d137f350-8287-42e4-99aa-cd56cb77aa8f,USD,1672966364,2.022276202405667
ec22ff9f-6f33-4055-bc53-7ee7d8b51c05,EUR,1672970477,-6.2188214021842185
fe3b675f-21d2-4b79-b25f-45150d0e837a,BTC,1673000326,4.881172584531111
75845357-d843-4036-841a-d2e6088b72ce,ETH,1673015780,9.252291047895064
4a6f2b89-07cb-4557-b821-5a8ea03d2f71,USD,1673034968,-2.3182883001727994
a61e005c-af0a-4820-8cd1-8029218fb066,ETH,1673041420,-9.670952817319305
9287b4ea-2911-45b2-8da7-cc3ca70cb118,BTC,1673045459,4.041156673754946
f41feb3a-a469-487a-bc9d-59a0dfd89c29,USD,1673051790,-8.927297273361805
beed12b3-f39a-43dc-bee6-721a89c0a937,ETH,1673056906,-7.060663830396243
464298b8-8b92-463e-949b-3ba65c3b58c6,BAT,1673061793,-8.732321627726748
9287b4ea-2911-45b2-8da7-cc3ca70cb118,EUR,1673066134,7.329036208619165
75845357-d843-4036-841a-d2e6088b72ce,EUR,1673071743,9.412049954294726
8f08a9c5-0884-4bd2-8d00-d772d32654a1,EUR,1673081659,0.9955893480062663
a61e005c-af0a-4820-8cd1-8029218fb066,EUR,1673084224,-7.238998016055078
75845357-d843-4036-841a-d2e6088b72ce,ETH,1673095966,-7.134958847447496
e2b54159-2bf7-4b89-850b-9f1c680b6bbe,ETH,1673097788,-4.072949070490141
3063533e-d3d2-46ca-91f5-6168c95c9835,EUR,1673113759,8.840356459827461
9287b4ea-2911-45b2-8da7-cc3ca70cb118,EUR,1673132313,4.192541002168564
beed12b3-f39a-43dc-bee6-721a89c0a937,BTC,1673138278,3.4226057264251235
beed12b3-f39a-43dc-bee6-721a89c0a937,ETH,1673142817,-8.050287037100087
d83f6123-2f33-402e-9fb1-25a96c6d19f5,EUR,1673175469,-3.422201531766376
259c4a32-9c8f-474a-9f8b-3a9ded89e9b3,EUR,1673179920,-0.599245162297839
fe3b675f-21d2-4b79-b25f-45150d0e837a,BAT,1673184799,-4.337018231245855
f41feb3a-a469-487a-bc9d-59a0dfd89c29,EUR,1673204089,-1.7588742865364786
e3b2edbd-dff0-40c2-bfa2-20dfa632954e,USD,1673239517,2.5139630206439207
75845357-d843-4036-841a-d2e6088b72ce,EUR,1673256824,1.194012386786163
beed12b3-f39a-43dc-bee6-721a89c0a937,ETH,1673262295,1.3237005547307152
e2b54159-2bf7-4b89-850b-9f1c680b6bbe,BAT,1673266600,3.563863099649513
f41feb3a-a469-487a-bc9d-59a0dfd89c29,ETH,1673307030,4.2059376771996515
9287b4ea-2911-45b2-8da7-cc3ca70cb118,USD,1673323054,0.4908373903849821
b8599949-2ffc-44c4-bc46-2e596e131c17,BAT,1673329611,4.520593765022234
a61e005c-af0a-4820-8cd1-8029218fb066,USD,1673350950,5.22238253925952
d858e131-0a18-45b3-92a5-77467ce513a5,BTC,1673376518,-0.8758389976609919
93becbec-6a43-428a-a1ce-6b096c956ca7,EUR,1673376962,6.477582318193356
55578bf3-84af-4f11-bf24-6be394197c26,EUR,1673393490,1.3428691423823036
f41feb3a-a469-487a-bc9d-59a0dfd89c29,ETH,1673405286,-8.889430211097016
75845357-d843-4036-841a-d2e6088b72ce,EUR,1673420325,-9.911568237714494
78fec595-1f14-4e85-b295-e430a6ba7686,ETH,1673433475,3.712519118854596
e64722ab-ac45-4631-80ac-c45da5ff8c01,ETH,1673440274,-8.558876610452188
d858e131-0a18-45b3-92a5-77467ce513a5,USD,1673461344,-6.005030785745358
75845357-d843-4036-841a-d2e6088b72ce,EUR,1673466494,-1.928589059597968
9b2e8458-726f-42d9-97cb-5e66de168da5,USD,1673469434,0.573210284897316
93becbec-6a43-428a-a1ce-6b096c956ca7,USD,1673469970,0.701980513194771
c0ad94db-d257-4e4a-84ca-b9e73442cf78,ETH,1673474873,-9.363316794836686
a61e005c-af0a-4820-8cd1-8029218fb066,ETH,1673496643,-3.9422284447192757
beed12b3-f39a-43dc-bee6-721a89c0a937,BTC,1673496692,1.330438939807717
93becbec-6a43-428a-a1ce-6b096c956ca7,ETH,1673519241,-6.274978061764549
9287b4ea-2911-45b2-8da7-cc3ca70cb118,EUR,1673539302,2.9068374055715918
3063533e-d3d2-46ca-91f5-6168c95c9835,BTC,1673560396,5.491882237592714
f41feb3a-a469-487a-bc9d-59a0dfd89c29,BTC,1673573007,4.0320725769070425
79b2b699-e758-48a8-bc3b-379fa77bb478,USD,1673579847,4.046925908380256
c98bc1a8-6926-4a59-83c9-09de99a905b4,ETH,1673581231,1.4899785691441796
3063533e-d3d2-46ca-91f5-6168c95c9835,ETH,1673583371,4.769001702073334
beed12b3-f39a-43dc-bee6-721a89c0a937,EUR,1673590077,8.616421754639486
6e7c8b3b-708e-4d1f-a58d-d904d91152d7,ETH,1673594715,-8.251279382156845
4a6f2b89-07cb-4557-b821-5a8ea03d2f71,USD,1673606856,5.964317413413337
93becbec-6a43-428a-a1ce-6b096c956ca7,BTC,1673612175,3.755245210447155
fe3b675f-21d2-4b79-b25f-45150d0e837a,BTC,1673614523,4.930594573597325
fe3b675f-21d2-4b79-b25f-45150d0e837a,EUR,1673617267,2.2221140235060783
01f5b699-535e-415c-af84-446e5c00385e,ETH,1673656438,7.57884062345903
d1bfeb51-cf4e-43b4-af30-434bf70a7e5f,BTC,1673671908,7.844481308367502
93becbec-6a43-428a-a1ce-6b096c956ca7,EUR,1673679857,-0.38772267300416274
9287b4ea-2911-45b2-8da7-cc3ca70cb118,EUR,1673709889,-7.0348363229630095
3063533e-d3d2-46ca-91f5-6168c95c9835,ETH,1673711429,-5.77087356569254
3063533e-d3d2-46ca-91f5-6168c95c9835,EUR,1673718365,4.1610610311875185
75845357-d843-4036-841a-d2e6088b72ce,USD,1673719994,-2.0519056075214674
e3b2edbd-dff0-40c2-bfa2-20dfa632954e,EUR,1673730628,-2.2978022685590265
75845357-d843-4036-841a-d2e6088b72ce,USD,1673774593,5.984945935319818
fe3b675f-21d2-4b79-b25f-45150d0e837a,EUR,1673785251,6.255199687988156
d4dcb8fa-5698-4391-a79f-043adda8a220,EUR,1673803187,0.203842841595117
93becbec-6a43-428a-a1ce-6b096c956ca7,BTC,1673813606,5.010251806612656
c85a849b-72dd-43a9-9b24-4815240184b4,ETH,1673883362,7.765041405941734
a61e005c-af0a-4820-8cd1-8029218fb066,ETH,1673883686,-3.3928415837958648
a61e005c-af0a-4820-8cd1-8029218fb066,USD,1673896312,-1.4810405093243446
93becbec-6a43-428a-a1ce-6b096c956ca7,CAD,1673900282,1.995577251452815
464298b8-8b92-463e-949b-3ba65c3b58c6,ETH,1673910746,1.884416832736182
75845357-d843-4036-841a-d2e6088b72ce,EUR,1673916650,6.2081844746766635
e2b54159-2bf7-4b89-850b-9f1c680b6bbe,XPR,1673918858,3.9911720388399914
0615a717-29b9-4c76-826a-ece60a60f3ae,ETH,1673924353,-8.862404095982273
cc19a596-79eb-4ae6-92a8-6f7ff846355a,EUR,1673932871,-4.613828947705148
d858e131-0a18-45b3-92a5-77467ce513a5,EUR,1673937562,-4.561005319221508
beed12b3-f39a-43dc-bee6-721a89c0a937,BTC,1673950540,-7.556456010560009
51caadde-8903-4316-8c98-507aedfe306a,EUR,1673954248,4.350435890030093
7c615c0c-a984-410a-bbe4-7f9b06d717f8,USD,1673964336,-8.410603996892206
987eae8b-a10b-4a88-a437-37a982f5acb5,BTC,1673965998,-2.1748978784952877
ec22ff9f-6f33-4055-bc53-7ee7d8b51c05,EUR,1673979127,-2.572209462950781
9287b4ea-2911-45b2-8da7-cc3ca70cb118,BTC,1673981234,-8.85483080560753
f1bc887e-df8c-4d6d-b633-a0432564e31a,ETH,1673984204,-7.587584904712625
e2b54159-2bf7-4b89-850b-9f1c680b6bbe,USD,1673986416,5.82293947120081
9287b4ea-2911-45b2-8da7-cc3ca70cb118,BTC,1673987028,-3.691742307039405
3063533e-d3d2-46ca-91f5-6168c95c9835,XPR,1673992118,-2.7334379794811836
3063533e-d3d2-46ca-91f5-6168c95c9835,ETH,1673992903,-2.375146555426067
ec22ff9f-6f33-4055-bc53-7ee7d8b51c05,USD,1674012169,4.946974530598503
93becbec-6a43-428a-a1ce-6b096c956ca7,BTC,1674019962,-5.618887726340047
7d6a9d9e-25b5-4ce1-b8bd-087f702725cc,EUR,1674032284,-2.8064814076638385
ec22ff9f-6f33-4055-bc53-7ee7d8b51c05,EUR,1674039289,7.481356874365343
fe3b675f-21d2-4b79-b25f-45150d0e837a,BTC,1674039425,-3.5979159922938875
d137f350-8287-42e4-99aa-cd56cb77aa8f,BAT,1674043338,1.8863329280327417
a02bd628-3dc5-46ba-98eb-42abbce82ad3,ETH,1674061716,-9.722104623292658
9287b4ea-2911-45b2-8da7-cc3ca70cb118,USD,1674071485,9.107253209113619
9287b4ea-2911-45b2-8da7-cc3ca70cb118,EUR,1674081037,7.753587576550412
fe3b675f-21d2-4b79-b25f-45150d0e837a,XPR,1674098175,9.736291787368504
9287b4ea-2911-45b2-8da7-cc3ca70cb118,BTC,1674099905,-7.616857927409044
93becbec-6a43-428a-a1ce-6b096c956ca7,BTC,1674109217,3.346269707908478
ec22ff9f-6f33-4055-bc53-7ee7d8b51c05,XPR,1674115655,-6.025297539839416
a61e005c-af0a-4820-8cd1-8029218fb066,BTC,1674120910,-5.444729599390401
7d6a9d9e-25b5-4ce1-b8bd-087f702725cc,BTC,1674128876,2.402104210895967
27ad712a-9148-4b34-83ec-8bae3ea4cdbf,BTC,1674140723,4.747216385826004
fa3e5601-04c5-4918-9c31-0d02d5ed3431,ETH,1674142697,0.6566743956499739
a61e005c-af0a-4820-8cd1-8029218fb066,ETH,1674146004,3.577914479178961
3063533e-d3d2-46ca-91f5-6168c95c9835,EUR,1674152539,2.483524776538717
f41feb3a-a469-487a-bc9d-59a0dfd89c29,BTC,1674152933,-8.842582699442787
e2b54159-2bf7-4b89-850b-9f1c680b6bbe,ETH,1674155833,0.2708907493463979
93becbec-6a43-428a-a1ce-6b096c956ca7,EUR,1674174176,-7.3850550829509825
93becbec-6a43-428a-a1ce-6b096c956ca7,ETH,1674184758,8.495207160083812
cb1a5abb-9cf9-4e37-91ab-83d3959b1277,BTC,1674194078,-0.15032545990434798
259c4a32-9c8f-474a-9f8b-3a9ded89e9b3,USD,1674214044,-0.8738746992568238
fe3b675f-21d2-4b79-b25f-45150d0e837a,USD,1674218401,-7.772679193462356
3caf1a3a-46cf-4c91-b352-9ea9f0c571ec,XPR,1674234452,-9.671286162640643
9287b4ea-2911-45b2-8da7-cc3ca70cb118,USD,1674243209,-1.2802540066171098
93becbec-6a43-428a-a1ce-6b096c956ca7,BTC,1674249349,0.7590756206775939
e2b54159-2bf7-4b89-850b-9f1c680b6bbe,ETH,1674255919,-2.0259278004155394
a61e005c-af0a-4820-8cd1-8029218fb066,ETH,1674263158,7.0909209166978755
fe3b675f-21d2-4b79-b25f-45150d0e837a,BTC,1674285518,-5.340643638747451
ec22ff9f-6f33-4055-bc53-7ee7d8b51c05,ETH,1674286832,-9.850044888359877
9287b4ea-2911-45b2-8da7-cc3ca70cb118,USD,1674287656,8.815584125069826
93becbec-6a43-428a-a1ce-6b096c956ca7,BTC,1674297594,-0.6113596362554556
f41feb3a-a469-487a-bc9d-59a0dfd89c29,EUR,1674298902,-0.33010408240749456
3063533e-d3d2-46ca-91f5-6168c95c9835,ETH,1674316968,8.051657533986972
3633f00d-bf93-44be-9ad2-4c7a0e1e5679,EUR,1674337287,1.9599930141258621
beed12b3-f39a-43dc-bee6-721a89c0a937,BAT,1674339649,-8.070114034415194
9287b4ea-2911-45b2-8da7-cc3ca70cb118,ETH,1674344207,2.324029519293756
e2b54159-2bf7-4b89-850b-9f1c680b6bbe,ETH,1674346200,-4.869168345707868
ec22ff9f-6f33-4055-bc53-7ee7d8b51c05,ETH,1674348432,-9.942544910450753
beed12b3-f39a-43dc-bee6-721a89c0a937,USD,1674354107,3.9906458193899557
f41feb3a-a469-487a-bc9d-59a0dfd89c29,ETH,1674378091,-1.0785843553395544
beed12b3-f39a-43dc-bee6-721a89c0a937,ETH,1674383133,3.817795163838973
3063533e-d3d2-46ca-91f5-6168c95c9835,BAT,1674406379,1.208653026504205
beed12b3-f39a-43dc-bee6-721a89c0a937,BTC,1674406545,2.184800608854868
f41feb3a-a469-487a-bc9d-59a0dfd89c29,USD,1674413727,-0.30638327764997975
259c4a32-9c8f-474a-9f8b-3a9ded89e9b3,USD,1674419064,2.3513722551235325
e2b54159-2bf7-4b89-850b-9f1c680b6bbe,ETH,1674444028,0.8014527376462173
ec22ff9f-6f33-4055-bc53-7ee7d8b51c05,USD,1674449045,1.3495413631886262
beed12b3-f39a-43dc-bee6-721a89c0a937,ETH,1674449908,-4.258039556965063
9287b4ea-2911-45b2-8da7-cc3ca70cb118,ETH,1674452437,-9.700315846607278
5b8e58a5-9b9f-4f1b-969f-21dbee72f0bb,USD,1674458941,-7.5798507007376426
414e4248-1b1e-4a8e-af48-e65d6c6eef6b,USD,1674460300,-0.6093496841417618
75845357-d843-4036-841a-d2e6088b72ce,EUR,1674461302,-4.895683754556581
fe3b675f-21d2-4b79-b25f-45150d0e837a,EUR,1674466405,-9.409079867438166
3063533e-d3d2-46ca-91f5-6168c95c9835,BTC,1674469238,0.20227409215905112
fe3b675f-21d2-4b79-b25f-45150d0e837a,BTC,1674476487,6.706047020773958
5d47c0f3-920d-49f5-b9b3-5afeca5ece24,USD,1674480038,-2.387646220159496
3063533e-d3d2-46ca-91f5-6168c95c9835,ETH,1674489760,8.43763186718509
ec22ff9f-6f33-4055-bc53-7ee7d8b51c05,USD,1674493976,7.291964267630487
a61e005c-af0a-4820-8cd1-8029218fb066,BTC,1674494102,3.151787064158267
a61e005c-af0a-4820-8cd1-8029218fb066,BAT,1674517110,8.272286404545866
a61e005c-af0a-4820-8cd1-8029218fb066,USD,1674518021,-6.374884423561616
3063533e-d3d2-46ca-91f5-6168c95c9835,USD,1674525130,4.133294889712818
e2b54159-2bf7-4b89-850b-9f1c680b6bbe,BTC,1674535077,-1.2276043856989904
ec22ff9f-6f33-4055-bc53-7ee7d8b51c05,USD,1674557546,4.027391566809239
e84d7bec-86b6-4f13-892c-1970e2d466bc,ETH,1674565487,7.425888861470817
d1bfeb51-cf4e-43b4-af30-434bf70a7e5f,ETH,1674573569,4.306548752649395
a61e005c-af0a-4820-8cd1-8029218fb066,BTC,1674614990,-2.6211592112216398
75845357-d843-4036-841a-d2e6088b72ce,EUR,1674625154,-2.9254906238340066
75845357-d843-4036-841a-d2e6088b72ce,BTC,1674646741,1.227861720017028
ec22ff9f-6f33-4055-bc53-7ee7d8b51c05,EUR,1674647682,-9.231519086601958
75845357-d843-4036-841a-d2e6088b72ce,USD,1674648854,8.246078625406387
4760ba51-fb20-47c1-8751-abd21264713a,CAD,1674650095,-2.7323679824618807
3063533e-d3d2-46ca-91f5-6168c95c9835,ETH,1674653467,8.154735441352162
39b1b575-8789-45b1-bf90-16b30832ecc0,BTC,1674673649,6.983385189512564
93becbec-6a43-428a-a1ce-6b096c956ca7,USD,1674689773,-2.3920653031928225
fe3b675f-21d2-4b79-b25f-45150d0e837a,ETH,1674713948,-1.6847728622542046
89e5edba-3eef-4514-856a-287526ae50fa,BTC,1674735608,-1.470783189891879
a61e005c-af0a-4820-8cd1-8029218fb066,ETH,1674756137,6.334808081362592
9287b4ea-2911-45b2-8da7-cc3ca70cb118,USD,1674773989,6.769864014306616
fe3b675f-21d2-4b79-b25f-45150d0e837a,USD,1674790040,5.986268264658188
5b1caf3b-c40b-419f-b819-86b258ae3a18,USD,1674797872,5.497842513221084
beed12b3-f39a-43dc-bee6-721a89c0a937,BAT,1674800672,4.555980994781468
beed12b3-f39a-43dc-bee6-721a89c0a937,USD,1674820758,-0.44830620002804267
a75ecbba-3eb1-43a0-8c9a-863569911bc3,ETH,1674821148,3.4241613646187083
93becbec-6a43-428a-a1ce-6b096c956ca7,BTC,1674821531,-8.18261312924263
c98bc1a8-6926-4a59-83c9-09de99a905b4,BAT,1674835528,8.757814090674604
bdbeede3-8470-4baf-9f28-8f9e01b935d6,BTC,1674840390,6.232379491187981
5e106318-4553-4462-b510-5438b6a329e5,EUR,1674846254,-4.286511450701182
a61e005c-af0a-4820-8cd1-8029218fb066,EUR,1674859758,-8.806549879752554
75845357-d843-4036-841a-d2e6088b72ce,EUR,1674874710,2.896087025435774
f41feb3a-a469-487a-bc9d-59a0dfd89c29,EUR,1674882708,-3.4245445931629774
78db312b-071d-41d4-8ed6-d46411f44aa4,BTC,1674890957,7.037778664235532
ec22ff9f-6f33-4055-bc53-7ee7d8b51c05,ETH,1674903732,1.1822270359358829
68b37b28-d244-45ab-94c4-21f57bb55a62,BTC,1674921875,-3.738363191620804
9b2e8458-726f-42d9-97cb-5e66de168da5,EUR,1674921879,-5.702651392748608
75845357-d843-4036-841a-d2e6088b72ce,XPR,1674941063,-5.63437337980043
a61e005c-af0a-4820-8cd1-8029218fb066,BTC,1674955111,7.133497203822142
3063533e-d3d2-46ca-91f5-6168c95c9835,ETH,1674963565,-9.996826918136733
93becbec-6a43-428a-a1ce-6b096c956ca7,ETH,1674978194,1.7812624588910442
bdbeede3-8470-4baf-9f28-8f9e01b935d6,ETH,1674994412,0.3143859065291039
3063533e-d3d2-46ca-91f5-6168c95c9835,BTC,1674995977,0.2230963927207661
93becbec-6a43-428a-a1ce-6b096c956ca7,BTC,1674999818,4.2427648684360815
e2b54159-2bf7-4b89-850b-9f1c680b6bbe,BTC,1675007820,-7.2245981071456615
a61e005c-af0a-4820-8cd1-8029218fb066,EUR,1675018853,-7.650046591829616
93becbec-6a43-428a-a1ce-6b096c956ca7,EUR,1675062434,-4.385116965482563
01f5b699-535e-415c-af84-446e5c00385e,USD,1675075717,8.819800305423303
a61e005c-af0a-4820-8cd1-8029218fb066,USD,1675077120,-1.4165354596021107
3063533e-d3d2-46ca-91f5-6168c95c9835,BTC,1675083200,9.02659300469423
f89443b9-1dfe-427e-b718-8846f977bf51,BTC,1675095596,-2.583435757343569
93becbec-6a43-428a-a1ce-6b096c956ca7,BTC,1675103821,3.4504722878117384
93becbec-6a43-428a-a1ce-6b096c956ca7,BTC,1675108221,-7.711980217287724
464298b8-8b92-463e-949b-3ba65c3b58c6,EUR,1675135985,-8.607184074363234
ec22ff9f-6f33-4055-bc53-7ee7d8b51c05,BAT,1675140611,1.320956587449647
992286bf-16a1-43d3-a31d-642222d91603,BTC,1675145822,-3.246293160679768
a61e005c-af0a-4820-8cd1-8029218fb066,EUR,1675153254,-2.3781109148716117
fe3b675f-21d2-4b79-b25f-45150d0e837a,EUR,1675169353,1.876760124366914
3063533e-d3d2-46ca-91f5-6168c95c9835,ETH,1675170205,8.82123785266132
f30a7fba-468c-4b04-aac4-8cf836652573,BTC,1675180821,6.836008953518114
fe3b675f-21d2-4b79-b25f-45150d0e837a,BTC,1675184193,-2.6090614888552928
a61e005c-af0a-4820-8cd1-8029218fb066,USD,1675192688,4.123344107026227
a61e005c-af0a-4820-8cd1-8029218fb066,USD,1675193437,-2.48466874946085
93becbec-6a43-428a-a1ce-6b096c956ca7,CAD,1675207849,-6.415441403922138
a16bc127-d4af-4611-b5e6-9f9e451a851f,ETH,1675227149,-2.331491583422613
25382ae7-1c6c-4b32-a120-7717c6f4080a,ETH,1675231512,-1.013791161195151
a61e005c-af0a-4820-8cd1-8029218fb066,ETH,1675231671,4.163503916007848
9287b4ea-2911-45b2-8da7-cc3ca70cb118,ETH,1675239456,-8.76223423407654
ec22ff9f-6f33-4055-bc53-7ee7d8b51c05,ETH,1675250702,4.45822885934907
9287b4ea-2911-45b2-8da7-cc3ca70cb118,ETH,1675269420,-0.5707996268718851
c5cefec7-2341-4c3e-bee1-cb30fee93bd8,USD,1675286242,-4.392125722046057
ec22ff9f-6f33-4055-bc53-7ee7d8b51c05,EUR,1675287285,-1.1133643804891857
9287b4ea-2911-45b2-8da7-cc3ca70cb118,EUR,1675287928,2.053152958695396
d858e131-0a18-45b3-92a5-77467ce513a5,BTC,1675290815,0.6364322294956875
beed12b3-f39a-43dc-bee6-721a89c0a937,EUR,1675291491,-5.819209488872001
a75ecbba-3eb1-43a0-8c9a-863569911bc3,EUR,1675319107,-1.9397528657477174
044ebe23-2980-4172-aa8b-f59e48b07343,BTC,1675320491,3.8710886256936146
259c4a32-9c8f-474a-9f8b-3a9ded89e9b3,BAT,1675322233,-2.9690879536948316
e2b54159-2bf7-4b89-850b-9f1c680b6bbe,ETH,1675337716,9.252312198275614
75845357-d843-4036-841a-d2e6088b72ce,EUR,1675342918,-4.461772126951297
e2b54159-2bf7-4b89-850b-9f1c680b6bbe,USD,1675346477,0.6337578919186431
259c4a32-9c8f-474a-9f8b-3a9ded89e9b3,USD,1675350092,-3.7556398614448927
beed12b3-f39a-43dc-bee6-721a89c0a937,ETH,1675365655,3.2218669299074314
5e106318-4553-4462-b510-5438b6a329e5,BAT,1675368605,-4.620599514625123
fe3b675f-21d2-4b79-b25f-45150d0e837a,EUR,1675375626,-6.685909230269525
9b2e8458-726f-42d9-97cb-5e66de168da5,BTC,1675375695,-5.2231016422922245
3063533e-d3d2-46ca-91f5-6168c95c9835,EUR,1675388777,-9.496443889656241
55578bf3-84af-4f11-bf24-6be394197c26,ETH,1675391487,4.597830744906691
93becbec-6a43-428a-a1ce-6b096c956ca7,BTC,1675393714,-9.513238005620465
f89443b9-1dfe-427e-b718-8846f977bf51,USD,1675402511,-1.9076260052915135
93becbec-6a43-428a-a1ce-6b096c956ca7,BTC,1675415156,0.06399132266284902
5e106318-4553-4462-b510-5438b6a329e5,EUR,1675440822,-1.292225319211175
fe3b675f-21d2-4b79-b25f-45150d0e837a,BAT,1675441316,-1.5104611177088607
92934d8d-a4cc-456f-97ca-c77f528c6bda,USD,1675451305,1.1781414651478421
e2b54159-2bf7-4b89-850b-9f1c680b6bbe,ETH,1675479758,6.314131265404875
e2b54159-2bf7-4b89-850b-9f1c680b6bbe,USD,1675480719,0.31284336435791715
9287b4ea-2911-45b2-8da7-cc3ca70cb118,BTC,1675485749,3.1363394144587637
75845357-d843-4036-841a-d2e6088b72ce,EUR,1675485968,2.202613490052814
6044e2ef-8425-487c-b8bf-b88a87cc43f9,BTC,1675491427,-4.5818363873518075
5a623012-bb14-4bc5-977a-8d57033a1342,USD,1675492160,-5.872341538752314
9287b4ea-2911-45b2-8da7-cc3ca70cb118,BTC,1675498490,-1.4853233154054646
75845357-d843-4036-841a-d2e6088b72ce,EUR,1675501210,9.338110202427423
51caadde-8903-4316-8c98-507aedfe306a,BTC,1675516480,9.850570851239485
75845357-d843-4036-841a-d2e6088b72ce,USD,1675520413,6.606478964399145
a02bd628-3dc5-46ba-98eb-42abbce82ad3,BTC,1675521518,-1.5718251215523544
93becbec-6a43-428a-a1ce-6b096c956ca7,USD,1675534399,1.3111652844428008
a61e005c-af0a-4820-8cd1-8029218fb066,EUR,1675539748,-4.2329946064848585
fe3b675f-21d2-4b79-b25f-45150d0e837a,BTC,1675553900,0.614859088409732
9287b4ea-2911-45b2-8da7-cc3ca70cb118,BTC,1675565617,3.9264850637611364
f41feb3a-a469-487a-bc9d-59a0dfd89c29,BAT,1675577095,2.674319828264448
fe3b675f-21d2-4b79-b25f-45150d0e837a,XPR,1675580328,-0.1956440804946009
b61477de-b466-4b13-8a72-e80a721689ca,BTC,1675589756,2.2355537115381274
ec22ff9f-6f33-4055-bc53-7ee7d8b51c05,USD,1675607949,-1.4283448898396358
beed12b3-f39a-43dc-bee6-721a89c0a937,USD,1675624372,1.0654972946833023
fdaa102d-797c-4c57-a793-feb6e3aaff0d,USD,1675628672,-0.9750711623992636
93becbec-6a43-428a-a1ce-6b096c956ca7,USD,1675630003,-8.598973835817596
3063533e-d3d2-46ca-91f5-6168c95c9835,USD,1675638126,3.7626003464861313
f41feb3a-a469-487a-bc9d-59a0dfd89c29,ETH,1675690234,4.90390570435202
f41feb3a-a469-487a-bc9d-59a0dfd89c29,USD,1675698471,9.303057958940848
75845357-d843-4036-841a-d2e6088b72ce,USD,1675737131,5.011472113306102
93becbec-6a43-428a-a1ce-6b096c956ca7,EUR,1675739560,-4.668780962819561
e2b54159-2bf7-4b89-850b-9f1c680b6bbe,ETH,1675758669,-6.345177658711501
9287b4ea-2911-45b2-8da7-cc3ca70cb118,BTC,1675762422,-6.6649606426112555
3063533e-d3d2-46ca-91f5-6168c95c9835,BAT,1675769684,-1.4946439633226856
d858e131-0a18-45b3-92a5-77467ce513a5,ETH,1675775671,-7.895011401134244
9287b4ea-2911-45b2-8da7-cc3ca70cb118,EUR,1675793995,-0.09281722262119807
e2b54159-2bf7-4b89-850b-9f1c680b6bbe,ETH,1675795051,7.501587699788317
0615a717-29b9-4c76-826a-ece60a60f3ae,BTC,1675814416,-5.6445612203685025
e2b54159-2bf7-4b89-850b-9f1c680b6bbe,BAT,1675843276,4.580834128441566
ec22ff9f-6f33-4055-bc53-7ee7d8b51c05,USD,1675849353,5.358897998917037
93becbec-6a43-428a-a1ce-6b096c956ca7,BTC,1675859152,7.1150997144229855
f89443b9-1dfe-427e-b718-8846f977bf51,USD,1675865605,2.533045117739942
9287b4ea-2911-45b2-8da7-cc3ca70cb118,USD,1675868496,8.376442281532821
a61e005c-af0a-4820-8cd1-8029218fb066,USD,1675874692,-8.521379921524145
93becbec-6a43-428a-a1ce-6b096c956ca7,EUR,1675875155,-5.352312203550335
e2b54159-2bf7-4b89-850b-9f1c680b6bbe,ETH,1675886404,-8.181275899285943
a61e005c-af0a-4820-8cd1-8029218fb066,BTC,1675901329,-4.474440102151025
beed12b3-f39a-43dc-bee6-721a89c0a937,EUR,1675908752,0.07339441933795499
75845357-d843-4036-841a-d2e6088b72ce,USD,1675927542,-2.8399347979528393
93becbec-6a43-428a-a1ce-6b096c956ca7,USD,1675931983,5.708369783564308
a61e005c-af0a-4820-8cd1-8029218fb066,EUR,1675934248,-3.96851585053688
9287b4ea-2911-45b2-8da7-cc3ca70cb118,USD,1675934436,5.609659854554126
e2b54159-2bf7-4b89-850b-9f1c680b6bbe,BTC,1675961132,-9.872760086820897
3063533e-d3d2-46ca-91f5-6168c95c9835,EUR,1675968993,1.4378692453065405
cb1a5abb-9cf9-4e37-91ab-83d3959b1277,USD,1675984407,9.847701963962752
fdaa102d-797c-4c57-a793-feb6e3aaff0d,ETH,1675985316,8.160939538906199
75845357-d843-4036-841a-d2e6088b72ce,BTC,1676006800,-8.959180649626639
93becbec-6a43-428a-a1ce-6b096c956ca7,BTC,1676007811,-8.166151965804922
93becbec-6a43-428a-a1ce-6b096c956ca7,USD,1676049395,5.432329785331586
e2b54159-2bf7-4b89-850b-9f1c680b6bbe,ETH,1676050607,5.906686383100565
a61e005c-af0a-4820-8cd1-8029218fb066,BTC,1676057373,-9.735140638315157
beed12b3-f39a-43dc-bee6-721a89c0a937,EUR,1676058913,-0.03997160735730532
f41feb3a-a469-487a-bc9d-59a0dfd89c29,EUR,1676066499,-6.385620297271357
f41feb3a-a469-487a-bc9d-59a0dfd89c29,EUR,1676067728,-8.296494988736674
ec22ff9f-6f33-4055-bc53-7ee7d8b51c05,EUR,1676078813,2.2099971824308504
75845357-d843-4036-841a-d2e6088b72ce,USD,1676086583,8.51918717918332
9287b4ea-2911-45b2-8da7-cc3ca70cb118,EUR,1676102642,-7.311276022157487
a61e005c-af0a-4820-8cd1-8029218fb066,BTC,1676106408,0.3605099376662846
6044e2ef-8425-487c-b8bf-b88a87cc43f9,ETH,1676131462,-4.247480264563006
464298b8-8b92-463e-949b-3ba65c3b58c6,EUR,1676140971,-1.6693185929692689
3063533e-d3d2-46ca-91f5-6168c95c9835,BAT,1676148212,-6.940388783646152
3063533e-d3d2-46ca-91f5-6168c95c9835,BAT,1676152043,2.415746063316419
e2b54159-2bf7-4b89-850b-9f1c680b6bbe,ETH,1676174914,-2.3341036624926197
034f584c-d4fd-4260-8611-c3423745f933,XPR,1676198634,3.3374372591634494
fe3b675f-21d2-4b79-b25f-45150d0e837a,XPR,1676204113,9.091601937062602
9287b4ea-2911-45b2-8da7-cc3ca70cb118,EUR,1676217875,0.48118503707577887
75845357-d843-4036-841a-d2e6088b72ce,XPR,1676219080,0.5221966221993952
fe2f78e2-7054-4eba-ad62-6c2164a7e3e3,USD,1676230106,-3.8622285810165895
75845357-d843-4036-841a-d2e6088b72ce,ETH,1676230362,-1.47446563979139
992286bf-16a1-43d3-a31d-642222d91603,USD,1676246559,-9.286994785104547
75845357-d843-4036-841a-d2e6088b72ce,USD,1676249729,2.2908638598557154
fe3b675f-21d2-4b79-b25f-45150d0e837a,ETH,1676250091,-1.3305321156212724
a61e005c-af0a-4820-8cd1-8029218fb066,BTC,1676254626,-5.805460436665662
c0ad94db-d257-4e4a-84ca-b9e73442cf78,EUR,1676262015,-9.578687759004938
beed12b3-f39a-43dc-bee6-721a89c0a937,EUR,1676269555,-1.7938788648052988
fe3b675f-21d2-4b79-b25f-45150d0e837a,BTC,1676271976,0.4852624962610257
a61e005c-af0a-4820-8cd1-8029218fb066,ETH,1676272383,-2.246877123325728
cb1a5abb-9cf9-4e37-91ab-83d3959b1277,ETH,1676293221,5.2284582778250375
a61e005c-af0a-4820-8cd1-8029218fb066,BAT,1676322894,3.899362920417529
3063533e-d3d2-46ca-91f5-6168c95c9835,XPR,1676352117,7.131460713848611
ec22ff9f-6f33-4055-bc53-7ee7d8b51c05,USD,1676353841,-7.022094061949131
e2b54159-2bf7-4b89-850b-9f1c680b6bbe,USD,1676380610,9.223448435602336
93becbec-6a43-428a-a1ce-6b096c956ca7,ETH,1676382167,-3.989939485130394
f41feb3a-a469-487a-bc9d-59a0dfd89c29,ETH,1676393441,-8.07675089461072
beed12b3-f39a-43dc-bee6-721a89c0a937,EUR,1676397660,-8.026372290102298
e2b54159-2bf7-4b89-850b-9f1c680b6bbe,BTC,1676410441,-0.35097218313817535
3063533e-d3d2-46ca-91f5-6168c95c9835,EUR,1676430963,2.8458384791888314
ec22ff9f-6f33-4055-bc53-7ee7d8b51c05,EUR,1676443562,-0.48900494380647963
ec22ff9f-6f33-4055-bc53-7ee7d8b51c05,ETH,1676460172,1.5651618662988867
beed12b3-f39a-43dc-bee6-721a89c0a937,USD,1676464514,-8.508887383874253
a947e704-dbd7-430b-adf4-7039824b8d63,BAT,1676480832,4.828932426250201
9287b4ea-2911-45b2-8da7-cc3ca70cb118,EUR,1676482595,-2.1029583589208674
cc19a596-79eb-4ae6-92a8-6f7ff846355a,USD,1676483345,-6.5094891001127575
ec22ff9f-6f33-4055-bc53-7ee7d8b51c05,EUR,1676483811,-6.273865652995361
d216d37c-df5d-4c8d-a79d-8cb1f7dbc0f7,EUR,1676484388,-5.510520342417333
e2b54159-2bf7-4b89-850b-9f1c680b6bbe,USD,1676488798,3.5680559705566495
a61e005c-af0a-4820-8cd1-8029218fb066,USD,1676494630,-7.562703665417403
3063533e-d3d2-46ca-91f5-6168c95c9835,BTC,1676509787,8.135685894081213
a61e005c-af0a-4820-8cd1-8029218fb066,XPR,1676512483,1.1714332150992206
f41feb3a-a469-487a-bc9d-59a0dfd89c29,EUR,1676524184,-5.641003486008913
c5cefec7-2341-4c3e-bee1-cb30fee93bd8,BTC,1676527397,0.684074085090975
e2b54159-2bf7-4b89-850b-9f1c680b6bbe,USD,1676530558,9.12185172342123
4b2f64c2-d6b2-421b-a6af-685573cd7f56,USD,1676533122,-5.777572423715609
a61e005c-af0a-4820-8cd1-8029218fb066,BTC,1676550273,-0.024385786320554104
beed12b3-f39a-43dc-bee6-721a89c0a937,ETH,1676575380,-8.370962830080735
5e106318-4553-4462-b510-5438b6a329e5,ETH,1676585078,8.506248199689239
93becbec-6a43-428a-a1ce-6b096c956ca7,ETH,1676594689,0.10056929983818463
93becbec-6a43-428a-a1ce-6b096c956ca7,EUR,1676596885,9.989917930384351
a61e005c-af0a-4820-8cd1-8029218fb066,BAT,1676599329,-7.195310163795609
f41feb3a-a469-487a-bc9d-59a0dfd89c29,BAT,1676609227,7.190813870019852
93becbec-6a43-428a-a1ce-6b096c956ca7,ETH,1676620182,7.058859639480751
3063533e-d3d2-46ca-91f5-6168c95c9835,ETH,1676620730,-1.3352419030728964
c5cefec7-2341-4c3e-bee1-cb30fee93bd8,XPR,1676625430,0.3995230868848765
75845357-d843-4036-841a-d2e6088b72ce,EUR,1676626293,7.3383105102024295
9287b4ea-2911-45b2-8da7-cc3ca70cb118,EUR,1676631567,4.073347305207005
beed12b3-f39a-43dc-bee6-721a89c0a937,EUR,1676639341,8.860390500179992
a16bc127-d4af-4611-b5e6-9f9e451a851f,EUR,1676643878,-3.309688639113113
4b2f64c2-d6b2-421b-a6af-685573cd7f56,BTC,1676647476,7.67550471417929
4b2f64c2-d6b2-421b-a6af-685573cd7f56,XPR,1676653796,-2.9100305029795237
0615a717-29b9-4c76-826a-ece60a60f3ae,EUR,1676662301,-8.2436527897624
9287b4ea-2911-45b2-8da7-cc3ca70cb118,ETH,1676679687,-0.7109496157849016
a61e005c-af0a-4820-8cd1-8029218fb066,ETH,1676694165,0.5965979202038856
a947e704-dbd7-430b-adf4-7039824b8d63,USD,1676697114,7.273530856638686
f41feb3a-a469-487a-bc9d-59a0dfd89c29,EUR,1676710322,3.988576293688711
e2b54159-2bf7-4b89-850b-9f1c680b6bbe,USD,1676722814,4.836267141328005
beed12b3-f39a-43dc-bee6-721a89c0a937,ETH,1676756431,6.779610393879004
992286bf-16a1-43d3-a31d-642222d91603,ETH,1676761127,-8.788349023168289
3063533e-d3d2-46ca-91f5-6168c95c9835,USD,1676764117,8.902624714172681
75845357-d843-4036-841a-d2e6088b72ce,USD,1676784346,1.1677561874195455
034f584c-d4fd-4260-8611-c3423745f933,ETH,1676801409,8.445742082397295
987eae8b-a10b-4a88-a437-37a982f5acb5,ETH,1676807366,8.843972402240325
f41feb3a-a469-487a-bc9d-59a0dfd89c29,ETH,1676811567,4.185723133660851
934357bf-b14a-4da8-8b0c-ed0c28540389,USD,1676822041,6.124325916203947
beed12b3-f39a-43dc-bee6-721a89c0a937,USD,1676823841,7.582466237057211
335809b4-e5f6-4eeb-872d-539052a9546d,ETH,1676826797,2.2063216120537064
75845357-d843-4036-841a-d2e6088b72ce,USD,1676832860,2.0578096459343485
259c4a32-9c8f-474a-9f8b-3a9ded89e9b3,ETH,1676833849,-7.205244472272749
39b1b575-8789-45b1-bf90-16b30832ecc0,USD,1676840750,-3.0764001827641074
c12908fd-8688-4926-8453-c480b5ecb48a,EUR,1676847705,8.039271689093685
75845357-d843-4036-841a-d2e6088b72ce,BTC,1676858330,6.827243907784414
93becbec-6a43-428a-a1ce-6b096c956ca7,EUR,1676872394,7.812478765409793
93becbec-6a43-428a-a1ce-6b096c956ca7,ETH,1676887733,8.910977441073452
d4dcb8fa-5698-4391-a79f-043adda8a220,BTC,1676889214,-6.517045720300105
ec22ff9f-6f33-4055-bc53-7ee7d8b51c05,ETH,1676903975,-2.9557928062923473
3063533e-d3d2-46ca-91f5-6168c95c9835,ETH,1676926543,1.2161657958665533
fe3b675f-21d2-4b79-b25f-45150d0e837a,BAT,1676936694,8.19103995207617
a947e704-dbd7-430b-adf4-7039824b8d63,BTC,1676947568,0.13800011948512036
01f5b699-535e-415c-af84-446e5c00385e,USD,1676948961,-4.080980235893675
ec22ff9f-6f33-4055-bc53-7ee7d8b51c05,ETH,1676950440,4.669724818172183
5dd16e20-7875-458f-bee4-29f27dd61bbd,EUR,1676962004,-6.920073356081433
044ebe23-2980-4172-aa8b-f59e48b07343,BTC,1676969558,-0.29080030413490476
4760ba51-fb20-47c1-8751-abd21264713a,EUR,1676980260,-0.5877348415485493
fe3b675f-21d2-4b79-b25f-45150d0e837a,ETH,1676995689,-0.29181152688731515
df2392b6-0dd6-4e24-82fb-b0a403615b06,BTC,1677007239,-0.3671303738753
9287b4ea-2911-45b2-8da7-cc3ca70cb118,EUR,1677032286,3.4309580028319218
fe3b675f-21d2-4b79-b25f-45150d0e837a,USD,1677042049,6.919650745319821
75845357-d843-4036-841a-d2e6088b72ce,BTC,1677044834,-9.033490492022294
259c4a32-9c8f-474a-9f8b-3a9ded89e9b3,BTC,1677056766,-0.8200608803765341
9287b4ea-2911-45b2-8da7-cc3ca70cb118,USD,1677063629,-6.088324886083778
f41feb3a-a469-487a-bc9d-59a0dfd89c29,USD,1677076138,-6.847694101769397
fe3b675f-21d2-4b79-b25f-45150d0e837a,BTC,1677112632,-0.6553873462592144
99c17ee8-9189-4682-8f4d-a3e22a59e12f,CAD,1677116562,-4.15323323638928
3063533e-d3d2-46ca-91f5-6168c95c9835,USD,1677118540,8.456041906088288
3063533e-d3d2-46ca-91f5-6168c95c9835,BTC,1677130255,-8.116464637074978
9287b4ea-2911-45b2-8da7-cc3ca70cb118,ETH,1677140859,-8.085930252689552
f41feb3a-a469-487a-bc9d-59a0dfd89c29,BTC,1677154793,-5.279962802416378
8f08a9c5-0884-4bd2-8d00-d772d32654a1,ETH,1677162895,-6.974962382258472
9b2e8458-726f-42d9-97cb-5e66de168da5,EUR,1677167056,6.556681732437546
ec22ff9f-6f33-4055-bc53-7ee7d8b51c05,USD,1677179042,-1.316244826918462
93becbec-6a43-428a-a1ce-6b096c956ca7,USD,1677225014,-5.755239292668437
9287b4ea-2911-45b2-8da7-cc3ca70cb118,ETH,1677235887,2.6651123685024007
a61e005c-af0a-4820-8cd1-8029218fb066,ETH,1677241962,-8.809719962894146
f41feb3a-a469-487a-bc9d-59a0dfd89c29,CAD,1677265715,4.637640563274823
6e7c8b3b-708e-4d1f-a58d-d904d91152d7,EUR,1677269426,-7.966574295322129
d83f6123-2f33-402e-9fb1-25a96c6d19f5,BAT,1677285191,7.5750742750225335
e2b54159-2bf7-4b89-850b-9f1c680b6bbe,BTC,1677292518,-4.459043281667814
ec22ff9f-6f33-4055-bc53-7ee7d8b51c05,ETH,1677312068,2.2431567961067103
ec22ff9f-6f33-4055-bc53-7ee7d8b51c05,EUR,1677316231,-1.1641756429298074
fe3b675f-21d2-4b79-b25f-45150d0e837a,EUR,1677323732,-9.331228365398056
75845357-d843-4036-841a-d2e6088b72ce,BTC,1677324600,8.550257731812142
a61e005c-af0a-4820-8cd1-8029218fb066,USD,1677329606,-2.325269647252539
ec22ff9f-6f33-4055-bc53-7ee7d8b51c05,BTC,1677331612,-3.9094805801772603
fe3b675f-21d2-4b79-b25f-45150d0e837a,USD,1677332324,1.9459180597013077
4832c931-325f-4bda-9926-9dfc310ccbad,USD,1677336794,1.9874392973362411
a61e005c-af0a-4820-8cd1-8029218fb066,EUR,1677341686,9.816000066666987
e2b54159-2bf7-4b89-850b-9f1c680b6bbe,ETH,1677353123,-4.403108508521036
fe3b675f-21d2-4b79-b25f-45150d0e837a,EUR,1677354122,-1.2795486457991494
d4dcb8fa-5698-4391-a79f-043adda8a220,ETH,1677360938,-2.317818592378882
fe3b675f-21d2-4b79-b25f-45150d0e837a,BTC,1677383067,2.7323778542506076
fe3b675f-21d2-4b79-b25f-45150d0e837a,USD,1677386545,9.721547932808217
beed12b3-f39a-43dc-bee6-721a89c0a937,BAT,1677400306,1.002863860495598
f41feb3a-a469-487a-bc9d-59a0dfd89c29,CAD,1677412607,-0.9099873099313438
93becbec-6a43-428a-a1ce-6b096c956ca7,BTC,1677426411,3.616177737967055
9287b4ea-2911-45b2-8da7-cc3ca70cb118,USD,1677431089,-8.512006174355864
f41feb3a-a469-487a-bc9d-59a0dfd89c29,ETH,1677438567,-0.018551706278026714
fe3b675f-21d2-4b79-b25f-45150d0e837a,BAT,1677449770,-2.33872845636853
a02bd628-3dc5-46ba-98eb-42abbce82ad3,USD,1677462879,-6.047705879102936
9287b4ea-2911-45b2-8da7-cc3ca70cb118,CAD,1677466433,-8.294942686188456
f41feb3a-a469-487a-bc9d-59a0dfd89c29,XPR,1677484601,-9.690285683996851
beed12b3-f39a-43dc-bee6-721a89c0a937,EUR,1677487159,2.4050482527251464
75845357-d843-4036-841a-d2e6088b72ce,BTC,1677490177,-4.501126091391978
a61e005c-af0a-4820-8cd1-8029218fb066,EUR,1677499166,3.4371626824305945
27ad712a-9148-4b34-83ec-8bae3ea4cdbf,USD,1677502539,-2.8607480740964313
beed12b3-f39a-43dc-bee6-721a89c0a937,BTC,1677513207,-6.69398038005073
ec22ff9f-6f33-4055-bc53-7ee7d8b51c05,EUR,1677513681,-5.013707367340459
ec22ff9f-6f33-4055-bc53-7ee7d8b51c05,USD,1677514326,3.7504766588955807
93becbec-6a43-428a-a1ce-6b096c956ca7,USD,1677534518,-9.30807819364854
f41feb3a-a469-487a-bc9d-59a0dfd89c29,ETH,1677539588,-0.11268866077921658
27ad712a-9148-4b34-83ec-8bae3ea4cdbf,EUR,1677558476,7.446011353468727
e2b54159-2bf7-4b89-850b-9f1c680b6bbe,EUR,1677558657,-8.946783511916884
a61e005c-af0a-4820-8cd1-8029218fb066,ETH,1677560149,-5.334521195771549
beed12b3-f39a-43dc-bee6-721a89c0a937,USD,1677564647,5.8938812099456825
beed12b3-f39a-43dc-bee6-721a89c0a937,ETH,1677570343,-9.127840060550989
f41feb3a-a469-487a-bc9d-59a0dfd89c29,USD,1677573170,0.9604393732340668
ec22ff9f-6f33-4055-bc53-7ee7d8b51c05,ETH,1677576604,-3.2189585780232166
beed12b3-f39a-43dc-bee6-721a89c0a937,BTC,1677576679,0.38100613373076797
fe3b675f-21d2-4b79-b25f-45150d0e837a,ETH,1677578455,3.5221946697121176
e2b54159-2bf7-4b89-850b-9f1c680b6bbe,EUR,1677608941,8.209923410894294
4a6f2b89-07cb-4557-b821-5a8ea03d2f71,USD,1677616634,-4.717817690620468
9287b4ea-2911-45b2-8da7-cc3ca70cb118,USD,1677622795,1.0996290129910555
e2b54159-2bf7-4b89-850b-9f1c680b6bbe,ETH,1677624493,-6.802980153658678
e2b54159-2bf7-4b89-850b-9f1c680b6bbe,ETH,1677628356,-7.2909434046456445
4832c931-325f-4bda-9926-9dfc310ccbad,EUR,1677633706,-2.4725252977742107
4b2f64c2-d6b2-421b-a6af-685573cd7f56,EUR,1677638198,7.9016230998836114
f41feb3a-a469-487a-bc9d-59a0dfd89c29,USD,1677663649,3.801138381620232
f41feb3a-a469-487a-bc9d-59a0dfd89c29,USD,1677663988,-1.4854320829775869
197e14d9-700c-4d53-8b6e-f2c45d2bfac9,ETH,1677678058,5.319542573183147
0615a717-29b9-4c76-826a-ece60a60f3ae,USD,1677681988,8.679582189614095
ec22ff9f-6f33-4055-bc53-7ee7d8b51c05,CAD,1677692332,-1.8987012034996944
75845357-d843-4036-841a-d2e6088b72ce,ETH,1677701754,-1.886512450459076
75845357-d843-4036-841a-d2e6088b72ce,ETH,1677713811,-6.574622568118924
78fec595-1f14-4e85-b295-e430a6ba7686,BTC,1677720027,1.745249240825462
75845357-d843-4036-841a-d2e6088b72ce,CAD,1677722860,-6.61340459339951
fe3b675f-21d2-4b79-b25f-45150d0e837a,BTC,1677730710,8.913349281093666
cb1a5abb-9cf9-4e37-91ab-83d3959b1277,BTC,1677732696,6.061399826771801
3063533e-d3d2-46ca-91f5-6168c95c9835,CAD,1677739361,-3.173329228407602
3063533e-d3d2-46ca-91f5-6168c95c9835,EUR,1677739892,-8.938396996855138
3063533e-d3d2-46ca-91f5-6168c95c9835,EUR,1677740267,-7.786831591159771
beed12b3-f39a-43dc-bee6-721a89c0a937,ETH,1677748995,-4.24638643843217
9287b4ea-2911-45b2-8da7-cc3ca70cb118,EUR,1677758639,3.32283992664334
259c4a32-9c8f-474a-9f8b-3a9ded89e9b3,BTC,1677764607,1.2257956250426805
fe3b675f-21d2-4b79-b25f-45150d0e837a,ETH,1677780929,-5.1791042082766285
ec22ff9f-6f33-4055-bc53-7ee7d8b51c05,XPR,1677797503,3.632621098854834
a29da963-12ff-433b-9872-cf9533a3f170,CAD,1677807739,-0.1622836858886867
ec22ff9f-6f33-4055-bc53-7ee7d8b51c05,XPR,1677813310,-4.643907887933494
93becbec-6a43-428a-a1ce-6b096c956ca7,USD,1677829911,3.526998218767721
ec22ff9f-6f33-4055-bc53-7ee7d8b51c05,EUR,1677847687,5.028876186978728
d83f6123-2f33-402e-9fb1-25a96c6d19f5,EUR,1677873540,6.652134009915649
a61e005c-af0a-4820-8cd1-8029218fb066,ETH,1677880168,-3.409323334753198
e3b2edbd-dff0-40c2-bfa2-20dfa632954e,EUR,1677902280,1.321727139157316
5d47c0f3-920d-49f5-b9b3-5afeca5ece24,USD,1677910514,6.936241461903979
e2b54159-2bf7-4b89-850b-9f1c680b6bbe,XPR,1677938855,8.177763562442916
75845357-d843-4036-841a-d2e6088b72ce,XPR,1677967841,-0.9910256738994665
beed12b3-f39a-43dc-bee6-721a89c0a937,ETH,1677980142,-9.910988143462273
a61e005c-af0a-4820-8cd1-8029218fb066,BTC,1677981232,7.09101508294038
79b2b699-e758-48a8-bc3b-379fa77bb478,EUR,1678023539,-9.846607147604765
b8599949-2ffc-44c4-bc46-2e596e131c17,XPR,1678025349,9.690278477047187
b8599949-2ffc-44c4-bc46-2e596e131c17,USD,1678029962,3.5255144122771753
f41feb3a-a469-487a-bc9d-59a0dfd89c29,BTC,1678058833,0.723554054844108
3063533e-d3d2-46ca-91f5-6168c95c9835,EUR,1678060554,-1.1034834953879908
93becbec-6a43-428a-a1ce-6b096c956ca7,BTC,1678070506,-6.015581665194252
3063533e-d3d2-46ca-91f5-6168c95c9835,USD,1678079682,1.934973236915349
fa3e5601-04c5-4918-9c31-0d02d5ed3431,ETH,1678084988,-3.864312823473015
9b2e8458-726f-42d9-97cb-5e66de168da5,USD,1678094100,-3.879801433252301
38a23cc5-363b-43c7-ba39-5daa13ed4e2b,ETH,1678105351,-2.148304782311312
5d47c0f3-920d-49f5-b9b3-5afeca5ece24,USD,1678111985,-4.669171166379902
a61e005c-af0a-4820-8cd1-8029218fb066,BTC,1678137157,-5.443471328556743
fdaa102d-797c-4c57-a793-feb6e3aaff0d,EUR,1678156581,9.320447636438324
7c615c0c-a984-410a-bbe4-7f9b06d717f8,USD,1678161624,-4.151920192281451
f41feb3a-a469-487a-bc9d-59a0dfd89c29,ETH,1678164745,-8.209257515828554
ec22ff9f-6f33-4055-bc53-7ee7d8b51c05,ETH,1678167921,1.0665443336435114
75845357-d843-4036-841a-d2e6088b72ce,ETH,1678167948,7.69043699386016
9287b4ea-2911-45b2-8da7-cc3ca70cb118,BTC,1678208109,8.962806190010937
a02bd628-3dc5-46ba-98eb-42abbce82ad3,CAD,1678212281,-0.9166506182185472
beed12b3-f39a-43dc-bee6-721a89c0a937,BTC,1678213653,5.833221480560278
75845357-d843-4036-841a-d2e6088b72ce,USD,1678230106,-1.4423740855766471
f41feb3a-a469-487a-bc9d-59a0dfd89c29,USD,1678231929,5.976830529041198
a61e005c-af0a-4820-8cd1-8029218fb066,USD,1678256330,9.683489156014357
78fec595-1f14-4e85-b295-e430a6ba7686,BAT,1678261043,7.683235355721891
3063533e-d3d2-46ca-91f5-6168c95c9835,USD,1678261728,-6.037222465192182
fe3b675f-21d2-4b79-b25f-45150d0e837a,ETH,1678271340,-9.669858890738293
e2b54159-2bf7-4b89-850b-9f1c680b6bbe,EUR,1678271950,8.068582898494775
fe3b675f-21d2-4b79-b25f-45150d0e837a,ETH,1678274108,-4.724909547121876
75845357-d843-4036-841a-d2e6088b72ce,USD,1678278468,6.886248591808261
3063533e-d3d2-46ca-91f5-6168c95c9835,EUR,1678296768,-2.5915983466434955
c0ad94db-d257-4e4a-84ca-b9e73442cf78,EUR,1678298345,-7.721049025423039
3063533e-d3d2-46ca-91f5-6168c95c9835,ETH,1678298668,-5.8379959579314615
9287b4ea-2911-45b2-8da7-cc3ca70cb118,USD,1678305217,9.499431772511116
335809b4-e5f6-4eeb-872d-539052a9546d,USD,1678314831,-7.921073620634522
beed12b3-f39a-43dc-bee6-721a89c0a937,EUR,1678329739,-7.381090173280813
9287b4ea-2911-45b2-8da7-cc3ca70cb118,EUR,1678347863,-5.795866915065204
9b2e8458-726f-42d9-97cb-5e66de168da5,ETH,1678356306,-7.219589220306046
3063533e-d3d2-46ca-91f5-6168c95c9835,USD,1678388015,8.093975149094522
e2b54159-2bf7-4b89-850b-9f1c680b6bbe,ETH,1678396679,8.986515764910557
9287b4ea-2911-45b2-8da7-cc3ca70cb118,USD,1678410028,-4.512007186222622
9b889da5-cd5e-4fea-9680-e4aef39193ad,EUR,1678427368,-3.1296909877581403
e2b54159-2bf7-4b89-850b-9f1c680b6bbe,BTC,1678455120,-6.650752451133637
464298b8-8b92-463e-949b-3ba65c3b58c6,EUR,1678468376,-1.5878106562177496
9287b4ea-2911-45b2-8da7-cc3ca70cb118,EUR,1678468448,-6.952632420382812
beed12b3-f39a-43dc-bee6-721a89c0a937,ETH,1678468454,-1.7746085931109672
3063533e-d3d2-46ca-91f5-6168c95c9835,EUR,1678468754,1.071618306549631
a61e005c-af0a-4820-8cd1-8029218fb066,EUR,1678476893,7.267070456654967
fe3b675f-21d2-4b79-b25f-45150d0e837a,XPR,1678480837,4.261319977935756
a61e005c-af0a-4820-8cd1-8029218fb066,EUR,1678481790,-9.845701312748798
9287b4ea-2911-45b2-8da7-cc3ca70cb118,BTC,1678486845,7.35233483131686
945d4c4d-4281-4ff9-a6fe-de9dfd858f72,USD,1678504620,6.603068366378217
f41feb3a-a469-487a-bc9d-59a0dfd89c29,ETH,1678524270,8.682218932085878
fdaa102d-797c-4c57-a793-feb6e3aaff0d,ETH,1678533510,-6.427904802632527
fe3b675f-21d2-4b79-b25f-45150d0e837a,USD,1678558167,-5.416626188882221
beed12b3-f39a-43dc-bee6-721a89c0a937,USD,1678565740,-5.28360963030053
93becbec-6a43-428a-a1ce-6b096c956ca7,BTC,1678576925,-7.352803854616068
ec22ff9f-6f33-4055-bc53-7ee7d8b51c05,EUR,1678581082,-3.4549886119561313
ec22ff9f-6f33-4055-bc53-7ee7d8b51c05,ETH,1678594451,8.231953604992807
fe3b675f-21d2-4b79-b25f-45150d0e837a,ETH,1678608410,1.5074558353793712
d137f350-8287-42e4-99aa-cd56cb77aa8f,USD,1678622203,-2.4258751150760416
0615a717-29b9-4c76-826a-ece60a60f3ae,BTC,1678626435,-0.06473313113464663
a61e005c-af0a-4820-8cd1-8029218fb066,BAT,1678627327,-0.8368089043360794
ec22ff9f-6f33-4055-bc53-7ee7d8b51c05,USD,1678642845,4.933093682847181
75845357-d843-4036-841a-d2e6088b72ce,EUR,1678645613,-2.0677209461400654
3063533e-d3d2-46ca-91f5-6168c95c9835,USD,1678652518,4.686679355871675
fe3b675f-21d2-4b79-b25f-45150d0e837a,EUR,1678665885,1.3507159447975141
27ad712a-9148-4b34-83ec-8bae3ea4cdbf,ETH,1678673562,-9.863100050298371
68b37b28-d244-45ab-94c4-21f57bb55a62,EUR,1678674752,-5.275184700065094
9b2e8458-726f-42d9-97cb-5e66de168da5,EUR,1678676039,6.554971082807832
fe3b675f-21d2-4b79-b25f-45150d0e837a,EUR,1678685886,-0.35120774595839777
f41feb3a-a469-487a-bc9d-59a0dfd89c29,USD,1678693872,5.664391133721114
9287b4ea-2911-45b2-8da7-cc3ca70cb118,CAD,1678705578,3.221947775425205
78fec595-1f14-4e85-b295-e430a6ba7686,EUR,1678707467,7.0296865430603575
75845357-d843-4036-841a-d2e6088b72ce,USD,1678721615,9.57181759366317
a947e704-dbd7-430b-adf4-7039824b8d63,BTC,1678723830,-7.422633898481501
ec22ff9f-6f33-4055-bc53-7ee7d8b51c05,BAT,1678727919,-9.002079897734456
e2b54159-2bf7-4b89-850b-9f1c680b6bbe,EUR,1678731434,3.0752868173060914
0615a717-29b9-4c76-826a-ece60a60f3ae,ETH,1678757169,0.02000747149276272
9287b4ea-2911-45b2-8da7-cc3ca70cb118,EUR,1678764234,0.9643317392092658
ec22ff9f-6f33-4055-bc53-7ee7d8b51c05,BTC,1678775214,6.619587421259617
3063533e-d3d2-46ca-91f5-6168c95c9835,ETH,1678780386,-8.311988462537954
fe3b675f-21d2-4b79-b25f-45150d0e837a,EUR,1678791430,-1.525402928670978
c5cefec7-2341-4c3e-bee1-cb30fee93bd8,ETH,1678795969,-3.288906628371766
75845357-d843-4036-841a-d2e6088b72ce,BAT,1678803570,8.839372498930146
92934d8d-a4cc-456f-97ca-c77f528c6bda,BTC,1678808115,-4.272630194616482
beed12b3-f39a-43dc-bee6-721a89c0a937,EUR,1678808955,5.775839234414942
e2b54159-2bf7-4b89-850b-9f1c680b6bbe,EUR,1678818709,-0.70041011209873
3063533e-d3d2-46ca-91f5-6168c95c9835,USD,1678831520,9.762504282335474
f41feb3a-a469-487a-bc9d-59a0dfd89c29,EUR,1678833912,-5.549232405847146
beed12b3-f39a-43dc-bee6-721a89c0a937,EUR,1678835636,8.2212510113219
ec22ff9f-6f33-4055-bc53-7ee7d8b51c05,BTC,1678835744,9.033128635482022
01f5b699-535e-415c-af84-446e5c00385e,BTC,1678845518,-5.97404239657396
9287b4ea-2911-45b2-8da7-cc3ca70cb118,ETH,1678855476,-6.919523684330137
75845357-d843-4036-841a-d2e6088b72ce,BTC,1678860589,-0.556391642067231
9287b4ea-2911-45b2-8da7-cc3ca70cb118,ETH,1678862260,-8.789414988744841
99c17ee8-9189-4682-8f4d-a3e22a59e12f,BTC,1678878810,6.421402727803695
93becbec-6a43-428a-a1ce-6b096c956ca7,ETH,1678889397,-7.770713991102283
9287b4ea-2911-45b2-8da7-cc3ca70cb118,ETH,1678893591,-2.972007521442861
3063533e-d3d2-46ca-91f5-6168c95c9835,EUR,1678901416,8.366059182146394
3633f00d-bf93-44be-9ad2-4c7a0e1e5679,EUR,1678913115,-9.463695141580537
d83f6123-2f33-402e-9fb1-25a96c6d19f5,USD,1678916329,-8.89514876021905
75845357-d843-4036-841a-d2e6088b72ce,BTC,1678919412,4.966008546432956
992286bf-16a1-43d3-a31d-642222d91603,BTC,1678925706,4.325372737037336
1c624660-7fbd-43a5-b791-c997b810db49,EUR,1678926573,-3.8934754739287714
93becbec-6a43-428a-a1ce-6b096c956ca7,BTC,1678954014,5.082656425689358
cb1a5abb-9cf9-4e37-91ab-83d3959b1277,BTC,1678978109,1.5804037545610772
c98bc1a8-6926-4a59-83c9-09de99a905b4,ETH,1678987695,8.716882874540108
a61e005c-af0a-4820-8cd1-8029218fb066,USD,1679026019,-7.743374431192005
f41feb3a-a469-487a-bc9d-59a0dfd89c29,EUR,1679026056,0.5324432658119171
4832c931-325f-4bda-9926-9dfc310ccbad,USD,1679026470,-3.756871248390312
e2b54159-2bf7-4b89-850b-9f1c680b6bbe,USD,1679031911,-6.976498707161154
75845357-d843-4036-841a-d2e6088b72ce,BTC,1679035723,3.253073786504274
9287b4ea-2911-45b2-8da7-cc3ca70cb118,BAT,1679035767,-6.495535627697433
9287b4ea-2911-45b2-8da7-cc3ca70cb118,EUR,1679037547,3.271332599849636
044ebe23-2980-4172-aa8b-f59e48b07343,BTC,1679060779,0.2060578284716179
fe3b675f-21d2-4b79-b25f-45150d0e837a,USD,1679077527,-3.1418165434099787
cb1a5abb-9cf9-4e37-91ab-83d3959b1277,BTC,1679083874,-0.5659636223824442
93becbec-6a43-428a-a1ce-6b096c956ca7,BTC,1679094881,6.2681660643563255
fe3b675f-21d2-4b79-b25f-45150d0e837a,EUR,1679100588,1.8613267440407828
0640659b-bfbc-414c-8e89-4c316287a8dd,BTC,1679105758,8.401289319731209
e2b54159-2bf7-4b89-850b-9f1c680b6bbe,USD,1679127548,8.432790426383164
e2b54159-2bf7-4b89-850b-9f1c680b6bbe,BAT,1679128005,5.159060965144722
fe3b675f-21d2-4b79-b25f-45150d0e837a,CAD,1679146545,9.676474277349477
a61e005c-af0a-4820-8cd1-8029218fb066,USD,1679147217,8.976523377011997
fdaa102d-797c-4c57-a793-feb6e3aaff0d,XPR,1679180026,-0.6043595582296639
a61e005c-af0a-4820-8cd1-8029218fb066,EUR,1679190542,1.0627771710366662
ec22ff9f-6f33-4055-bc53-7ee7d8b51c05,USD,1679205906,-4.524176718913946
e2b54159-2bf7-4b89-850b-9f1c680b6bbe,ETH,1679206447,-0.9813056658972741
ec22ff9f-6f33-4055-bc53-7ee7d8b51c05,USD,1679216009,1.7237746595943992
f2bd38cb-310b-457e-8cb1-c8b5bb589288,BAT,1679228552,8.220550801863954
a61e005c-af0a-4820-8cd1-8029218fb066,EUR,1679233558,-1.7015802810144685
ec22ff9f-6f33-4055-bc53-7ee7d8b51c05,EUR,1679270264,7.470937296917953
464298b8-8b92-463e-949b-3ba65c3b58c6,USD,1679297493,-3.7497784381208117
fe3b675f-21d2-4b79-b25f-45150d0e837a,USD,1679303038,-7.39926433897203
78fec595-1f14-4e85-b295-e430a6ba7686,USD,1679305485,-4.633957749696165
5dd16e20-7875-458f-bee4-29f27dd61bbd,ETH,1679320855,-2.908729854065715
d216d37c-df5d-4c8d-a79d-8cb1f7dbc0f7,ETH,1679331799,-8.635675185621443
ab77e7b3-19cf-4680-a47f-28b90448335c,ETH,1679337942,4.014460700908462
75845357-d843-4036-841a-d2e6088b72ce,BAT,1679343086,6.56424898635289
b8599949-2ffc-44c4-bc46-2e596e131c17,ETH,1679351490,-8.8794253253723
7e26da7f-3fe1-4790-a9bf-147bf2a852ec,USD,1679356257,-1.0163632014612425
fe3b675f-21d2-4b79-b25f-45150d0e837a,ETH,1679359153,-6.673460002211266
fe3b675f-21d2-4b79-b25f-45150d0e837a,XPR,1679381295,4.644713149452457
beed12b3-f39a-43dc-bee6-721a89c0a937,USD,1679382339,9.909862613945648
9287b4ea-2911-45b2-8da7-cc3ca70cb118,BTC,1679393077,2.7147829172190683
f41feb3a-a469-487a-bc9d-59a0dfd89c29,BTC,1679400759,-3.645458047334957
ec22ff9f-6f33-4055-bc53-7ee7d8b51c05,ETH,1679403172,-2.294175090832824
beed12b3-f39a-43dc-bee6-721a89c0a937,USD,1679407825,-1.1778352133173087
e2b54159-2bf7-4b89-850b-9f1c680b6bbe,ETH,1679411172,-2.904027616121814
93becbec-6a43-428a-a1ce-6b096c956ca7,ETH,1679418439,-7.7706150174652215
93becbec-6a43-428a-a1ce-6b096c956ca7,XPR,1679421258,-2.0720306552906003
f89443b9-1dfe-427e-b718-8846f977bf51,BTC,1679421330,-0.5651706652708732
75845357-d843-4036-841a-d2e6088b72ce,USD,1679438842,-0.23380901331655934
ec22ff9f-6f33-4055-bc53-7ee7d8b51c05,EUR,1679451618,6.028517472354011
7c615c0c-a984-410a-bbe4-7f9b06d717f8,EUR,1679464194,-9.337971184180386
c0ad94db-d257-4e4a-84ca-b9e73442cf78,USD,1679477084,9.327911106727804
beed12b3-f39a-43dc-bee6-721a89c0a937,EUR,1679500721,-5.23929042976407
75845357-d843-4036-841a-d2e6088b72ce,EUR,1679506586,-9.02461099567342
fe3b675f-21d2-4b79-b25f-45150d0e837a,USD,1679509508,-6.544266824806135
f41feb3a-a469-487a-bc9d-59a0dfd89c29,ETH,1679512566,-8.023724508674663
9b2e8458-726f-42d9-97cb-5e66de168da5,ETH,1679526584,6.4461294768245665
d858e131-0a18-45b3-92a5-77467ce513a5,BTC,1679550101,0.023982208407861805
75845357-d843-4036-841a-d2e6088b72ce,EUR,1679559122,3.7802942091244436
3063533e-d3d2-46ca-91f5-6168c95c9835,USD,1679572931,5.023888129430281
f41feb3a-a469-487a-bc9d-59a0dfd89c29,ETH,1679574399,2.6195892499436457
e84d7bec-86b6-4f13-892c-1970e2d466bc,BTC,1679575343,5.836482567812347
044ebe23-2980-4172-aa8b-f59e48b07343,BTC,1679580693,-8.513271520589232
fe3b675f-21d2-4b79-b25f-45150d0e837a,BTC,1679587060,-6.0538629673309075
d858e131-0a18-45b3-92a5-77467ce513a5,ETH,1679593653,5.646520000415592
89e5edba-3eef-4514-856a-287526ae50fa,USD,1679606068,-5.743464065334914
a29da963-12ff-433b-9872-cf9533a3f170,BTC,1679615883,6.061224460384597
93becbec-6a43-428a-a1ce-6b096c956ca7,EUR,1679617274,-6.718812773737451
3063533e-d3d2-46ca-91f5-6168c95c9835,EUR,1679636693,-4.635409236993155
cc19a596-79eb-4ae6-92a8-6f7ff846355a,USD,1679642457,0.9772434938723364
e2b54159-2bf7-4b89-850b-9f1c680b6bbe,EUR,1679647813,3.231555473391106
f41feb3a-a469-487a-bc9d-59a0dfd89c29,ETH,1679663986,0.3583514722436796
bdbeede3-8470-4baf-9f28-8f9e01b935d6,ETH,1679676430,7.828196574760383
ab77e7b3-19cf-4680-a47f-28b90448335c,USD,1679690832,-2.484746388794483
51caadde-8903-4316-8c98-507aedfe306a,USD,1679733833,2.3933590179236663
a61e005c-af0a-4820-8cd1-8029218fb066,ETH,1679736889,3.4524559336123453
e2b54159-2bf7-4b89-850b-9f1c680b6bbe,ETH,1679746973,-8.691402511818733
f41feb3a-a469-487a-bc9d-59a0dfd89c29,USD,1679755918,-1.3509647752286558
93becbec-6a43-428a-a1ce-6b096c956ca7,BAT,1679787976,8.819094748362811
f41feb3a-a469-487a-bc9d-59a0dfd89c29,BTC,1679830276,3.077681918674049
c12908fd-8688-4926-8453-c480b5ecb48a,ETH,1679847285,6.077480481893968
f41feb3a-a469-487a-bc9d-59a0dfd89c29,EUR,1679856530,-6.978572717190234
5b8e58a5-9b9f-4f1b-969f-21dbee72f0bb,USD,1679863915,9.595013021474593
f41feb3a-a469-487a-bc9d-59a0dfd89c29,ETH,1679873607,9.118209915228558
f41feb3a-a469-487a-bc9d-59a0dfd89c29,BTC,1679875666,-9.510200631090575
e2b54159-2bf7-4b89-850b-9f1c680b6bbe,EUR,1679883460,-9.309202185688086
93becbec-6a43-428a-a1ce-6b096c956ca7,BTC,1679901204,7.180157828724628
ec22ff9f-6f33-4055-bc53-7ee7d8b51c05,USD,1679905947,8.777578518719988
ec22ff9f-6f33-4055-bc53-7ee7d8b51c05,EUR,1679926286,-9.91407934156811
a02bd628-3dc5-46ba-98eb-42abbce82ad3,ETH,1679933137,5.053461027714025
beed12b3-f39a-43dc-bee6-721a89c0a937,USD,1679940667,-4.405119498815124
f41feb3a-a469-487a-bc9d-59a0dfd89c29,BTC,1679944714,-5.198687346251618
e2b54159-2bf7-4b89-850b-9f1c680b6bbe,XPR,1679973508,0.3571177114505062
beed12b3-f39a-43dc-bee6-721a89c0a937,USD,1679998537,-6.429255640937925
93becbec-6a43-428a-a1ce-6b096c956ca7,XPR,1679999097,5.1883135908501306
3063533e-d3d2-46ca-91f5-6168c95c9835,EUR,1680008202,-2.7866677957793984
1e6d232e-11f4-4cd6-9eb4-020af5d6a1fb,EUR,1680014120,0.9192348660024194
fe3b675f-21d2-4b79-b25f-45150d0e837a,EUR,1680036949,-4.638720451167735
e2b54159-2bf7-4b89-850b-9f1c680b6bbe,ETH,1680051805,6.8082023542493495
beed12b3-f39a-43dc-bee6-721a89c0a937,EUR,1680081811,4.874029039627226
51caadde-8903-4316-8c98-507aedfe306a,BTC,1680085876,1.4303700835401187
e2b54159-2bf7-4b89-850b-9f1c680b6bbe,BTC,1680086814,-1.1403729736870218
3633f00d-bf93-44be-9ad2-4c7a0e1e5679,EUR,1680089656,2.8404628385613417
9287b4ea-2911-45b2-8da7-cc3ca70cb118,EUR,1680093556,-1.2864878495045318
f41feb3a-a469-487a-bc9d-59a0dfd89c29,ETH,1680120630,-3.3299849749230876
3063533e-d3d2-46ca-91f5-6168c95c9835,EUR,1680121562,-3.809740078983559
93becbec-6a43-428a-a1ce-6b096c956ca7,USD,1680125213,-9.340853090102339
75845357-d843-4036-841a-d2e6088b72ce,BTC,1680126660,-7.104358615491706
75845357-d843-4036-841a-d2e6088b72ce,ETH,1680132773,5.317025644832141
464298b8-8b92-463e-949b-3ba65c3b58c6,EUR,1680138703,-6.193556199545975
1e6d232e-11f4-4cd6-9eb4-020af5d6a1fb,BTC,1680154100,2.3574699046622545
d137f350-8287-42e4-99aa-cd56cb77aa8f,BTC,1680154342,-8.170317698912864
01f5b699-535e-415c-af84-446e5c00385e,EUR,1680188188,8.789502375193187
9287b4ea-2911-45b2-8da7-cc3ca70cb118,EUR,1680246337,-5.8756446504205195
93becbec-6a43-428a-a1ce-6b096c956ca7,BAT,1680256213,-0.5675868905049182
3063533e-d3d2-46ca-91f5-6168c95c9835,BTC,1680262090,-3.5255488010988163
a61e005c-af0a-4820-8cd1-8029218fb066,EUR,1680273038,5.685259686518432
a16bc127-d4af-4611-b5e6-9f9e451a851f,USD,1680289650,2.041216033604904
3063533e-d3d2-46ca-91f5-6168c95c9835,BTC,1680306698,9.838342685463012
d4dcb8fa-5698-4391-a79f-043adda8a220,EUR,1680318674,6.701405568379311
cb1a5abb-9cf9-4e37-91ab-83d3959b1277,BTC,1680324915,4.061570463389222
d4dcb8fa-5698-4391-a79f-043adda8a220,EUR,1680337658,-1.2080361641480568
3063533e-d3d2-46ca-91f5-6168c95c9835,USD,1680365850,3.3889442801588636
3063533e-d3d2-46ca-91f5-6168c95c9835,ETH,1680366737,7.086176905342899
4a6f2b89-07cb-4557-b821-5a8ea03d2f71,BTC,1680408055,-2.9107892784788403
3063533e-d3d2-46ca-91f5-6168c95c9835,XPR,1680424060,8.670777373437115
c98bc1a8-6926-4a59-83c9-09de99a905b4,ETH,1680428537,-8.159468263814498
bdbeede3-8470-4baf-9f28-8f9e01b935d6,EUR,1680428833,3.590666357444439
c12908fd-8688-4926-8453-c480b5ecb48a,EUR,1680448122,-3.632757424342687
e2b54159-2bf7-4b89-850b-9f1c680b6bbe,USD,1680464233,3.466608823128226
beed12b3-f39a-43dc-bee6-721a89c0a937,USD,1680474294,9.355091911733176
c98bc1a8-6926-4a59-83c9-09de99a905b4,EUR,1680490049,7.573700712322889
fe3b675f-21d2-4b79-b25f-45150d0e837a,BTC,1680500363,-8.660726524413265
3063533e-d3d2-46ca-91f5-6168c95c9835,ETH,1680505753,-6.410626469998975
ec22ff9f-6f33-4055-bc53-7ee7d8b51c05,USD,1680530253,0.6702073731493403
89e5edba-3eef-4514-856a-287526ae50fa,EUR,1680592495,5.260564848727512
a61e005c-af0a-4820-8cd1-8029218fb066,ETH,1680600311,-2.8184937517814657
beed12b3-f39a-43dc-bee6-721a89c0a937,USD,1680601620,-6.599678726350165
fe3b675f-21d2-4b79-b25f-45150d0e837a,XPR,1680612716,2.498842151674607
3063533e-d3d2-46ca-91f5-6168c95c9835,BTC,1680621612,8.036174532585289
fe3b675f-21d2-4b79-b25f-45150d0e837a,BTC,1680622654,9.080095297266254
335809b4-e5f6-4eeb-872d-539052a9546d,BTC,1680638541,0.4407937438015388
e2b54159-2bf7-4b89-850b-9f1c680b6bbe,ETH,1680639062,4.3948241744621335
e2b54159-2bf7-4b89-850b-9f1c680b6bbe,EUR,1680647353,-6.0852089256300275
ab77e7b3-19cf-4680-a47f-28b90448335c,USD,1680673912,9.588734584760928
25382ae7-1c6c-4b32-a120-7717c6f4080a,BTC,1680686023,2.043378557343477
9287b4ea-2911-45b2-8da7-cc3ca70cb118,ETH,1680702576,-2.2219842152840785
c0ad94db-d257-4e4a-84ca-b9e73442cf78,BTC,1680720015,6.570249367442695
75845357-d843-4036-841a-d2e6088b72ce,ETH,1680726643,-8.226157175239665
a61e005c-af0a-4820-8cd1-8029218fb066,EUR,1680734614,-2.4626055730006557
e2b54159-2bf7-4b89-850b-9f1c680b6bbe,EUR,1680736819,-4.062618027538587
beed12b3-f39a-43dc-bee6-721a89c0a937,ETH,1680741184,-5.814679546497539
3063533e-d3d2-46ca-91f5-6168c95c9835,BTC,1680767302,-7.796518733450535
f41feb3a-a469-487a-bc9d-59a0dfd89c29,BTC,1680774642,-9.375861072703168
e2b54159-2bf7-4b89-850b-9f1c680b6bbe,EUR,1680780267,4.230409226471208
a61e005c-af0a-4820-8cd1-8029218fb066,BTC,1680781623,7.797769190491998
ec22ff9f-6f33-4055-bc53-7ee7d8b51c05,BTC,1680799196,9.464573760153705
fe3b675f-21d2-4b79-b25f-45150d0e837a,XPR,1680799279,9.752250565565351
8f08a9c5-0884-4bd2-8d00-d772d32654a1,EUR,1680801945,7.703595101190096
fe3b675f-21d2-4b79-b25f-45150d0e837a,EUR,1680803607,-3.4013696531045445
78fec595-1f14-4e85-b295-e430a6ba7686,ETH,1680817988,-7.946168136650956
9287b4ea-2911-45b2-8da7-cc3ca70cb118,ETH,1680835926,-1.2046175904174579
3063533e-d3d2-46ca-91f5-6168c95c9835,BTC,1680853835,-2.4684035318286153
e3b2edbd-dff0-40c2-bfa2-20dfa632954e,USD,1680856871,-3.439211335893848
ec22ff9f-6f33-4055-bc53-7ee7d8b51c05,BTC,1680863868,-5.66469309354837
335809b4-e5f6-4eeb-872d-539052a9546d,BTC,1680867304,3.698669721009434
27ad712a-9148-4b34-83ec-8bae3ea4cdbf,ETH,1680914889,7.665417345460323
99c17ee8-9189-4682-8f4d-a3e22a59e12f,ETH,1680947204,-3.515134924759118
9287b4ea-2911-45b2-8da7-cc3ca70cb118,USD,1680950051,-8.422515756112436
fe3b675f-21d2-4b79-b25f-45150d0e837a,ETH,1680953857,3.8284414012115047
93becbec-6a43-428a-a1ce-6b096c956ca7,BTC,1680975053,-6.518089766673876
e64722ab-ac45-4631-80ac-c45da5ff8c01,EUR,1680975573,-8.687529352046546
3063533e-d3d2-46ca-91f5-6168c95c9835,USD,1680991541,3.3680322446062227
d83f6123-2f33-402e-9fb1-25a96c6d19f5,ETH,1681023428,7.992885178245629
75845357-d843-4036-841a-d2e6088b72ce,EUR,1681036050,3.9712502403480947
ec22ff9f-6f33-4055-bc53-7ee7d8b51c05,BAT,1681060615,-1.8903268843237733
c85a849b-72dd-43a9-9b24-4815240184b4,BTC,1681062447,-5.014527792507579
f41feb3a-a469-487a-bc9d-59a0dfd89c29,BTC,1681082501,-1.5530279825613427
a02bd628-3dc5-46ba-98eb-42abbce82ad3,USD,1681109226,-1.2591315151992752
cc19a596-79eb-4ae6-92a8-6f7ff846355a,BTC,1681109685,3.5153331917511625
75845357-d843-4036-841a-d2e6088b72ce,USD,1681116417,-0.7239792943091103
f41feb3a-a469-487a-bc9d-59a0dfd89c29,USD,1681124671,1.552504472997839
4760ba51-fb20-47c1-8751-abd21264713a,BTC,1681125825,9.498037307621118
79b2b699-e758-48a8-bc3b-379fa77bb478,USD,1681139315,-7.673400792431431
ec22ff9f-6f33-4055-bc53-7ee7d8b51c05,ETH,1681157040,9.183656898445363
3063533e-d3d2-46ca-91f5-6168c95c9835,BTC,1681168972,-5.292720685329839
9287b4ea-2911-45b2-8da7-cc3ca70cb118,ETH,1681177139,1.1783936347631183
fe2f78e2-7054-4eba-ad62-6c2164a7e3e3,ETH,1681186087,3.784659843756975
99c17ee8-9189-4682-8f4d-a3e22a59e12f,EUR,1681190296,-7.226844009393196
beed12b3-f39a-43dc-bee6-721a89c0a937,BTC,1681192135,-1.5898705156369708
9287b4ea-2911-45b2-8da7-cc3ca70cb118,BAT,1681214585,2.0682387817183496
e2b54159-2bf7-4b89-850b-9f1c680b6bbe,USD,1681222205,-3.7145901205910947
e2b54159-2bf7-4b89-850b-9f1c680b6bbe,EUR,1681244917,-9.68241447491973
93becbec-6a43-428a-a1ce-6b096c956ca7,EUR,1681260891,3.1884458055595353
9287b4ea-2911-45b2-8da7-cc3ca70cb118,ETH,1681265508,-9.380891716734958
a61e005c-af0a-4820-8cd1-8029218fb066,ETH,1681285102,3.9031300126779165
b61477de-b466-4b13-8a72-e80a721689ca,USD,1681291021,-2.005287234409985
f8259c81-0d30-436b-bb3e-156cc731e641,XPR,1681309798,9.15839345048835
06864593-c803-470c-a6cc-acbbed53c0cb,USD,1681315030,7.5485940911048175
f2bd38cb-310b-457e-8cb1-c8b5bb589288,BTC,1681327601,1.2954993818828076
a61e005c-af0a-4820-8cd1-8029218fb066,BAT,1681343180,-0.8730202621126608
93becbec-6a43-428a-a1ce-6b096c956ca7,BTC,1681365425,6.405395948335155
f41feb3a-a469-487a-bc9d-59a0dfd89c29,USD,1681379338,-1.745558805753518
f41feb3a-a469-487a-bc9d-59a0dfd89c29,BTC,1681401108,5.774508686694126
5d47c0f3-920d-49f5-b9b3-5afeca5ece24,EUR,1681408880,-3.9466434914741715
9287b4ea-2911-45b2-8da7-cc3ca70cb118,ETH,1681423623,-4.617091057375296
a61e005c-af0a-4820-8cd1-8029218fb066,USD,1681436400,3.3384769855012326
f41feb3a-a469-487a-bc9d-59a0dfd89c29,USD,1681465802,-8.730465919690825
e2b54159-2bf7-4b89-850b-9f1c680b6bbe,XPR,1681479081,9.858865057321093
89e5edba-3eef-4514-856a-287526ae50fa,USD,1681537221,3.4854349684359853
a61e005c-af0a-4820-8cd1-8029218fb066,BTC,1681541693,8.3878919577481
ec22ff9f-6f33-4055-bc53-7ee7d8b51c05,BTC,1681551417,-9.662960235494067
9287b4ea-2911-45b2-8da7-cc3ca70cb118,EUR,1681556921,-4.923320261241657
d83f6123-2f33-402e-9fb1-25a96c6d19f5,USD,1681567084,2.216213775166448
ec22ff9f-6f33-4055-bc53-7ee7d8b51c05,EUR,1681582033,7.087267065395139
78db312b-071d-41d4-8ed6-d46411f44aa4,USD,1681596394,6.2658091671262355
fe3b675f-21d2-4b79-b25f-45150d0e837a,USD,1681600177,0.19209393057382051
1e6d232e-11f4-4cd6-9eb4-020af5d6a1fb,USD,1681613707,-8.15232668163777
93becbec-6a43-428a-a1ce-6b096c956ca7,BTC,1681620820,-8.197634271040828
c0ad94db-d257-4e4a-84ca-b9e73442cf78,BTC,1681628247,-8.547730839527432
945d4c4d-4281-4ff9-a6fe-de9dfd858f72,BTC,1681650058,-1.5507946519800004
75845357-d843-4036-841a-d2e6088b72ce,ETH,1681658591,2.7565002818895312
fe3b675f-21d2-4b79-b25f-45150d0e837a,EUR,1681660670,-9.076145920103603
9287b4ea-2911-45b2-8da7-cc3ca70cb118,EUR,1681681187,5.82269785558317
e2b54159-2bf7-4b89-850b-9f1c680b6bbe,USD,1681683866,4.936804548458154
75845357-d843-4036-841a-d2e6088b72ce,BTC,1681693868,3.7381651066687986
d83f6123-2f33-402e-9fb1-25a96c6d19f5,USD,1681708180,-5.216202923412809
414e4248-1b1e-4a8e-af48-e65d6c6eef6b,ETH,1681715870,3.720820913519267
75845357-d843-4036-841a-d2e6088b72ce,USD,1681724878,6.148830897465189
259c4a32-9c8f-474a-9f8b-3a9ded89e9b3,USD,1681744793,-7.850188086309884
93becbec-6a43-428a-a1ce-6b096c956ca7,BTC,1681745462,5.469081677034302
f41feb3a-a469-487a-bc9d-59a0dfd89c29,EUR,1681763496,4.37868918219184
beed12b3-f39a-43dc-bee6-721a89c0a937,EUR,1681789130,5.159376013442383
38a23cc5-363b-43c7-ba39-5daa13ed4e2b,EUR,1681794489,6.073576485854183
fe3b675f-21d2-4b79-b25f-45150d0e837a,BTC,1681811205,6.685512063285895
25382ae7-1c6c-4b32-a120-7717c6f4080a,BTC,1681837671,-1.873245075499666
78db312b-071d-41d4-8ed6-d46411f44aa4,BTC,1681845699,-8.09875202226034
f41feb3a-a469-487a-bc9d-59a0dfd89c29,BTC,1681848161,-7.408729918692265
ec22ff9f-6f33-4055-bc53-7ee7d8b51c05,BTC,1681850966,2.574063546960998
93becbec-6a43-428a-a1ce-6b096c956ca7,EUR,1681853944,-7.246062715268689
fe3b675f-21d2-4b79-b25f-45150d0e837a,BTC,1681861137,8.34637180299223
f89443b9-1dfe-427e-b718-8846f977bf51,EUR,1681868503,2.7980357177624704
a61e005c-af0a-4820-8cd1-8029218fb066,ETH,1681871910,-3.4934931615516795
fe3b675f-21d2-4b79-b25f-45150d0e837a,USD,1681879987,6.16964111239005
beed12b3-f39a-43dc-bee6-721a89c0a937,EUR,1681883341,-2.5806641586772567
75845357-d843-4036-841a-d2e6088b72ce,BTC,1681891391,8.761894629854684
d4dcb8fa-5698-4391-a79f-043adda8a220,EUR,1681893591,0.5929801628340332
fe3b675f-21d2-4b79-b25f-45150d0e837a,CAD,1681922643,4.444979782186145
a61e005c-af0a-4820-8cd1-8029218fb066,ETH,1681945068,2.612601325468564
51caadde-8903-4316-8c98-507aedfe306a,USD,1681959069,7.040169358660279
f41feb3a-a469-487a-bc9d-59a0dfd89c29,EUR,1681976740,6.645666903513895
e2b54159-2bf7-4b89-850b-9f1c680b6bbe,ETH,1681978051,4.2419416675130694
ec22ff9f-6f33-4055-bc53-7ee7d8b51c05,BTC,1681979062,5.837185353530437
f41feb3a-a469-487a-bc9d-59a0dfd89c29,BTC,1681989164,-0.7717785782516966
dc45ff15-8e0b-4d6a-ba44-195073e4bd0a,USD,1681993443,9.226754337043396
93becbec-6a43-428a-a1ce-6b096c956ca7,USD,1681998197,-9.885374266524721
7d6a9d9e-25b5-4ce1-b8bd-087f702725cc,CAD,1682012542,-0.417814921682373
ec22ff9f-6f33-4055-bc53-7ee7d8b51c05,EUR,1682026451,7.52417050582163
75845357-d843-4036-841a-d2e6088b72ce,XPR,1682026896,-7.870121243776447
f41feb3a-a469-487a-bc9d-59a0dfd89c29,USD,1682028131,4.85500485546207
fe3b675f-21d2-4b79-b25f-45150d0e837a,EUR,1682041202,-5.4757889575895025
3063533e-d3d2-46ca-91f5-6168c95c9835,USD,1682067826,-1.1409331732798744
9287b4ea-2911-45b2-8da7-cc3ca70cb118,BTC,1682073193,-6.701608136604873
78db312b-071d-41d4-8ed6-d46411f44aa4,XPR,1682088768,3.9379997871748174
3633f00d-bf93-44be-9ad2-4c7a0e1e5679,EUR,1682090469,-3.61495433876833
e3b2edbd-dff0-40c2-bfa2-20dfa632954e,ETH,1682114972,-0.2617651486725965
9287b4ea-2911-45b2-8da7-cc3ca70cb118,USD,1682125390,9.42839355146295
fe3b675f-21d2-4b79-b25f-45150d0e837a,USD,1682129230,-6.19358061692358
f41feb3a-a469-487a-bc9d-59a0dfd89c29,ETH,1682137864,-0.5869771531673944
9287b4ea-2911-45b2-8da7-cc3ca70cb118,USD,1682142490,1.167482412778515
beed12b3-f39a-43dc-bee6-721a89c0a937,ETH,1682158856,3.728877977193868
9287b4ea-2911-45b2-8da7-cc3ca70cb118,USD,1682164246,-9.80378543672018
0640659b-bfbc-414c-8e89-4c316287a8dd,BTC,1682166947,-5.816595201526322
9287b4ea-2911-45b2-8da7-cc3ca70cb118,EUR,1682169793,-7.192590868356521
fe3b675f-21d2-4b79-b25f-45150d0e837a,ETH,1682181894,-1.6632904826929344
d1bfeb51-cf4e-43b4-af30-434bf70a7e5f,BAT,1682188091,-8.055621469414103
e2b54159-2bf7-4b89-850b-9f1c680b6bbe,ETH,1682193036,-3.750408261711728
93becbec-6a43-428a-a1ce-6b096c956ca7,ETH,1682217814,3.132595619881254
beed12b3-f39a-43dc-bee6-721a89c0a937,ETH,1682225587,-4.019340951163963
fa3e5601-04c5-4918-9c31-0d02d5ed3431,USD,1682231262,3.2260541687867246
ec22ff9f-6f33-4055-bc53-7ee7d8b51c05,BTC,1682235440,7.799620216971775
fe3b675f-21d2-4b79-b25f-45150d0e837a,USD,1682238193,4.486573520338224
f89443b9-1dfe-427e-b718-8846f977bf51,USD,1682245124,-1.810967824507566
5b8e58a5-9b9f-4f1b-969f-21dbee72f0bb,ETH,1682271442,3.288149411924177
fe3b675f-21d2-4b79-b25f-45150d0e837a,EUR,1682301172,-4.163765889648436
df2392b6-0dd6-4e24-82fb-b0a403615b06,EUR,1682302271,6.117054402134652
f41feb3a-a469-487a-bc9d-59a0dfd89c29,XPR,1682309110,-8.921159086539369
93becbec-6a43-428a-a1ce-6b096c956ca7,EUR,1682309748,-8.506035519879049
3063533e-d3d2-46ca-91f5-6168c95c9835,EUR,1682313029,3.396625214972852
e2b54159-2bf7-4b89-850b-9f1c680b6bbe,USD,1682314752,-3.2040835063887023
3caf1a3a-46cf-4c91-b352-9ea9f0c571ec,EUR,1682315482,-4.352499564847763
beed12b3-f39a-43dc-bee6-721a89c0a937,BAT,1682319481,4.259255832177002
a61e005c-af0a-4820-8cd1-8029218fb066,USD,1682322440,-0.4507878541873023
034f584c-d4fd-4260-8611-c3423745f933,USD,1682330001,-4.096031303638227
dc45ff15-8e0b-4d6a-ba44-195073e4bd0a,BTC,1682338639,-0.1368832971878149
fe3b675f-21d2-4b79-b25f-45150d0e837a,USD,1682340303,2.9097219805158687
beed12b3-f39a-43dc-bee6-721a89c0a937,ETH,1682368178,-9.72397564526523
51caadde-8903-4316-8c98-507aedfe306a,ETH,1682384053,6.920394186692434
3063533e-d3d2-46ca-91f5-6168c95c9835,ETH,1682388472,-0.6418730182481536
3633f00d-bf93-44be-9ad2-4c7a0e1e5679,USD,1682391959,4.533712217512942
ec22ff9f-6f33-4055-bc53-7ee7d8b51c05,USD,1682399333,0.2510334800745877
27ad712a-9148-4b34-83ec-8bae3ea4cdbf,USD,1682406190,4.701177390863553
3063533e-d3d2-46ca-91f5-6168c95c9835,EUR,1682412608,2.797016195251844
8f08a9c5-0884-4bd2-8d00-d772d32654a1,EUR,1682417694,0.49871135909802966
9287b4ea-2911-45b2-8da7-cc3ca70cb118,USD,1682418786,-4.530381397035317
5e106318-4553-4462-b510-5438b6a329e5,CAD,1682427690,-5.662242002811581
4a6f2b89-07cb-4557-b821-5a8ea03d2f71,BTC,1682431898,-6.210560759599135
9287b4ea-2911-45b2-8da7-cc3ca70cb118,EUR,1682452847,7.256347442328735
89e5edba-3eef-4514-856a-287526ae50fa,BAT,1682458412,4.9852813246720995
a61e005c-af0a-4820-8cd1-8029218fb066,BTC,1682477092,-7.652761780538507
f41feb3a-a469-487a-bc9d-59a0dfd89c29,EUR,1682484435,-1.5913321736062898
beed12b3-f39a-43dc-bee6-721a89c0a937,EUR,1682490785,-5.141248040167527
0640659b-bfbc-414c-8e89-4c316287a8dd,USD,1682516063,4.5499031412190245
e2b54159-2bf7-4b89-850b-9f1c680b6bbe,EUR,1682523998,3.6935812281057583
93becbec-6a43-428a-a1ce-6b096c956ca7,BTC,1682527498,-5.094574018815039
7d6a9d9e-25b5-4ce1-b8bd-087f702725cc,EUR,1682530079,-9.76356029979467
fe3b675f-21d2-4b79-b25f-45150d0e837a,BTC,1682533160,-2.9646511921367535
e2b54159-2bf7-4b89-850b-9f1c680b6bbe,ETH,1682533262,-0.6567839368891057
e2b54159-2bf7-4b89-850b-9f1c680b6bbe,USD,1682540295,5.9641730244507976
a61e005c-af0a-4820-8cd1-8029218fb066,CAD,1682559847,7.648550332813212
d137f350-8287-42e4-99aa-cd56cb77aa8f,ETH,1682568122,1.3860163093540319
75845357-d843-4036-841a-d2e6088b72ce,USD,1682570873,-0.24559783288766823
ec22ff9f-6f33-4055-bc53-7ee7d8b51c05,BTC,1682588583,9.93957178505623
f1010a49-5aa3-477c-bb16-4d5aebb637c0,ETH,1682594328,-7.705541022068099
e2b54159-2bf7-4b89-850b-9f1c680b6bbe,ETH,1682602359,-2.241363932084246
fe3b675f-21d2-4b79-b25f-45150d0e837a,BTC,1682614138,8.181909861260579
e2b54159-2bf7-4b89-850b-9f1c680b6bbe,EUR,1682621318,-2.5310888690489675
3063533e-d3d2-46ca-91f5-6168c95c9835,XPR,1682621419,-1.442435943455692
a75ecbba-3eb1-43a0-8c9a-863569911bc3,ETH,1682641723,6.85479534808854
e2b54159-2bf7-4b89-850b-9f1c680b6bbe,ETH,1682646667,-4.702097244457171
7c615c0c-a984-410a-bbe4-7f9b06d717f8,ETH,1682653772,-5.54513313136813
9287b4ea-2911-45b2-8da7-cc3ca70cb118,USD,1682663823,-8.631107543283225
e2b54159-2bf7-4b89-850b-9f1c680b6bbe,BTC,1682663900,-6.046318271719473
9287b4ea-2911-45b2-8da7-cc3ca70cb118,ETH,1682670223,8.401143788696043
f41feb3a-a469-487a-bc9d-59a0dfd89c29,USD,1682681519,3.3150428055067316
3063533e-d3d2-46ca-91f5-6168c95c9835,ETH,1682686591,3.7676458024430364
e2b54159-2bf7-4b89-850b-9f1c680b6bbe,ETH,1682687091,9.393225724049966
259c4a32-9c8f-474a-9f8b-3a9ded89e9b3,BTC,1682690350,-0.7350350789591342
197e14d9-700c-4d53-8b6e-f2c45d2bfac9,ETH,1682700798,3.222661564977912
c0ad94db-d257-4e4a-84ca-b9e73442cf78,ETH,1682701707,-1.5073111452950698
75845357-d843-4036-841a-d2e6088b72ce,ETH,1682702959,0.869598906167413
beed12b3-f39a-43dc-bee6-721a89c0a937,BTC,1682720175,-2.9443092411717338
a61e005c-af0a-4820-8cd1-8029218fb066,BAT,1682725581,-8.66059594859101
27ad712a-9148-4b34-83ec-8bae3ea4cdbf,EUR,1682732384,1.7758562398070854
a61e005c-af0a-4820-8cd1-8029218fb066,ETH,1682737135,-4.862636839900247
f41feb3a-a469-487a-bc9d-59a0dfd89c29,EUR,1682752796,0.9723228846246315
27ad712a-9148-4b34-83ec-8bae3ea4cdbf,BTC,1682758750,2.8516558265725607
9287b4ea-2911-45b2-8da7-cc3ca70cb118,EUR,1682772486,5.309742396359651
ec22ff9f-6f33-4055-bc53-7ee7d8b51c05,ETH,1682773359,1.0932574340927026
fe3b675f-21d2-4b79-b25f-45150d0e837a,ETH,1682787648,-9.250888349919036
93becbec-6a43-428a-a1ce-6b096c956ca7,EUR,1682806730,-6.224501293885362
68b37b28-d244-45ab-94c4-21f57bb55a62,BTC,1682826402,6.145370400100411
f41feb3a-a469-487a-bc9d-59a0dfd89c29,EUR,1682830651,0.527754176345006
93becbec-6a43-428a-a1ce-6b096c956ca7,BTC,1682832780,-9.646732604516528
7c615c0c-a984-410a-bbe4-7f9b06d717f8,ETH,1682845632,3.847193298371101
df2392b6-0dd6-4e24-82fb-b0a403615b06,ETH,1682857892,-1.030234078141298
93becbec-6a43-428a-a1ce-6b096c956ca7,ETH,1682865947,-2.072854431876749
a61e005c-af0a-4820-8cd1-8029218fb066,USD,1682896534,2.7572310086881764
3063533e-d3d2-46ca-91f5-6168c95c9835,USD,1682899321,-7.865330438448376
ec22ff9f-6f33-4055-bc53-7ee7d8b51c05,EUR,1682905362,9.146916956530504
a29da963-12ff-433b-9872-cf9533a3f170,EUR,1682908640,7.823753965935751
3063533e-d3d2-46ca-91f5-6168c95c9835,ETH,1682909772,-3.873131595574675
75845357-d843-4036-841a-d2e6088b72ce,BTC,1682911537,9.795573924069949
3063533e-d3d2-46ca-91f5-6168c95c9835,USD,1682939184,-1.5161920043643171
beed12b3-f39a-43dc-bee6-721a89c0a937,USD,1682947562,1.7751702992471134
beed12b3-f39a-43dc-bee6-721a89c0a937,BTC,1682965744,-1.5387574714229935
e2b54159-2bf7-4b89-850b-9f1c680b6bbe,ETH,1682970686,9.849684803344118
9287b4ea-2911-45b2-8da7-cc3ca70cb118,EUR,1682985859,9.410385952975858
e2b54159-2bf7-4b89-850b-9f1c680b6bbe,BTC,1682994446,2.5417246538670852
78db312b-071d-41d4-8ed6-d46411f44aa4,ETH,1683041393,8.850466235972647
93becbec-6a43-428a-a1ce-6b096c956ca7,BTC,1683042362,-1.8530025939685402
5e106318-4553-4462-b510-5438b6a329e5,BTC,1683049011,-7.133465901963241
75845357-d843-4036-841a-d2e6088b72ce,ETH,1683058368,-0.21924822157049206
e2b54159-2bf7-4b89-850b-9f1c680b6bbe,EUR,1683061762,4.054565706848962
75845357-d843-4036-841a-d2e6088b72ce,BTC,1683085059,9.296324360367645
f41feb3a-a469-487a-bc9d-59a0dfd89c29,BTC,1683108362,9.852303133191715
fe3b675f-21d2-4b79-b25f-45150d0e837a,XPR,1683113465,6.4242223669227165
c85a849b-72dd-43a9-9b24-4815240184b4,USD,1683119497,2.16465219890992
e2b54159-2bf7-4b89-850b-9f1c680b6bbe,BTC,1683123776,-9.310137898877809
a61e005c-af0a-4820-8cd1-8029218fb066,ETH,1683160229,-6.905701036484835
beed12b3-f39a-43dc-bee6-721a89c0a937,EUR,1683172670,4.542060792091217
f1bc887e-df8c-4d6d-b633-a0432564e31a,BTC,1683230498,-9.584098221641142
f89443b9-1dfe-427e-b718-8846f977bf51,ETH,1683233321,-3.4356561249805706
ec22ff9f-6f33-4055-bc53-7ee7d8b51c05,USD,1683235993,0.19411300103985774
3063533e-d3d2-46ca-91f5-6168c95c9835,ETH,1683261358,4.944983070612496
75845357-d843-4036-841a-d2e6088b72ce,EUR,1683261476,0.628696663785389
beed12b3-f39a-43dc-bee6-721a89c0a937,EUR,1683273556,-2.7884479839051757
3063533e-d3d2-46ca-91f5-6168c95c9835,USD,1683283450,-3.850231123649741
f41feb3a-a469-487a-bc9d-59a0dfd89c29,EUR,1683285800,0.3636309499854775
e2b54159-2bf7-4b89-850b-9f1c680b6bbe,CAD,1683288421,-2.4957205476616213
93becbec-6a43-428a-a1ce-6b096c956ca7,ETH,1683301021,-3.6916530240905594
fe3b675f-21d2-4b79-b25f-45150d0e837a,USD,1683308449,-4.804251778484037
ec22ff9f-6f33-4055-bc53-7ee7d8b51c05,BTC,1683313619,6.043141139670723
fe3b675f-21d2-4b79-b25f-45150d0e837a,EUR,1683332636,8.152172010674338
e2b54159-2bf7-4b89-850b-9f1c680b6bbe,ETH,1683339448,-0.34769032850909376
e2b54159-2bf7-4b89-850b-9f1c680b6bbe,BTC,1683349946,-2.5626542456195285
1c624660-7fbd-43a5-b791-c997b810db49,USD,1683353989,-9.959439691824352
335809b4-e5f6-4eeb-872d-539052a9546d,EUR,1683364598,-0.9811318456562912
f41feb3a-a469-487a-bc9d-59a0dfd89c29,BTC,1683381085,0.5008673567778139
25382ae7-1c6c-4b32-a120-7717c6f4080a,EUR,1683396011,3.920300924477276
d858e131-0a18-45b3-92a5-77467ce513a5,EUR,1683396083,7.760583088586504
a947e704-dbd7-430b-adf4-7039824b8d63,EUR,1683403780,-3.4486174806292773
75845357-d843-4036-841a-d2e6088b72ce,EUR,1683445971,5.230937553617043
fe3b675f-21d2-4b79-b25f-45150d0e837a,EUR,1683469339,7.489521814300414
d1bfeb51-cf4e-43b4-af30-434bf70a7e5f,EUR,1683499363,1.7733328634921097
a16bc127-d4af-4611-b5e6-9f9e451a851f,USD,1683502099,5.264635825798509
e2b54159-2bf7-4b89-850b-9f1c680b6bbe,BTC,1683517287,-5.7732337820077895
93becbec-6a43-428a-a1ce-6b096c956ca7,XPR,1683525329,9.687977241647946
e2b54159-2bf7-4b89-850b-9f1c680b6bbe,EUR,1683534349,-0.4784254535872243
f41feb3a-a469-487a-bc9d-59a0dfd89c29,EUR,1683547965,1.9830001676124969
93becbec-6a43-428a-a1ce-6b096c956ca7,ETH,1683551867,-5.656109508456151
e84d7bec-86b6-4f13-892c-1970e2d466bc,EUR,1683552959,-8.831056489715634
75845357-d843-4036-841a-d2e6088b72ce,CAD,1683570444,-4.722690719917814
7e26da7f-3fe1-4790-a9bf-147bf2a852ec,CAD,1683603214,6.618068666056963
3063533e-d3d2-46ca-91f5-6168c95c9835,USD,1683606235,-2.6770352835640914
f41feb3a-a469-487a-bc9d-59a0dfd89c29,BAT,1683608011,4.250245372899972
beed12b3-f39a-43dc-bee6-721a89c0a937,EUR,1683620763,-9.124844093598185
beed12b3-f39a-43dc-bee6-721a89c0a937,XPR,1683622730,7.681615783046347
beed12b3-f39a-43dc-bee6-721a89c0a937,ETH,1683623519,7.057126711307383
ec22ff9f-6f33-4055-bc53-7ee7d8b51c05,EUR,1683653171,-8.101440093164765
bdbeede3-8470-4baf-9f28-8f9e01b935d6,ETH,1683677197,-5.302626441782763
75845357-d843-4036-841a-d2e6088b72ce,BTC,1683684813,7.3458736324428635
93becbec-6a43-428a-a1ce-6b096c956ca7,USD,1683693944,-8.671636449855777
9287b4ea-2911-45b2-8da7-cc3ca70cb118,ETH,1683703968,-4.686561805542526
ec22ff9f-6f33-4055-bc53-7ee7d8b51c05,ETH,1683707756,-0.6799235752605437
fe3b675f-21d2-4b79-b25f-45150d0e837a,EUR,1683708541,0.42963783800680844
3063533e-d3d2-46ca-91f5-6168c95c9835,BTC,1683709939,-1.780978781981089
beed12b3-f39a-43dc-bee6-721a89c0a937,ETH,1683718312,-5.223696930672408
75845357-d843-4036-841a-d2e6088b72ce,XPR,1683728725,4.699218739848096
3063533e-d3d2-46ca-91f5-6168c95c9835,EUR,1683740287,-3.394593779096242
fe3b675f-21d2-4b79-b25f-45150d0e837a,BAT,1683755128,-2.95156958252438
55578bf3-84af-4f11-bf24-6be394197c26,BTC,1683758366,-6.723312703420987
fe3b675f-21d2-4b79-b25f-45150d0e837a,EUR,1683766410,-8.312356451805814
75845357-d843-4036-841a-d2e6088b72ce,BAT,1683777797,7.180128127638671
414e4248-1b1e-4a8e-af48-e65d6c6eef6b,EUR,1683778223,5.724699599548316
92934d8d-a4cc-456f-97ca-c77f528c6bda,EUR,1683783368,-3.553117848914038
75845357-d843-4036-841a-d2e6088b72ce,ETH,1683795482,0.6109279390407742
fe3b675f-21d2-4b79-b25f-45150d0e837a,USD,1683822233,-3.3878943818219582
fe3b675f-21d2-4b79-b25f-45150d0e837a,USD,1683884934,-8.850740454089859
cb1a5abb-9cf9-4e37-91ab-83d3959b1277,EUR,1683895735,1.202277363954316
e2b54159-2bf7-4b89-850b-9f1c680b6bbe,ETH,1683898038,-2.262214879760256
fe3b675f-21d2-4b79-b25f-45150d0e837a,BTC,1683906861,-5.677972874240506
9287b4ea-2911-45b2-8da7-cc3ca70cb118,USD,1683928055,-4.436663015855588
fe3b675f-21d2-4b79-b25f-45150d0e837a,ETH,1683944893,-0.3033948285723227
9287b4ea-2911-45b2-8da7-cc3ca70cb118,EUR,1683950338,-0.909554822492133
beed12b3-f39a-43dc-bee6-721a89c0a937,USD,1683961641,3.1448661310230612
9287b4ea-2911-45b2-8da7-cc3ca70cb118,BTC,1683968457,3.194642079471574
e2b54159-2bf7-4b89-850b-9f1c680b6bbe,EUR,1683973239,0.7549917553328456
d4dcb8fa-5698-4391-a79f-043adda8a220,EUR,1683991436,-7.454325825458545
25382ae7-1c6c-4b32-a120-7717c6f4080a,EUR,1683994589,-8.771830022399143
d83f6123-2f33-402e-9fb1-25a96c6d19f5,XPR,1684008030,1.4684509422654273
75845357-d843-4036-841a-d2e6088b72ce,EUR,1684008425,6.896458797844954
75845357-d843-4036-841a-d2e6088b72ce,BAT,1684012824,0.2412227872182644
3063533e-d3d2-46ca-91f5-6168c95c9835,BTC,1684022624,-7.101077940566675
75845357-d843-4036-841a-d2e6088b72ce,USD,1684046808,-8.971700755539562
3063533e-d3d2-46ca-91f5-6168c95c9835,USD,1684057235,-9.710821275278574
27ad712a-9148-4b34-83ec-8bae3ea4cdbf,EUR,1684082705,-5.235178949390411
75845357-d843-4036-841a-d2e6088b72ce,ETH,1684087425,-2.274759783130298
ec22ff9f-6f33-4055-bc53-7ee7d8b51c05,EUR,1684093541,-2.5130012629600795
9287b4ea-2911-45b2-8da7-cc3ca70cb118,BTC,1684140390,8.313717730408737
a61e005c-af0a-4820-8cd1-8029218fb066,ETH,1684143614,-0.47576957260447905
e2b54159-2bf7-4b89-850b-9f1c680b6bbe,EUR,1684144723,-8.056142218310324
a02bd628-3dc5-46ba-98eb-42abbce82ad3,BTC,1684150878,5.409720211531699
fe3b675f-21d2-4b79-b25f-45150d0e837a,EUR,1684153655,-1.930424614256328
3063533e-d3d2-46ca-91f5-6168c95c9835,EUR,1684155809,-8.4941937609399
fe3b675f-21d2-4b79-b25f-45150d0e837a,BTC,1684173790,-5.2086657845055235
75845357-d843-4036-841a-d2e6088b72ce,ETH,1684182168,0.7611997267469857
fe3b675f-21d2-4b79-b25f-45150d0e837a,ETH,1684191229,-2.99801874079741
75845357-d843-4036-841a-d2e6088b72ce,USD,1684192135,2.530996339354301
75845357-d843-4036-841a-d2e6088b72ce,EUR,1684208766,-0.7744144616944499
335809b4-e5f6-4eeb-872d-539052a9546d,USD,1684211535,-8.267732623357155
f41feb3a-a469-487a-bc9d-59a0dfd89c29,USD,1684216450,2.061838868633627
99c17ee8-9189-4682-8f4d-a3e22a59e12f,EUR,1684220763,8.050600370948594
9287b4ea-2911-45b2-8da7-cc3ca70cb118,USD,1684221643,-9.668134578015533
5fec4264-78eb-43ed-9c3d-33b6e58a8c3f,EUR,1684250687,-5.691579209238662
93becbec-6a43-428a-a1ce-6b096c956ca7,USD,1684257316,-0.6382654891897275
c85a849b-72dd-43a9-9b24-4815240184b4,BTC,1684277466,6.417261087884558
75845357-d843-4036-841a-d2e6088b72ce,USD,1684278267,-5.5464429807878535
75845357-d843-4036-841a-d2e6088b72ce,EUR,1684279528,2.933871672204745
a61e005c-af0a-4820-8cd1-8029218fb066,BAT,1684287393,-0.6339526754294624
beed12b3-f39a-43dc-bee6-721a89c0a937,BTC,1684288603,3.74705006309118
c12908fd-8688-4926-8453-c480b5ecb48a,BTC,1684296666,9.527560184911255
beed12b3-f39a-43dc-bee6-721a89c0a937,USD,1684311308,-4.496722130657787
f1010a49-5aa3-477c-bb16-4d5aebb637c0,ETH,1684318214,0.0454983097440369
3063533e-d3d2-46ca-91f5-6168c95c9835,CAD,1684318608,-3.705988078874891
0615a717-29b9-4c76-826a-ece60a60f3ae,ETH,1684321569,5.3350339005256835
c85a849b-72dd-43a9-9b24-4815240184b4,USD,1684326818,-3.028101309915985
d83f6123-2f33-402e-9fb1-25a96c6d19f5,ETH,1684327334,3.5612839817716697
93becbec-6a43-428a-a1ce-6b096c956ca7,ETH,1684327474,-5.123347326307924
beed12b3-f39a-43dc-bee6-721a89c0a937,BTC,1684331610,0.00967483226755661
75845357-d843-4036-841a-d2e6088b72ce,BAT,1684347876,-9.025510017319053
a61e005c-af0a-4820-8cd1-8029218fb066,BAT,1684371403,-7.533379912031406
a61e005c-af0a-4820-8cd1-8029218fb066,EUR,1684383596,-3.1304188418573027
d94aed09-3f48-4b79-ae7d-a8f2cbf69501,ETH,1684388101,-8.80141473105982
75845357-d843-4036-841a-d2e6088b72ce,ETH,1684394479,-7.63802860256116
fdaa102d-797c-4c57-a793-feb6e3aaff0d,XPR,1684414221,0.8777118523368763
fe3b675f-21d2-4b79-b25f-45150d0e837a,USD,1684421527,-0.3013943857926993
ec22ff9f-6f33-4055-bc53-7ee7d8b51c05,ETH,1684433127,-5.648377895187284
a75ecbba-3eb1-43a0-8c9a-863569911bc3,EUR,1684441418,-9.153788003341521
c5cefec7-2341-4c3e-bee1-cb30fee93bd8,BAT,1684461946,0.6725858163235401
9287b4ea-2911-45b2-8da7-cc3ca70cb118,USD,1684469805,-0.5670540103389108
75845357-d843-4036-841a-d2e6088b72ce,EUR,1684481187,-8.986308501257659
a61e005c-af0a-4820-8cd1-8029218fb066,BTC,1684483267,3.9815198101959997
e2b54159-2bf7-4b89-850b-9f1c680b6bbe,EUR,1684483846,-9.797986635530307
ec22ff9f-6f33-4055-bc53-7ee7d8b51c05,ETH,1684498705,1.8075108805223667
beed12b3-f39a-43dc-bee6-721a89c0a937,USD,1684501416,-8.918417446330613
fe3b675f-21d2-4b79-b25f-45150d0e837a,EUR,1684511974,7.056788254108529
ec22ff9f-6f33-4055-bc53-7ee7d8b51c05,ETH,1684524462,7.011289065712372
5a623012-bb14-4bc5-977a-8d57033a1342,ETH,1684564639,-0.045751051269245835
f41feb3a-a469-487a-bc9d-59a0dfd89c29,USD,1684568098,-5.005715002102447
25382ae7-1c6c-4b32-a120-7717c6f4080a,BTC,1684574137,-0.7986101478405523
a61e005c-af0a-4820-8cd1-8029218fb066,BAT,1684586314,0.4301292550605744
93becbec-6a43-428a-a1ce-6b096c956ca7,BTC,1684598515,5.366378954575016
3caf1a3a-46cf-4c91-b352-9ea9f0c571ec,USD,1684599797,7.5272556477657275
fe3b675f-21d2-4b79-b25f-45150d0e837a,BTC,1684603277,-4.37764724718649
414e4248-1b1e-4a8e-af48-e65d6c6eef6b,USD,1684616219,0.03614496015038604
5dd16e20-7875-458f-bee4-29f27dd61bbd,EUR,1684619601,-1.4870687074648803
f41feb3a-a469-487a-bc9d-59a0dfd89c29,EUR,1684620127,-8.66245740008419
75845357-d843-4036-841a-d2e6088b72ce,EUR,1684635673,-1.7881118985909978
dc45ff15-8e0b-4d6a-ba44-195073e4bd0a,USD,1684673804,7.961072606773044
9287b4ea-2911-45b2-8da7-cc3ca70cb118,BTC,1684690459,-8.439923249248997
9287b4ea-2911-45b2-8da7-cc3ca70cb118,USD,1684698310,-5.483646416781857
9287b4ea-2911-45b2-8da7-cc3ca70cb118,ETH,1684700342,4.176081211962314
93becbec-6a43-428a-a1ce-6b096c956ca7,EUR,1684754506,-1.28884146368328
a61e005c-af0a-4820-8cd1-8029218fb066,EUR,1684774285,-7.6614774986688055
3063533e-d3d2-46ca-91f5-6168c95c9835,BTC,1684776866,-6.77221810260475
a61e005c-af0a-4820-8cd1-8029218fb066,ETH,1684783321,-9.14759041221604
960aed32-ddad-4784-a770-74fc1ff0da8d,BTC,1684797088,2.1040056204552204
f41feb3a-a469-487a-bc9d-59a0dfd89c29,USD,1684798503,0.8256030137305608
fe3b675f-21d2-4b79-b25f-45150d0e837a,BTC,1684801323,0.8495646882884049
3063533e-d3d2-46ca-91f5-6168c95c9835,ETH,1684806386,3.3020230226902587
d216d37c-df5d-4c8d-a79d-8cb1f7dbc0f7,EUR,1684810070,-8.623702560835083
c0ad94db-d257-4e4a-84ca-b9e73442cf78,USD,1684811608,9.150438712180534
93becbec-6a43-428a-a1ce-6b096c956ca7,BTC,1684823220,-9.763913007730466
f41feb3a-a469-487a-bc9d-59a0dfd89c29,USD,1684831818,-8.675610634682133
93becbec-6a43-428a-a1ce-6b096c956ca7,USD,1684832136,-2.5820204082248877
93becbec-6a43-428a-a1ce-6b096c956ca7,ETH,1684843723,-3.290714363320526
93becbec-6a43-428a-a1ce-6b096c956ca7,ETH,1684861726,-0.7791787743324363
fa3e5601-04c5-4918-9c31-0d02d5ed3431,USD,1684868174,-6.920318618839443
beed12b3-f39a-43dc-bee6-721a89c0a937,EUR,1684910773,-3.027332619058516
987eae8b-a10b-4a88-a437-37a982f5acb5,ETH,1684917339,-9.981720069601161
93becbec-6a43-428a-a1ce-6b096c956ca7,USD,1684918061,8.949989025883827
01f5b699-535e-415c-af84-446e5c00385e,USD,1684919573,3.8832517983869064
fe3b675f-21d2-4b79-b25f-45150d0e837a,ETH,1684954769,-9.565593952694883
93becbec-6a43-428a-a1ce-6b096c956ca7,BTC,1684966841,-8.734231692308391
93becbec-6a43-428a-a1ce-6b096c956ca7,EUR,1684971238,-9.49271532097269
bdbeede3-8470-4baf-9f28-8f9e01b935d6,BTC,1684977441,-0.14817733242594677
cc19a596-79eb-4ae6-92a8-6f7ff846355a,BTC,1684981802,-3.518301606105531
d94aed09-3f48-4b79-ae7d-a8f2cbf69501,CAD,1685020032,-2.6076247664480467
beed12b3-f39a-43dc-bee6-721a89c0a937,BTC,1685030709,-3.736498892388065
e84d7bec-86b6-4f13-892c-1970e2d466bc,BTC,1685047985,-1.0591259302205707
197e14d9-700c-4d53-8b6e-f2c45d2bfac9,EUR,1685050693,6.735965782384618
4b2f64c2-d6b2-421b-a6af-685573cd7f56,ETH,1685057022,-1.408740456756835
79b2b699-e758-48a8-bc3b-379fa77bb478,EUR,1685061090,2.365561209212178
93becbec-6a43-428a-a1ce-6b096c956ca7,EUR,1685084502,-1.6518674354699474
93becbec-6a43-428a-a1ce-6b096c956ca7,EUR,1685109098,6.528304630300962
a61e005c-af0a-4820-8cd1-8029218fb066,BAT,1685109173,-3.3577839923509227
beed12b3-f39a-43dc-bee6-721a89c0a937,EUR,1685116182,8.368181025771452
5a623012-bb14-4bc5-977a-8d57033a1342,EUR,1685126714,4.9171099180125495
ec22ff9f-6f33-4055-bc53-7ee7d8b51c05,EUR,1685129573,-4.8360305513058455
75845357-d843-4036-841a-d2e6088b72ce,EUR,1685130235,-8.099179448273171
044ebe23-2980-4172-aa8b-f59e48b07343,USD,1685155657,-8.296790417985074
beed12b3-f39a-43dc-bee6-721a89c0a937,BTC,1685156128,4.930002511223954
beed12b3-f39a-43dc-bee6-721a89c0a937,XPR,1685163052,7.597222145482306
75845357-d843-4036-841a-d2e6088b72ce,USD,1685185221,2.140583925880028
a61e005c-af0a-4820-8cd1-8029218fb066,USD,1685214415,-4.323869181337015
f41feb3a-a469-487a-bc9d-59a0dfd89c29,ETH,1685231261,-6.559885458699628
f41feb3a-a469-487a-bc9d-59a0dfd89c29,EUR,1685241305,8.875571590159183
ec22ff9f-6f33-4055-bc53-7ee7d8b51c05,BTC,1685260000,5.278231586704553
fa3e5601-04c5-4918-9c31-0d02d5ed3431,BTC,1685267983,0.39082069757246884
ec22ff9f-6f33-4055-bc53-7ee7d8b51c05,BTC,1685299387,3.7545349768867293
93becbec-6a43-428a-a1ce-6b096c956ca7,ETH,1685308217,7.518755969379935
fe3b675f-21d2-4b79-b25f-45150d0e837a,BTC,1685312895,-9.73845028513394
9287b4ea-2911-45b2-8da7-cc3ca70cb118,BTC,1685313437,6.865070391042071
cb1a5abb-9cf9-4e37-91ab-83d3959b1277,ETH,1685319682,2.807456924232966
e2b54159-2bf7-4b89-850b-9f1c680b6bbe,ETH,1685327749,-1.0114364790778048
3063533e-d3d2-46ca-91f5-6168c95c9835,BTC,1685330371,-4.374569041773406
f41feb3a-a469-487a-bc9d-59a0dfd89c29,XPR,1685347708,-1.9925050020670199
3063533e-d3d2-46ca-91f5-6168c95c9835,ETH,1685361362,1.989086121706391
25382ae7-1c6c-4b32-a120-7717c6f4080a,ETH,1685372166,3.2345343152778643
3063533e-d3d2-46ca-91f5-6168c95c9835,ETH,1685388731,8.157297384386446
9287b4ea-2911-45b2-8da7-cc3ca70cb118,XPR,1685444282,-5.403935745818815
f41feb3a-a469-487a-bc9d-59a0dfd89c29,ETH,1685453139,-4.22237095662682
e2b54159-2bf7-4b89-850b-9f1c680b6bbe,BTC,1685458788,-2.4702735408773897
cb1a5abb-9cf9-4e37-91ab-83d3959b1277,BAT,1685468688,2.660198103917695
c85a849b-72dd-43a9-9b24-4815240184b4,ETH,1685469879,1.8683323164828831
a61e005c-af0a-4820-8cd1-8029218fb066,ETH,1685509918,-5.39400710509674
dc45ff15-8e0b-4d6a-ba44-195073e4bd0a,XPR,1685560320,7.540092802942997
e2b54159-2bf7-4b89-850b-9f1c680b6bbe,BTC,1685569072,3.3005499089278185
0640659b-bfbc-414c-8e89-4c316287a8dd,CAD,1685569320,4.795216543502647
e2b54159-2bf7-4b89-850b-9f1c680b6bbe,EUR,1685573527,-3.1679959971125697
fe3b675f-21d2-4b79-b25f-45150d0e837a,ETH,1685585044,-3.3345952555785434
3063533e-d3d2-46ca-91f5-6168c95c9835,EUR,1685592070,4.03749151914878
ec22ff9f-6f33-4055-bc53-7ee7d8b51c05,BTC,1685596262,6.028860077289174
fe3b675f-21d2-4b79-b25f-45150d0e837a,EUR,1685611180,2.284423000872346
75845357-d843-4036-841a-d2e6088b72ce,EUR,1685627797,-9.710658978810534
3063533e-d3d2-46ca-91f5-6168c95c9835,ETH,1685642652,5.2860627671388
945d4c4d-4281-4ff9-a6fe-de9dfd858f72,EUR,1685643052,-2.4614729054694306
f41feb3a-a469-487a-bc9d-59a0dfd89c29,BTC,1685645645,9.255571618347634
ec22ff9f-6f33-4055-bc53-7ee7d8b51c05,USD,1685669850,-3.48584905378456
a61e005c-af0a-4820-8cd1-8029218fb066,BAT,1685670554,0.7348313238296367
ec22ff9f-6f33-4055-bc53-7ee7d8b51c05,BTC,1685680959,6.173480029410648
93becbec-6a43-428a-a1ce-6b096c956ca7,USD,1685688346,5.533497155973384
ec22ff9f-6f33-4055-bc53-7ee7d8b51c05,USD,1685714562,-3.999983293705962
75845357-d843-4036-841a-d2e6088b72ce,USD,1685719122,5.442785680229669
93becbec-6a43-428a-a1ce-6b096c956ca7,BTC,1685721198,5.772129187237757
9287b4ea-2911-45b2-8da7-cc3ca70cb118,ETH,1685729433,3.009454949687898
75845357-d843-4036-841a-d2e6088b72ce,CAD,1685738721,-4.2137877108674715
d1bfeb51-cf4e-43b4-af30-434bf70a7e5f,USD,1685748781,8.542936214098308
78db312b-071d-41d4-8ed6-d46411f44aa4,ETH,1685768044,-5.107136837382051
93becbec-6a43-428a-a1ce-6b096c956ca7,BTC,1685779245,4.349084811722223
1e6d232e-11f4-4cd6-9eb4-020af5d6a1fb,USD,1685803234,-0.9052717125440566
ec22ff9f-6f33-4055-bc53-7ee7d8b51c05,BTC,1685805150,-1.0891626407795911
beed12b3-f39a-43dc-bee6-721a89c0a937,CAD,1685815597,2.2074273831889286
3063533e-d3d2-46ca-91f5-6168c95c9835,BTC,1685830237,5.798113010051615
beed12b3-f39a-43dc-bee6-721a89c0a937,BTC,1685842665,9.986713365119023
4832c931-325f-4bda-9926-9dfc310ccbad,ETH,1685847524,-5.25680242277252
9287b4ea-2911-45b2-8da7-cc3ca70cb118,ETH,1685874344,-9.667650011162054
a29da963-12ff-433b-9872-cf9533a3f170,USD,1685874504,-3.3665015264550586
4a6f2b89-07cb-4557-b821-5a8ea03d2f71,BTC,1685901719,-9.250168363985837
93becbec-6a43-428a-a1ce-6b096c956ca7,EUR,1685913106,-2.54505444267187
beed12b3-f39a-43dc-bee6-721a89c0a937,EUR,1685932694,2.0176714529351862
f2bd38cb-310b-457e-8cb1-c8b5bb589288,USD,1685986979,4.617983855254355
e84d7bec-86b6-4f13-892c-1970e2d466bc,USD,1685988224,6.690184197646513
3063533e-d3d2-46ca-91f5-6168c95c9835,BTC,1685991418,-0.2787792571065175
3063533e-d3d2-46ca-91f5-6168c95c9835,BTC,1686002782,-2.7813575488029034
ec22ff9f-6f33-4055-bc53-7ee7d8b51c05,USD,1686007953,-9.976543326548937
75845357-d843-4036-841a-d2e6088b72ce,XPR,1686012312,-0.7263315368138166
93becbec-6a43-428a-a1ce-6b096c956ca7,EUR,1686013091,7.015126329080481
934357bf-b14a-4da8-8b0c-ed0c28540389,USD,1686017721,-6.060762921853904
e2b54159-2bf7-4b89-850b-9f1c680b6bbe,EUR,1686030786,0.8704596043909731
fe3b675f-21d2-4b79-b25f-45150d0e837a,BTC,1686030875,-6.584876135890334
987eae8b-a10b-4a88-a437-37a982f5acb5,EUR,1686045446,-6.196086789148585
ec22ff9f-6f33-4055-bc53-7ee7d8b51c05,BTC,1686061987,-8.22684163635339
75845357-d843-4036-841a-d2e6088b72ce,EUR,1686074767,3.276282600311063
9287b4ea-2911-45b2-8da7-cc3ca70cb118,USD,1686100659,1.3810436988474368
a61e005c-af0a-4820-8cd1-8029218fb066,CAD,1686103746,4.022782839606398
fe3b675f-21d2-4b79-b25f-45150d0e837a,ETH,1686108071,5.860054660548785
93becbec-6a43-428a-a1ce-6b096c956ca7,BTC,1686136564,-6.864483586942793
75845357-d843-4036-841a-d2e6088b72ce,BTC,1686147858,9.101380459603764
fe3b675f-21d2-4b79-b25f-45150d0e837a,USD,1686153413,-3.1955322445476515
93becbec-6a43-428a-a1ce-6b096c956ca7,XPR,1686162541,-0.9684429018443819
75845357-d843-4036-841a-d2e6088b72ce,EUR,1686168435,-9.79862379932209
f41feb3a-a469-487a-bc9d-59a0dfd89c29,ETH,1686178084,-9.36378241541724
a61e005c-af0a-4820-8cd1-8029218fb066,USD,1686198860,-3.4864494050196138
fe3b675f-21d2-4b79-b25f-45150d0e837a,EUR,1686199375,-7.17675053162387
e3b2edbd-dff0-40c2-bfa2-20dfa632954e,BTC,1686208850,4.290393135592259
a947e704-dbd7-430b-adf4-7039824b8d63,ETH,1686219688,6.685448167923177
3063533e-d3d2-46ca-91f5-6168c95c9835,BTC,1686219986,4.986542306964449
3633f00d-bf93-44be-9ad2-4c7a0e1e5679,CAD,1686231910,6.56943073586514
ec22ff9f-6f33-4055-bc53-7ee7d8b51c05,BAT,1686235072,-5.819273113962781
beed12b3-f39a-43dc-bee6-721a89c0a937,XPR,1686253919,-8.886735480201635
06864593-c803-470c-a6cc-acbbed53c0cb,USD,1686257782,-1.160672531656875
a61e005c-af0a-4820-8cd1-8029218fb066,ETH,1686266367,0.4984190180898924
e2b54159-2bf7-4b89-850b-9f1c680b6bbe,ETH,1686266881,-5.52687688891031
ec22ff9f-6f33-4055-bc53-7ee7d8b51c05,EUR,1686279122,4.07045291430811
51caadde-8903-4316-8c98-507aedfe306a,USD,1686285331,3.647114976250773
e84d7bec-86b6-4f13-892c-1970e2d466bc,ETH,1686314052,-9.957378217723154
beed12b3-f39a-43dc-bee6-721a89c0a937,USD,1686321955,-1.5174144728012262
fe3b675f-21d2-4b79-b25f-45150d0e837a,ETH,1686322354,2.745976939923393
93becbec-6a43-428a-a1ce-6b096c956ca7,EUR,1686336156,-1.130448225249852
9b889da5-cd5e-4fea-9680-e4aef39193ad,BTC,1686340925,-8.277764405265984
e2b54159-2bf7-4b89-850b-9f1c680b6bbe,USD,1686381423,-5.908711521419658
75845357-d843-4036-841a-d2e6088b72ce,USD,1686394990,-3.2192308418242117
68b37b28-d244-45ab-94c4-21f57bb55a62,USD,1686408042,4.625880601440377
df2392b6-0dd6-4e24-82fb-b0a403615b06,ETH,1686412246,3.872383815085982
3063533e-d3d2-46ca-91f5-6168c95c9835,ETH,1686430701,5.817505001793858
93becbec-6a43-428a-a1ce-6b096c956ca7,ETH,1686432626,8.161926473243891
e84d7bec-86b6-4f13-892c-1970e2d466bc,USD,1686446045,0.7158104734735122
9287b4ea-2911-45b2-8da7-cc3ca70cb118,ETH,1686448774,-4.251060469975105
d4dcb8fa-5698-4391-a79f-043adda8a220,BTC,1686473220,-2.415130729666373
75845357-d843-4036-841a-d2e6088b72ce,ETH,1686476311,-5.55941679825684
75845357-d843-4036-841a-d2e6088b72ce,BAT,1686485508,4.493355146464651
4a6f2b89-07cb-4557-b821-5a8ea03d2f71,ETH,1686485810,2.3968901838816343
e64722ab-ac45-4631-80ac-c45da5ff8c01,ETH,1686496870,5.2258499247792844
9287b4ea-2911-45b2-8da7-cc3ca70cb118,USD,1686517976,2.551010693388182
fe3b675f-21d2-4b79-b25f-45150d0e837a,ETH,1686523391,3.881692088509684
e3b2edbd-dff0-40c2-bfa2-20dfa632954e,BTC,1686537083,-1.578489089275216
d4dcb8fa-5698-4391-a79f-043adda8a220,EUR,1686559515,2.994270503711183
93becbec-6a43-428a-a1ce-6b096c956ca7,EUR,1686569779,8.806006105254944
f41feb3a-a469-487a-bc9d-59a0dfd89c29,USD,1686575857,0.38809544534274387
fe3b675f-21d2-4b79-b25f-45150d0e837a,USD,1686584722,-2.4192727688763016
6e7c8b3b-708e-4d1f-a58d-d904d91152d7,BTC,1686617437,-9.048045103793497
3063533e-d3d2-46ca-91f5-6168c95c9835,EUR,1686617439,0.16159433123657507
75845357-d843-4036-841a-d2e6088b72ce,ETH,1686617809,-9.959278961226381
f41feb3a-a469-487a-bc9d-59a0dfd89c29,XPR,1686631028,2.736949490220603
3063533e-d3d2-46ca-91f5-6168c95c9835,EUR,1686633078,0.7092598510080084
e2b54159-2bf7-4b89-850b-9f1c680b6bbe,ETH,1686645958,1.7358909522065513
a61e005c-af0a-4820-8cd1-8029218fb066,EUR,1686650717,7.030384332088651
fe3b675f-21d2-4b79-b25f-45150d0e837a,EUR,1686654203,-8.447419209230208
c12908fd-8688-4926-8453-c480b5ecb48a,BAT,1686672205,6.019884395710044
e2b54159-2bf7-4b89-850b-9f1c680b6bbe,BTC,1686676565,-4.966191264119358
3063533e-d3d2-46ca-91f5-6168c95c9835,USD,1686682917,-0.885468154737465
e2b54159-2bf7-4b89-850b-9f1c680b6bbe,EUR,1686688298,-9.472816029554567
5b8e58a5-9b9f-4f1b-969f-21dbee72f0bb,ETH,1686695976,-5.891457529673523
5dd16e20-7875-458f-bee4-29f27dd61bbd,BTC,1686710884,-2.0803439317282884
93becbec-6a43-428a-a1ce-6b096c956ca7,EUR,1686717285,-7.815843552317432
ec22ff9f-6f33-4055-bc53-7ee7d8b51c05,BTC,1686720536,-2.225980549822455
beed12b3-f39a-43dc-bee6-721a89c0a937,EUR,1686725783,-2.4284347493343876
75845357-d843-4036-841a-d2e6088b72ce,BTC,1686727753,3.310134060559985
a61e005c-af0a-4820-8cd1-8029218fb066,USD,1686747636,2.748371870382563
beed12b3-f39a-43dc-bee6-721a89c0a937,BTC,1686775716,7.344274791413749
f1010a49-5aa3-477c-bb16-4d5aebb637c0,BTC,1686786073,-6.4597606874922375
dc45ff15-8e0b-4d6a-ba44-195073e4bd0a,BTC,1686799933,-0.5501966835515919
fe3b675f-21d2-4b79-b25f-45150d0e837a,ETH,1686815103,-2.598005128961576
75845357-d843-4036-841a-d2e6088b72ce,BTC,1686829127,-4.807460479063465
55578bf3-84af-4f11-bf24-6be394197c26,ETH,1686902740,-1.3363364591396198
1c624660-7fbd-43a5-b791-c997b810db49,USD,1686911484,-7.058297776479576
df2392b6-0dd6-4e24-82fb-b0a403615b06,EUR,1686918705,-5.131788018888292
beed12b3-f39a-43dc-bee6-721a89c0a937,ETH,1686927117,2.730246576611247
79b2b699-e758-48a8-bc3b-379fa77bb478,BTC,1686928096,-7.8451028463705015
c12908fd-8688-4926-8453-c480b5ecb48a,ETH,1686945080,-5.715011880305109
197e14d9-700c-4d53-8b6e-f2c45d2bfac9,BTC,1686954819,-9.927071810688934
93becbec-6a43-428a-a1ce-6b096c956ca7,ETH,1686964897,4.8782104075500285
75845357-d843-4036-841a-d2e6088b72ce,XPR,1686979007,7.57505547089562
a61e005c-af0a-4820-8cd1-8029218fb066,EUR,1686991978,2.742308683817358
fe3b675f-21d2-4b79-b25f-45150d0e837a,EUR,1687005789,-4.023772097160581
9287b4ea-2911-45b2-8da7-cc3ca70cb118,ETH,1687041384,8.628779954484479
c12908fd-8688-4926-8453-c480b5ecb48a,EUR,1687049731,7.95344651825997
f1bc887e-df8c-4d6d-b633-a0432564e31a,BTC,1687050933,-4.979256965250167
25382ae7-1c6c-4b32-a120-7717c6f4080a,BTC,1687080878,7.804949333108485
3063533e-d3d2-46ca-91f5-6168c95c9835,XPR,1687081403,-1.800703756488451
beed12b3-f39a-43dc-bee6-721a89c0a937,BTC,1687092638,-3.214355538010823
f41feb3a-a469-487a-bc9d-59a0dfd89c29,USD,1687100478,1.4607246974306243
a61e005c-af0a-4820-8cd1-8029218fb066,EUR,1687115116,-2.8652385981851047
5b8e58a5-9b9f-4f1b-969f-21dbee72f0bb,ETH,1687123339,0.4483870550220139
51caadde-8903-4316-8c98-507aedfe306a,USD,1687126489,-4.473266100196036
ec22ff9f-6f33-4055-bc53-7ee7d8b51c05,EUR,1687128725,6.169457824319618
ec22ff9f-6f33-4055-bc53-7ee7d8b51c05,USD,1687133345,7.856016726593328
93becbec-6a43-428a-a1ce-6b096c956ca7,EUR,1687149652,-7.070729274030512
7e26da7f-3fe1-4790-a9bf-147bf2a852ec,EUR,1687151159,0.23484173839938727
ec22ff9f-6f33-4055-bc53-7ee7d8b51c05,ETH,1687152603,4.3936598766669
93becbec-6a43-428a-a1ce-6b096c956ca7,ETH,1687189679,7.199778794050996
9287b4ea-2911-45b2-8da7-cc3ca70cb118,USD,1687198711,9.985359490533234
beed12b3-f39a-43dc-bee6-721a89c0a937,ETH,1687217086,1.1128893821073085
f8259c81-0d30-436b-bb3e-156cc731e641,BTC,1687224244,-4.674264759686699
e2b54159-2bf7-4b89-850b-9f1c680b6bbe,CAD,1687285920,-6.596464663629728
f2bd38cb-310b-457e-8cb1-c8b5bb589288,EUR,1687286804,2.8981489205253332
beed12b3-f39a-43dc-bee6-721a89c0a937,EUR,1687303771,3.573901745292689
dc45ff15-8e0b-4d6a-ba44-195073e4bd0a,BTC,1687303914,4.873079634469999
ec22ff9f-6f33-4055-bc53-7ee7d8b51c05,ETH,1687306596,-2.5478064593057637
d137f350-8287-42e4-99aa-cd56cb77aa8f,BTC,1687314676,8.649502576051187
a61e005c-af0a-4820-8cd1-8029218fb066,USD,1687335571,-7.802033992534962
78db312b-071d-41d4-8ed6-d46411f44aa4,BTC,1687353671,9.464016827950871
5b1caf3b-c40b-419f-b819-86b258ae3a18,BTC,1687363755,4.15453252765354
68b37b28-d244-45ab-94c4-21f57bb55a62,ETH,1687380030,-9.943369151951266
93becbec-6a43-428a-a1ce-6b096c956ca7,BTC,1687380242,-7.709423444195789
e2b54159-2bf7-4b89-850b-9f1c680b6bbe,ETH,1687411739,-5.262092351600476
55578bf3-84af-4f11-bf24-6be394197c26,BAT,1687415554,-4.201297366203754
ec22ff9f-6f33-4055-bc53-7ee7d8b51c05,USD,1687425406,-7.917228527159272
93becbec-6a43-428a-a1ce-6b096c956ca7,USD,1687425575,0.8566026764805397
fe3b675f-21d2-4b79-b25f-45150d0e837a,EUR,1687432025,7.260508405249656
1c624660-7fbd-43a5-b791-c997b810db49,ETH,1687440151,5.173548086427875
e2b54159-2bf7-4b89-850b-9f1c680b6bbe,BTC,1687457119,-3.7183782788161874
93becbec-6a43-428a-a1ce-6b096c956ca7,EUR,1687457579,-4.647932578162212
f41feb3a-a469-487a-bc9d-59a0dfd89c29,ETH,1687474500,4.880410180822514
e2b54159-2bf7-4b89-850b-9f1c680b6bbe,EUR,1687513957,-3.9505495711881222
f41feb3a-a469-487a-bc9d-59a0dfd89c29,EUR,1687515282,-1.4631080722454985
f41feb3a-a469-487a-bc9d-59a0dfd89c29,BTC,1687517571,-3.635182141931555
7c615c0c-a984-410a-bbe4-7f9b06d717f8,EUR,1687530344,-1.4275915719618517
9287b4ea-2911-45b2-8da7-cc3ca70cb118,ETH,1687540430,-9.208525981755386
e2b54159-2bf7-4b89-850b-9f1c680b6bbe,BTC,1687564952,7.781132324085487
fe3b675f-21d2-4b79-b25f-45150d0e837a,EUR,1687585875,-8.518728739253408
75845357-d843-4036-841a-d2e6088b72ce,EUR,1687609366,1.3723462518635579
ec22ff9f-6f33-4055-bc53-7ee7d8b51c05,ETH,1687628254,2.145303156373428
cb1a5abb-9cf9-4e37-91ab-83d3959b1277,BTC,1687637249,-3.95315839414351
75845357-d843-4036-841a-d2e6088b72ce,BTC,1687637858,9.771519707772104
c98bc1a8-6926-4a59-83c9-09de99a905b4,ETH,1687653066,-5.530486374429939
9287b4ea-2911-45b2-8da7-cc3ca70cb118,USD,1687657495,9.053463771000164
ec22ff9f-6f33-4055-bc53-7ee7d8b51c05,ETH,1687709735,-0.16729552850905272
9287b4ea-2911-45b2-8da7-cc3ca70cb118,ETH,1687717257,1.5851060492491378
f89443b9-1dfe-427e-b718-8846f977bf51,USD,1687718981,-7.133091296767531
9287b4ea-2911-45b2-8da7-cc3ca70cb118,EUR,1687721650,3.9953924281325683
38a23cc5-363b-43c7-ba39-5daa13ed4e2b,ETH,1687732134,5.57720760930467
9287b4ea-2911-45b2-8da7-cc3ca70cb118,USD,1687737956,-1.4551801461128946
beed12b3-f39a-43dc-bee6-721a89c0a937,EUR,1687751819,-3.3392168588812066
f41feb3a-a469-487a-bc9d-59a0dfd89c29,USD,1687764265,1.319142534895171
3063533e-d3d2-46ca-91f5-6168c95c9835,EUR,1687766960,2.982975691876975
beed12b3-f39a-43dc-bee6-721a89c0a937,EUR,1687768194,-8.008139710062785
75845357-d843-4036-841a-d2e6088b72ce,ETH,1687775854,9.5913788004252
d83f6123-2f33-402e-9fb1-25a96c6d19f5,EUR,1687783996,4.73179281069768
beed12b3-f39a-43dc-bee6-721a89c0a937,USD,1687784739,-1.6977281844612673
f41feb3a-a469-487a-bc9d-59a0dfd89c29,ETH,1687789971,4.775371402445948
fe3b675f-21d2-4b79-b25f-45150d0e837a,USD,1687792387,-6.495284059994717
9287b4ea-2911-45b2-8da7-cc3ca70cb118,ETH,1687816576,-0.961499416901372
fe3b675f-21d2-4b79-b25f-45150d0e837a,ETH,1687840028,0.908672716657664
f41feb3a-a469-487a-bc9d-59a0dfd89c29,BTC,1687843965,9.932918184986367
f2bd38cb-310b-457e-8cb1-c8b5bb589288,ETH,1687858713,-4.816838340200695
ec22ff9f-6f33-4055-bc53-7ee7d8b51c05,BTC,1687878408,1.5385779199973868
beed12b3-f39a-43dc-bee6-721a89c0a937,EUR,1687889656,1.450634529293378
fe3b675f-21d2-4b79-b25f-45150d0e837a,USD,1687893659,-6.947997542577465
9287b4ea-2911-45b2-8da7-cc3ca70cb118,XPR,1687912259,8.642679727530432
f41feb3a-a469-487a-bc9d-59a0dfd89c29,ETH,1687925869,1.6351198993213583
93becbec-6a43-428a-a1ce-6b096c956ca7,BAT,1687934898,5.916784970321199
9287b4ea-2911-45b2-8da7-cc3ca70cb118,EUR,1687942468,-3.083452359344145
ec22ff9f-6f33-4055-bc53-7ee7d8b51c05,USD,1687947019,7.663081874345195
414e4248-1b1e-4a8e-af48-e65d6c6eef6b,EUR,1687963761,-4.009241638432128
3063533e-d3d2-46ca-91f5-6168c95c9835,BTC,1687971173,-0.12318364354456435
9287b4ea-2911-45b2-8da7-cc3ca70cb118,USD,1687978317,-2.5591645581598588
5d47c0f3-920d-49f5-b9b3-5afeca5ece24,ETH,1687982146,-2.639990896671578
9287b4ea-2911-45b2-8da7-cc3ca70cb118,USD,1687984378,-0.5670005567964793
9287b4ea-2911-45b2-8da7-cc3ca70cb118,EUR,1687990060,-0.36678794271083603
fe3b675f-21d2-4b79-b25f-45150d0e837a,USD,1687990566,-0.26934735831604506
987eae8b-a10b-4a88-a437-37a982f5acb5,ETH,1687994384,4.183262279762692
f41feb3a-a469-487a-bc9d-59a0dfd89c29,EUR,1687994770,0.43473428935723035
d216d37c-df5d-4c8d-a79d-8cb1f7dbc0f7,EUR,1688005912,-0.045882254353998064
4760ba51-fb20-47c1-8751-abd21264713a,EUR,1688006128,2.1726435155330375
fe3b675f-21d2-4b79-b25f-45150d0e837a,BTC,1688006560,5.751584314584084
1c624660-7fbd-43a5-b791-c997b810db49,EUR,1688010414,-4.4063482015019755
93becbec-6a43-428a-a1ce-6b096c956ca7,EUR,1688010549,-3.8882723387782487
fe3b675f-21d2-4b79-b25f-45150d0e837a,ETH,1688014383,-0.03738027849835568
93becbec-6a43-428a-a1ce-6b096c956ca7,USD,1688031018,-8.855343397895862
3063533e-d3d2-46ca-91f5-6168c95c9835,USD,1688031177,4.010991167745242
89e5edba-3eef-4514-856a-287526ae50fa,CAD,1688035950,-9.617484418444187
3063533e-d3d2-46ca-91f5-6168c95c9835,EUR,1688041189,-7.294287426995927
3063533e-d3d2-46ca-91f5-6168c95c9835,EUR,1688047636,9.279584287145152
e2b54159-2bf7-4b89-850b-9f1c680b6bbe,BTC,1688061560,-7.459814745816327
4760ba51-fb20-47c1-8751-abd21264713a,ETH,1688065060,-7.897116231549104
e2b54159-2bf7-4b89-850b-9f1c680b6bbe,BTC,1688067217,2.499583045386675
beed12b3-f39a-43dc-bee6-721a89c0a937,BAT,1688067351,8.276218860835826
beed12b3-f39a-43dc-bee6-721a89c0a937,ETH,1688123989,5.740289873826828
d137f350-8287-42e4-99aa-cd56cb77aa8f,BTC,1688125971,-3.70262612711187
ec22ff9f-6f33-4055-bc53-7ee7d8b51c05,BTC,1688136673,-0.6573947831572831
d4dcb8fa-5698-4391-a79f-043adda8a220,EUR,1688168043,4.243805453211465
beed12b3-f39a-43dc-bee6-721a89c0a937,BTC,1688169541,5.654707770365357
75845357-d843-4036-841a-d2e6088b72ce,EUR,1688201574,6.740687893298777
044ebe23-2980-4172-aa8b-f59e48b07343,USD,1688218902,-7.398641059177917
fe2f78e2-7054-4eba-ad62-6c2164a7e3e3,ETH,1688221955,-0.34785879902791805
c12908fd-8688-4926-8453-c480b5ecb48a,ETH,1688226261,-5.987301984725124
beed12b3-f39a-43dc-bee6-721a89c0a937,BAT,1688247492,6.769570321360398
e2b54159-2bf7-4b89-850b-9f1c680b6bbe,BTC,1688283313,5.117152640083473
93becbec-6a43-428a-a1ce-6b096c956ca7,BTC,1688287912,2.6357346418684067
335809b4-e5f6-4eeb-872d-539052a9546d,EUR,1688290596,0.6522416402431386
f41feb3a-a469-487a-bc9d-59a0dfd89c29,BTC,1688299527,-9.456172191603947
93becbec-6a43-428a-a1ce-6b096c956ca7,EUR,1688300334,4.653532055076406
3063533e-d3d2-46ca-91f5-6168c95c9835,USD,1688308526,2.520053896567102
beed12b3-f39a-43dc-bee6-721a89c0a937,ETH,1688316143,6.202401962579021
a61e005c-af0a-4820-8cd1-8029218fb066,BTC,1688333756,3.0976103529593697
f1010a49-5aa3-477c-bb16-4d5aebb637c0,ETH,1688334271,3.8107595802514123
e2b54159-2bf7-4b89-850b-9f1c680b6bbe,EUR,1688337316,-0.7962714061190042
beed12b3-f39a-43dc-bee6-721a89c0a937,CAD,1688357143,9.375317130857542
cb1a5abb-9cf9-4e37-91ab-83d3959b1277,USD,1688362814,-4.412831484123587
ec22ff9f-6f33-4055-bc53-7ee7d8b51c05,ETH,1688372315,-0.7702156620829399
3063533e-d3d2-46ca-91f5-6168c95c9835,BTC,1688393722,0.5162523119924884
75845357-d843-4036-841a-d2e6088b72ce,BAT,1688425582,2.0032856058445976
e2b54159-2bf7-4b89-850b-9f1c680b6bbe,BTC,1688462200,1.4593738480126426
a61e005c-af0a-4820-8cd1-8029218fb066,USD,1688478597,-7.89309169178503
c2e51592-d482-4909-892e-01b0a8a0d423,BAT,1688479107,-7.017378979470537
a61e005c-af0a-4820-8cd1-8029218fb066,USD,1688484008,-8.733015091013387
38a23cc5-363b-43c7-ba39-5daa13ed4e2b,ETH,1688488188,1.1151888653328896
3063533e-d3d2-46ca-91f5-6168c95c9835,USD,1688488956,-2.4431429064432724
fe3b675f-21d2-4b79-b25f-45150d0e837a,ETH,1688502736,1.656358394440737
fe3b675f-21d2-4b79-b25f-45150d0e837a,EUR,1688507849,-7.938569811002425
ec22ff9f-6f33-4055-bc53-7ee7d8b51c05,EUR,1688529438,-8.222037736482616
9b2e8458-726f-42d9-97cb-5e66de168da5,BAT,1688529763,8.773273997009277
93becbec-6a43-428a-a1ce-6b096c956ca7,EUR,1688542163,-9.991801090798463
beed12b3-f39a-43dc-bee6-721a89c0a937,EUR,1688548664,9.529425789946217
f41feb3a-a469-487a-bc9d-59a0dfd89c29,EUR,1688553059,-2.4935991100724575
beed12b3-f39a-43dc-bee6-721a89c0a937,BTC,1688582200,4.583188228304682
197e14d9-700c-4d53-8b6e-f2c45d2bfac9,BTC,1688589593,1.9848656152392437
fe3b675f-21d2-4b79-b25f-45150d0e837a,ETH,1688601189,8.279342530025502
75845357-d843-4036-841a-d2e6088b72ce,ETH,1688616264,-7.097805509790048
93becbec-6a43-428a-a1ce-6b096c956ca7,ETH,1688622701,5.278467931766462
fe3b675f-21d2-4b79-b25f-45150d0e837a,USD,1688642182,-7.853119031864344
79b2b699-e758-48a8-bc3b-379fa77bb478,EUR,1688679164,-7.599957406430531
414e4248-1b1e-4a8e-af48-e65d6c6eef6b,ETH,1688706107,-6.255226413235009
3063533e-d3d2-46ca-91f5-6168c95c9835,USD,1688714427,1.3952645389205038
3063533e-d3d2-46ca-91f5-6168c95c9835,XPR,1688720309,-3.894098566586994
197e14d9-700c-4d53-8b6e-f2c45d2bfac9,USD,1688721850,-4.704132402453213
f41feb3a-a469-487a-bc9d-59a0dfd89c29,ETH,1688734916,-6.7167491088742315
beed12b3-f39a-43dc-bee6-721a89c0a937,EUR,1688743581,-1.6896806991877948
75845357-d843-4036-841a-d2e6088b72ce,ETH,1688752871,0.7376112093874205
d216d37c-df5d-4c8d-a79d-8cb1f7dbc0f7,CAD,1688758506,-1.98123065556128
75845357-d843-4036-841a-d2e6088b72ce,USD,1688775005,8.761592160217898
a61e005c-af0a-4820-8cd1-8029218fb066,EUR,1688776150,-5.923169692344321
75845357-d843-4036-841a-d2e6088b72ce,USD,1688788666,1.5764290785672799
f41feb3a-a469-487a-bc9d-59a0dfd89c29,EUR,1688804371,-0.5770632618136506
75845357-d843-4036-841a-d2e6088b72ce,EUR,1688806992,-7.07353075002827
5fec4264-78eb-43ed-9c3d-33b6e58a8c3f,ETH,1688818524,0.04155670247133436
beed12b3-f39a-43dc-bee6-721a89c0a937,XPR,1688823350,8.127255298145485
3063533e-d3d2-46ca-91f5-6168c95c9835,ETH,1688837033,3.332730331657082
5dd16e20-7875-458f-bee4-29f27dd61bbd,ETH,1688864622,-5.17376826140191
a61e005c-af0a-4820-8cd1-8029218fb066,BTC,1688882199,-4.823758217158249
3063533e-d3d2-46ca-91f5-6168c95c9835,USD,1688903824,3.039612642389768
93becbec-6a43-428a-a1ce-6b096c956ca7,BTC,1688932538,3.2622124970330457
06864593-c803-470c-a6cc-acbbed53c0cb,USD,1688942365,-6.392382574492224
93becbec-6a43-428a-a1ce-6b096c956ca7,USD,1688942961,1.5325942484266832
e2b54159-2bf7-4b89-850b-9f1c680b6bbe,BAT,1688961517,-1.367531172299401
e2b54159-2bf7-4b89-850b-9f1c680b6bbe,USD,1688962504,7.78985473184186
a61e005c-af0a-4820-8cd1-8029218fb066,USD,1688972281,-1.4985226739730688
93becbec-6a43-428a-a1ce-6b096c956ca7,EUR,1688982695,-4.798494728488869
d83f6123-2f33-402e-9fb1-25a96c6d19f5,USD,1688983086,-2.7148122676924284
a61e005c-af0a-4820-8cd1-8029218fb066,BTC,1688987704,9.16892498794136
a61e005c-af0a-4820-8cd1-8029218fb066,BTC,1689005600,-9.788630514888029
e2b54159-2bf7-4b89-850b-9f1c680b6bbe,BTC,1689008987,-6.732998656826281
beed12b3-f39a-43dc-bee6-721a89c0a937,ETH,1689013686,-2.8350895766034068
9287b4ea-2911-45b2-8da7-cc3ca70cb118,ETH,1689015363,-0.33150879477085127
bdbeede3-8470-4baf-9f28-8f9e01b935d6,XPR,1689015558,7.688026214247724
93becbec-6a43-428a-a1ce-6b096c956ca7,USD,1689035677,8.811670974471394
beed12b3-f39a-43dc-bee6-721a89c0a937,USD,1689042071,5.359032635017737
3063533e-d3d2-46ca-91f5-6168c95c9835,USD,1689068867,7.085985588988418
4a6f2b89-07cb-4557-b821-5a8ea03d2f71,ETH,1689085279,0.9333998137378288
beed12b3-f39a-43dc-bee6-721a89c0a937,EUR,1689088106,-6.944038580098977
ab77e7b3-19cf-4680-a47f-28b90448335c,BAT,1689090655,6.441336278311638
c2e51592-d482-4909-892e-01b0a8a0d423,USD,1689091687,-4.082591413058556
ec22ff9f-6f33-4055-bc53-7ee7d8b51c05,USD,1689094882,1.4493155647586775
beed12b3-f39a-43dc-bee6-721a89c0a937,EUR,1689095657,-4.438997055128649
ec22ff9f-6f33-4055-bc53-7ee7d8b51c05,EUR,1689099040,-1.7929066880069904
f41feb3a-a469-487a-bc9d-59a0dfd89c29,XPR,1689105712,-3.2394974208334526
75845357-d843-4036-841a-d2e6088b72ce,EUR,1689108985,8.49964459822932
79b2b699-e758-48a8-bc3b-379fa77bb478,ETH,1689121247,6.49315336552538
3063533e-d3d2-46ca-91f5-6168c95c9835,ETH,1689131461,-3.3398612530834377
a61e005c-af0a-4820-8cd1-8029218fb066,BAT,1689144610,2.203086565872315
f41feb3a-a469-487a-bc9d-59a0dfd89c29,USD,1689148092,8.829312104985892
a947e704-dbd7-430b-adf4-7039824b8d63,EUR,1689148161,9.184525592834248
9b2e8458-726f-42d9-97cb-5e66de168da5,EUR,1689162122,-0.42834400149523155
75845357-d843-4036-841a-d2e6088b72ce,EUR,1689164092,9.818586428508432
75845357-d843-4036-841a-d2e6088b72ce,ETH,1689174919,-1.149260470071848
fe3b675f-21d2-4b79-b25f-45150d0e837a,USD,1689183109,-9.245870886694165
a61e005c-af0a-4820-8cd1-8029218fb066,USD,1689195907,3.985908485573642
992286bf-16a1-43d3-a31d-642222d91603,USD,1689198976,5.302106238280761
75845357-d843-4036-841a-d2e6088b72ce,USD,1689205891,2.4194442162667347
cb1a5abb-9cf9-4e37-91ab-83d3959b1277,USD,1689207459,-1.4490584444251517
beed12b3-f39a-43dc-bee6-721a89c0a937,USD,1689208297,2.3500160389102582
ec22ff9f-6f33-4055-bc53-7ee7d8b51c05,BTC,1689217057,-6.934194357117605
3063533e-d3d2-46ca-91f5-6168c95c9835,USD,1689245058,8.194924915337413
39b1b575-8789-45b1-bf90-16b30832ecc0,ETH,1689279726,1.6130525187849898
a61e005c-af0a-4820-8cd1-8029218fb066,USD,1689319575,8.189899502699046
dc45ff15-8e0b-4d6a-ba44-195073e4bd0a,EUR,1689342085,7.502019841144335
f41feb3a-a469-487a-bc9d-59a0dfd89c29,EUR,1689373414,-3.430719780354048
c98bc1a8-6926-4a59-83c9-09de99a905b4,EUR,1689389395,0.5377334522042219
beed12b3-f39a-43dc-bee6-721a89c0a937,EUR,1689393059,-4.137905572648711
25382ae7-1c6c-4b32-a120-7717c6f4080a,ETH,1689398355,1.9144806434611574
3063533e-d3d2-46ca-91f5-6168c95c9835,USD,1689416330,2.4856893692883446
92934d8d-a4cc-456f-97ca-c77f528c6bda,XPR,1689419393,6.885805195113502
3063533e-d3d2-46ca-91f5-6168c95c9835,USD,1689434925,-8.613548275089144
e2b54159-2bf7-4b89-850b-9f1c680b6bbe,XPR,1689437001,3.8300790401571643
e2b54159-2bf7-4b89-850b-9f1c680b6bbe,BTC,1689462296,8.574381084517757
e2b54159-2bf7-4b89-850b-9f1c680b6bbe,USD,1689470019,3.4881013775823924
f41feb3a-a469-487a-bc9d-59a0dfd89c29,EUR,1689475389,4.64746905223044
38a23cc5-363b-43c7-ba39-5daa13ed4e2b,BTC,1689480683,7.871035052779597
e2b54159-2bf7-4b89-850b-9f1c680b6bbe,ETH,1689490919,-2.9463907721311084
ec22ff9f-6f33-4055-bc53-7ee7d8b51c05,EUR,1689496735,-9.433087018345713
a61e005c-af0a-4820-8cd1-8029218fb066,BTC,1689498043,-9.822606311556754
ec22ff9f-6f33-4055-bc53-7ee7d8b51c05,USD,1689499352,-1.927800900121122
39b1b575-8789-45b1-bf90-16b30832ecc0,USD,1689509812,5.37856405969884
3063533e-d3d2-46ca-91f5-6168c95c9835,XPR,1689517128,-2.5027692645400013
cb1a5abb-9cf9-4e37-91ab-83d3959b1277,EUR,1689523353,3.122496541356128
beed12b3-f39a-43dc-bee6-721a89c0a937,BAT,1689534369,8.72469419656339
3063533e-d3d2-46ca-91f5-6168c95c9835,USD,1689564641,-5.621963629038582
9287b4ea-2911-45b2-8da7-cc3ca70cb118,EUR,1689568505,4.499528606128806
beed12b3-f39a-43dc-bee6-721a89c0a937,EUR,1689578135,-0.37579701307203806
5dd16e20-7875-458f-bee4-29f27dd61bbd,ETH,1689578309,-3.4000549920557432
9287b4ea-2911-45b2-8da7-cc3ca70cb118,EUR,1689581324,-1.523698395096801
fe3b675f-21d2-4b79-b25f-45150d0e837a,USD,1689586672,4.193106094351254
a75ecbba-3eb1-43a0-8c9a-863569911bc3,ETH,1689586861,2.366446052790625
75845357-d843-4036-841a-d2e6088b72ce,USD,1689604315,0.758740691970079
9287b4ea-2911-45b2-8da7-cc3ca70cb118,EUR,1689614722,8.555490475515434
beed12b3-f39a-43dc-bee6-721a89c0a937,USD,1689625935,8.064678525754413
fe2f78e2-7054-4eba-ad62-6c2164a7e3e3,BTC,1689633352,0.29765738575741096
0640659b-bfbc-414c-8e89-4c316287a8dd,ETH,1689637544,-3.883779000227112
beed12b3-f39a-43dc-bee6-721a89c0a937,BTC,1689638608,4.343486093766867
fe3b675f-21d2-4b79-b25f-45150d0e837a,BTC,1689650626,6.3653007006616775
beed12b3-f39a-43dc-bee6-721a89c0a937,XPR,1689655756,-3.601222663524757
e2b54159-2bf7-4b89-850b-9f1c680b6bbe,EUR,1689660641,-3.6040180261500954
4a6f2b89-07cb-4557-b821-5a8ea03d2f71,ETH,1689665784,9.596264187165954
a947e704-dbd7-430b-adf4-7039824b8d63,ETH,1689670304,-6.401622995440235
f1bc887e-df8c-4d6d-b633-a0432564e31a,USD,1689681044,-4.56061131659955
ec22ff9f-6f33-4055-bc53-7ee7d8b51c05,CAD,1689706491,1.61413960176046
f41feb3a-a469-487a-bc9d-59a0dfd89c29,USD,1689716989,3.416722987225249
93becbec-6a43-428a-a1ce-6b096c956ca7,ETH,1689721381,2.7917652067499468
ec22ff9f-6f33-4055-bc53-7ee7d8b51c05,BTC,1689731511,6.283220474747992
9287b4ea-2911-45b2-8da7-cc3ca70cb118,ETH,1689738541,-0.3966725620983258
e2b54159-2bf7-4b89-850b-9f1c680b6bbe,BTC,1689741959,0.7647930271340737
25382ae7-1c6c-4b32-a120-7717c6f4080a,BTC,1689757843,0.6036738369726962
ab77e7b3-19cf-4680-a47f-28b90448335c,ETH,1689773756,-3.4357466495568856
ec22ff9f-6f33-4055-bc53-7ee7d8b51c05,ETH,1689784173,-6.165722329893947
a29da963-12ff-433b-9872-cf9533a3f170,BTC,1689793418,7.003079275718971
93becbec-6a43-428a-a1ce-6b096c956ca7,USD,1689798121,-6.9874346290463585
fe3b675f-21d2-4b79-b25f-45150d0e837a,BTC,1689798543,6.0417959457247825
fe3b675f-21d2-4b79-b25f-45150d0e837a,EUR,1689799562,5.213094155990177
fe3b675f-21d2-4b79-b25f-45150d0e837a,USD,1689815579,-1.9296263810744918
3063533e-d3d2-46ca-91f5-6168c95c9835,CAD,1689821385,-4.5321867825290285
ec22ff9f-6f33-4055-bc53-7ee7d8b51c05,CAD,1689826962,-6.987324833485293
ec22ff9f-6f33-4055-bc53-7ee7d8b51c05,EUR,1689832908,2.306785758148308
fe3b675f-21d2-4b79-b25f-45150d0e837a,ETH,1689835358,9.938672945429033
5b1caf3b-c40b-419f-b819-86b258ae3a18,ETH,1689844972,-7.975568810651723
f41feb3a-a469-487a-bc9d-59a0dfd89c29,BTC,1689845667,9.415233991325337
9287b4ea-2911-45b2-8da7-cc3ca70cb118,EUR,1689849586,1.903034372152879
a61e005c-af0a-4820-8cd1-8029218fb066,ETH,1689859209,-3.2702395986606447
fe3b675f-21d2-4b79-b25f-45150d0e837a,BTC,1689861343,-3.1342599921621854
b8599949-2ffc-44c4-bc46-2e596e131c17,ETH,1689874358,3.065588330801676
93becbec-6a43-428a-a1ce-6b096c956ca7,BAT,1689897762,-1.5241212116441094
75845357-d843-4036-841a-d2e6088b72ce,ETH,1689902439,9.739262698494215
f41feb3a-a469-487a-bc9d-59a0dfd89c29,ETH,1689911757,-4.447643641737544
beed12b3-f39a-43dc-bee6-721a89c0a937,CAD,1689927560,-2.133207065604765
beed12b3-f39a-43dc-bee6-721a89c0a937,USD,1689932730,-2.4340524452048236
945d4c4d-4281-4ff9-a6fe-de9dfd858f72,EUR,1689965937,-0.8331328034897432
a61e005c-af0a-4820-8cd1-8029218fb066,BTC,1689968577,1.7226384154692234
f41feb3a-a469-487a-bc9d-59a0dfd89c29,USD,1689975411,-7.242729047111158
335809b4-e5f6-4eeb-872d-539052a9546d,BTC,1689980354,-1.9724853100027708
75845357-d843-4036-841a-d2e6088b72ce,USD,1689989648,-7.4683843034675395
ec22ff9f-6f33-4055-bc53-7ee7d8b51c05,ETH,1690002415,-1.7838877936034958
e2b54159-2bf7-4b89-850b-9f1c680b6bbe,EUR,1690013031,-4.603000556034114
992286bf-16a1-43d3-a31d-642222d91603,BTC,1690019192,1.6241451804324125
fe3b675f-21d2-4b79-b25f-45150d0e837a,BTC,1690032918,1.2500096883311862
ec22ff9f-6f33-4055-bc53-7ee7d8b51c05,USD,1690057421,-0.04852661712891759
fe3b675f-21d2-4b79-b25f-45150d0e837a,USD,1690090277,-8.528920495419934
9287b4ea-2911-45b2-8da7-cc3ca70cb118,USD,1690094979,-0.045729754111221155
beed12b3-f39a-43dc-bee6-721a89c0a937,BTC,1690097194,5.519335078467032
f41feb3a-a469-487a-bc9d-59a0dfd89c29,USD,1690117027,-9.617870899158138
ec22ff9f-6f33-4055-bc53-7ee7d8b51c05,USD,1690147661,2.926048704419946
c12908fd-8688-4926-8453-c480b5ecb48a,BAT,1690148961,-1.2811379319278515
e2b54159-2bf7-4b89-850b-9f1c680b6bbe,BAT,1690161863,3.7015234714455723
93becbec-6a43-428a-a1ce-6b096c956ca7,ETH,1690165878,-0.6350243708937047
c85a849b-72dd-43a9-9b24-4815240184b4,EUR,1690166141,-5.152835246104623
3063533e-d3d2-46ca-91f5-6168c95c9835,BTC,1690168382,4.686256747484624
beed12b3-f39a-43dc-bee6-721a89c0a937,ETH,1690175128,-5.868949357951728
93becbec-6a43-428a-a1ce-6b096c956ca7,USD,1690197247,-3.411601101324619
75845357-d843-4036-841a-d2e6088b72ce,EUR,1690200211,1.5723695693076252
beed12b3-f39a-43dc-bee6-721a89c0a937,EUR,1690213978,0.26963207040358483
5b8e58a5-9b9f-4f1b-969f-21dbee72f0bb,BAT,1690219992,4.198715639412615
e2b54159-2bf7-4b89-850b-9f1c680b6bbe,CAD,1690228068,4.19248711096013
f41feb3a-a469-487a-bc9d-59a0dfd89c29,BTC,1690241528,-9.143148631429812
fe2f78e2-7054-4eba-ad62-6c2164a7e3e3,BTC,1690246856,-0.8344332407803794
960aed32-ddad-4784-a770-74fc1ff0da8d,EUR,1690249294,-1.4785580277507453
3063533e-d3d2-46ca-91f5-6168c95c9835,USD,1690254118,9.604895971337292
beed12b3-f39a-43dc-bee6-721a89c0a937,ETH,1690256251,3.966907645291373
9287b4ea-2911-45b2-8da7-cc3ca70cb118,EUR,1690258589,-6.94570286041248
ec22ff9f-6f33-4055-bc53-7ee7d8b51c05,USD,1690264490,6.330132002353793
beed12b3-f39a-43dc-bee6-721a89c0a937,ETH,1690275225,-6.363912143301988
5b1caf3b-c40b-419f-b819-86b258ae3a18,EUR,1690277085,2.5205263756982976
5fec4264-78eb-43ed-9c3d-33b6e58a8c3f,EUR,1690278793,-8.427783542029783
fe3b675f-21d2-4b79-b25f-45150d0e837a,USD,1690283016,0.738400651765243
ec22ff9f-6f33-4055-bc53-7ee7d8b51c05,EUR,1690294204,-4.560343453314273
f8259c81-0d30-436b-bb3e-156cc731e641,EUR,1690294497,-3.0564479823177804
e2b54159-2bf7-4b89-850b-9f1c680b6bbe,BAT,1690296930,2.7747630158189267
beed12b3-f39a-43dc-bee6-721a89c0a937,EUR,1690356944,-9.641822908127741
197e14d9-700c-4d53-8b6e-f2c45d2bfac9,ETH,1690358967,6.758314456919024
93becbec-6a43-428a-a1ce-6b096c956ca7,EUR,1690367732,8.254930528952425
9287b4ea-2911-45b2-8da7-cc3ca70cb118,EUR,1690383876,-7.471931466683756
f41feb3a-a469-487a-bc9d-59a0dfd89c29,USD,1690386899,3.374036924174151
99c17ee8-9189-4682-8f4d-a3e22a59e12f,BAT,1690426952,4.262121071142591
f30a7fba-468c-4b04-aac4-8cf836652573,USD,1690447129,1.510024934487868
6044e2ef-8425-487c-b8bf-b88a87cc43f9,USD,1690453759,-3.684461040169049
ec22ff9f-6f33-4055-bc53-7ee7d8b51c05,BTC,1690500003,4.125924519953479
a61e005c-af0a-4820-8cd1-8029218fb066,USD,1690501251,-1.905528581744388
3063533e-d3d2-46ca-91f5-6168c95c9835,BTC,1690510217,-6.8747810772336955
fa3e5601-04c5-4918-9c31-0d02d5ed3431,BTC,1690520428,-9.924666339248775
75845357-d843-4036-841a-d2e6088b72ce,EUR,1690524273,2.2041869705987978
39b1b575-8789-45b1-bf90-16b30832ecc0,XPR,1690526335,1.5470059511463
93becbec-6a43-428a-a1ce-6b096c956ca7,EUR,1690529038,-8.968059963867132
f41feb3a-a469-487a-bc9d-59a0dfd89c29,BTC,1690553236,-5.964851257542454
3063533e-d3d2-46ca-91f5-6168c95c9835,EUR,1690555025,7.853278825502912
f41feb3a-a469-487a-bc9d-59a0dfd89c29,BTC,1690565842,7.233310748159795
f41feb3a-a469-487a-bc9d-59a0dfd89c29,CAD,1690598823,-9.108110359850507
f41feb3a-a469-487a-bc9d-59a0dfd89c29,USD,1690611907,-0.3327171034671004
a61e005c-af0a-4820-8cd1-8029218fb066,EUR,1690621059,1.6873495136329186
75845357-d843-4036-841a-d2e6088b72ce,BTC,1690621338,9.551948369483455
e2b54159-2bf7-4b89-850b-9f1c680b6bbe,USD,1690640473,3.2989895608885504
fe3b675f-21d2-4b79-b25f-45150d0e837a,EUR,1690649665,-2.6721204399865055
93becbec-6a43-428a-a1ce-6b096c956ca7,BAT,1690655231,8.414496509506833
9287b4ea-2911-45b2-8da7-cc3ca70cb118,EUR,1690669985,-0.7490731241330746
93becbec-6a43-428a-a1ce-6b096c956ca7,BTC,1690677904,-8.978291693816423
197e14d9-700c-4d53-8b6e-f2c45d2bfac9,USD,1690696716,-3.933143837536182
75845357-d843-4036-841a-d2e6088b72ce,BTC,1690696808,-0.424489239680252
ec22ff9f-6f33-4055-bc53-7ee7d8b51c05,BTC,1690697146,1.5880073684307199
dc45ff15-8e0b-4d6a-ba44-195073e4bd0a,BTC,1690710284,-3.6116517922638636
a61e005c-af0a-4820-8cd1-8029218fb066,BTC,1690730904,-3.9133374995723003
ec22ff9f-6f33-4055-bc53-7ee7d8b51c05,BTC,1690750471,-9.945933027447705
ec22ff9f-6f33-4055-bc53-7ee7d8b51c05,BAT,1690752197,-6.453587433915009
e64722ab-ac45-4631-80ac-c45da5ff8c01,BTC,1690754013,-3.251793703208426
ec22ff9f-6f33-4055-bc53-7ee7d8b51c05,BTC,1690754178,-4.5212931236238525
fe3b675f-21d2-4b79-b25f-45150d0e837a,EUR,1690771737,-0.6158884846206654
e64722ab-ac45-4631-80ac-c45da5ff8c01,BTC,1690774676,-6.3114185209686795
7d6a9d9e-25b5-4ce1-b8bd-087f702725cc,ETH,1690776785,-7.829996536929881
f41feb3a-a469-487a-bc9d-59a0dfd89c29,BTC,1690779158,5.858786095641836
f41feb3a-a469-487a-bc9d-59a0dfd89c29,BTC,1690782548,-4.6705895650993305
93becbec-6a43-428a-a1ce-6b096c956ca7,BTC,1690787361,-1.0291182786307722
beed12b3-f39a-43dc-bee6-721a89c0a937,EUR,1690788747,3.0804051005825634
c12908fd-8688-4926-8453-c480b5ecb48a,USD,1690789434,-6.7176680093249
beed12b3-f39a-43dc-bee6-721a89c0a937,ETH,1690791511,5.539890757709383
92934d8d-a4cc-456f-97ca-c77f528c6bda,EUR,1690797189,2.0010782578838864
fe3b675f-21d2-4b79-b25f-45150d0e837a,BTC,1690808009,-9.264806855903714
beed12b3-f39a-43dc-bee6-721a89c0a937,BTC,1690820758,0.8039603253378385
beed12b3-f39a-43dc-bee6-721a89c0a937,USD,1690823735,1.4523367873301503
d858e131-0a18-45b3-92a5-77467ce513a5,EUR,1690834691,8.737512626548924
e2b54159-2bf7-4b89-850b-9f1c680b6bbe,BTC,1690836069,6.670959397200782
9287b4ea-2911-45b2-8da7-cc3ca70cb118,EUR,1690838772,-9.140328738519488
ec22ff9f-6f33-4055-bc53-7ee7d8b51c05,EUR,1690844459,-2.594569989321065
7e26da7f-3fe1-4790-a9bf-147bf2a852ec,BTC,1690856078,-2.5799939565956143
9287b4ea-2911-45b2-8da7-cc3ca70cb118,EUR,1690863266,9.2283547186167
7c615c0c-a984-410a-bbe4-7f9b06d717f8,EUR,1690881118,8.93874623982419
a29da963-12ff-433b-9872-cf9533a3f170,CAD,1690881883,-1.9050672122523142
9287b4ea-2911-45b2-8da7-cc3ca70cb118,USD,1690890969,-9.158988674827125
197e14d9-700c-4d53-8b6e-f2c45d2bfac9,XPR,1690897553,-3.216942838489352
93becbec-6a43-428a-a1ce-6b096c956ca7,ETH,1690900789,8.29503611261391
3063533e-d3d2-46ca-91f5-6168c95c9835,ETH,1690904627,7.472260383572188
9287b4ea-2911-45b2-8da7-cc3ca70cb118,BTC,1690924227,-4.746372915715959
beed12b3-f39a-43dc-bee6-721a89c0a937,EUR,1690930376,-1.5181335169185353
b8599949-2ffc-44c4-bc46-2e596e131c17,XPR,1690939233,7.3872179201696255
99c17ee8-9189-4682-8f4d-a3e22a59e12f,USD,1690942863,-3.430154510976175
5b1caf3b-c40b-419f-b819-86b258ae3a18,USD,1690956782,-0.1517051958325606
6044e2ef-8425-487c-b8bf-b88a87cc43f9,EUR,1690964839,-9.85403384788823
beed12b3-f39a-43dc-bee6-721a89c0a937,BTC,1690988257,7.793727857479929
e2b54159-2bf7-4b89-850b-9f1c680b6bbe,BTC,1691008349,7.738792725333383
93becbec-6a43-428a-a1ce-6b096c956ca7,BTC,1691040070,5.64649837786256
e2b54159-2bf7-4b89-850b-9f1c680b6bbe,EUR,1691048522,8.418168790749622
ec22ff9f-6f33-4055-bc53-7ee7d8b51c05,CAD,1691062179,-8.942127922706911
f41feb3a-a469-487a-bc9d-59a0dfd89c29,BTC,1691069935,4.161630403918464
044ebe23-2980-4172-aa8b-f59e48b07343,EUR,1691078062,-2.809850813390211
93becbec-6a43-428a-a1ce-6b096c956ca7,USD,1691084687,-1.2261821730678122
25382ae7-1c6c-4b32-a120-7717c6f4080a,USD,1691098873,-2.3672426244677247
4b2f64c2-d6b2-421b-a6af-685573cd7f56,EUR,1691120636,2.5750971974166568
9287b4ea-2911-45b2-8da7-cc3ca70cb118,EUR,1691143826,-2.580728534524268
ec22ff9f-6f33-4055-bc53-7ee7d8b51c05,USD,1691156765,-3.158427658947325
beed12b3-f39a-43dc-bee6-721a89c0a937,USD,1691157008,-6.053688862052438
3063533e-d3d2-46ca-91f5-6168c95c9835,EUR,1691159448,-0.12667248488263994
d4dcb8fa-5698-4391-a79f-043adda8a220,ETH,1691177050,-6.619224989818533
ab77e7b3-19cf-4680-a47f-28b90448335c,USD,1691194695,-7.639732460019555
e2b54159-2bf7-4b89-850b-9f1c680b6bbe,USD,1691196935,0.8859733126416032
0640659b-bfbc-414c-8e89-4c316287a8dd,USD,1691206282,8.552638761166762
f41feb3a-a469-487a-bc9d-59a0dfd89c29,ETH,1691211502,-4.499182426903781
c5cefec7-2341-4c3e-bee1-cb30fee93bd8,ETH,1691220727,-8.699993341917732
25382ae7-1c6c-4b32-a120-7717c6f4080a,ETH,1691248027,-7.104701975857559
0615a717-29b9-4c76-826a-ece60a60f3ae,EUR,1691257182,1.0580904141354193
a61e005c-af0a-4820-8cd1-8029218fb066,BTC,1691274292,9.661269153422374
93becbec-6a43-428a-a1ce-6b096c956ca7,BTC,1691290838,-3.1537247921726097
9287b4ea-2911-45b2-8da7-cc3ca70cb118,EUR,1691293426,0.6905516749765148
f41feb3a-a469-487a-bc9d-59a0dfd89c29,USD,1691298587,-3.486561195397284
beed12b3-f39a-43dc-bee6-721a89c0a937,ETH,1691307299,-2.5483875885670626
dc45ff15-8e0b-4d6a-ba44-195073e4bd0a,BTC,1691308094,9.098824776361184
3063533e-d3d2-46ca-91f5-6168c95c9835,USD,1691326501,5.35670522075584
f41feb3a-a469-487a-bc9d-59a0dfd89c29,USD,1691329589,-9.718398224568752
38a23cc5-363b-43c7-ba39-5daa13ed4e2b,BTC,1691337767,-0.026847201711694524
3063533e-d3d2-46ca-91f5-6168c95c9835,USD,1691361389,2.6790876371872905
d216d37c-df5d-4c8d-a79d-8cb1f7dbc0f7,USD,1691363725,9.695642226279244
fe3b675f-21d2-4b79-b25f-45150d0e837a,USD,1691366355,6.276419977652374
e2b54159-2bf7-4b89-850b-9f1c680b6bbe,ETH,1691369105,-5.754959114679366
3633f00d-bf93-44be-9ad2-4c7a0e1e5679,USD,1691369881,-1.5120769060180717
259c4a32-9c8f-474a-9f8b-3a9ded89e9b3,USD,1691396088,0.22730327900342218
1c624660-7fbd-43a5-b791-c997b810db49,BAT,1691404597,0.746297660033715
f41feb3a-a469-487a-bc9d-59a0dfd89c29,USD,1691421763,-0.23787105572662348
75845357-d843-4036-841a-d2e6088b72ce,BTC,1691435403,-0.06403787365685432
9287b4ea-2911-45b2-8da7-cc3ca70cb118,ETH,1691464605,-2.159012779351288
414e4248-1b1e-4a8e-af48-e65d6c6eef6b,ETH,1691478310,-1.7978043645191306
75845357-d843-4036-841a-d2e6088b72ce,EUR,1691516618,9.55289863180105
e2b54159-2bf7-4b89-850b-9f1c680b6bbe,ETH,1691527492,-3.864307035667882
0640659b-bfbc-414c-8e89-4c316287a8dd,BTC,1691544058,1.0180416653508022
b61477de-b466-4b13-8a72-e80a721689ca,EUR,1691575880,4.356953276062036
4b2f64c2-d6b2-421b-a6af-685573cd7f56,XPR,1691599494,6.271985425730627
93becbec-6a43-428a-a1ce-6b096c956ca7,BTC,1691603762,-7.444302422782149
464298b8-8b92-463e-949b-3ba65c3b58c6,XPR,1691605365,2.6053892243258794
f8259c81-0d30-436b-bb3e-156cc731e641,USD,1691612658,0.21017671890901468
ec22ff9f-6f33-4055-bc53-7ee7d8b51c05,ETH,1691614364,-3.5325889875226473
ec22ff9f-6f33-4055-bc53-7ee7d8b51c05,ETH,1691641034,-8.93268407675201
e2b54159-2bf7-4b89-850b-9f1c680b6bbe,BAT,1691646403,-3.4618292465086924
e2b54159-2bf7-4b89-850b-9f1c680b6bbe,USD,1691654841,3.162060469819874
4a6f2b89-07cb-4557-b821-5a8ea03d2f71,ETH,1691662296,-2.4520438607681356
beed12b3-f39a-43dc-bee6-721a89c0a937,XPR,1691675171,-0.25196133454892866
75845357-d843-4036-841a-d2e6088b72ce,BAT,1691676937,7.041290914087416
9287b4ea-2911-45b2-8da7-cc3ca70cb118,BTC,1691694429,7.787922435223894
f41feb3a-a469-487a-bc9d-59a0dfd89c29,ETH,1691701333,-2.392674991087693
3063533e-d3d2-46ca-91f5-6168c95c9835,ETH,1691702846,7.696324042820496
beed12b3-f39a-43dc-bee6-721a89c0a937,EUR,1691704582,5.411026063820849
beed12b3-f39a-43dc-bee6-721a89c0a937,BTC,1691711037,7.835143574473086
987eae8b-a10b-4a88-a437-37a982f5acb5,XPR,1691715527,7.126404718898129
ec22ff9f-6f33-4055-bc53-7ee7d8b51c05,ETH,1691718077,-0.25929518276021035
a61e005c-af0a-4820-8cd1-8029218fb066,USD,1691737310,4.787957302227197
f41feb3a-a469-487a-bc9d-59a0dfd89c29,USD,1691739576,-9.610443984011187
f41feb3a-a469-487a-bc9d-59a0dfd89c29,BTC,1691745254,3.492948344115998
f1010a49-5aa3-477c-bb16-4d5aebb637c0,BTC,1691759722,6.9758071139989255
93becbec-6a43-428a-a1ce-6b096c956ca7,EUR,1691764226,3.979713012706373
75845357-d843-4036-841a-d2e6088b72ce,ETH,1691781302,8.508530735731139
fe3b675f-21d2-4b79-b25f-45150d0e837a,ETH,1691781609,3.6068092656319006
f41feb3a-a469-487a-bc9d-59a0dfd89c29,ETH,1691808518,1.8996906831550024
3063533e-d3d2-46ca-91f5-6168c95c9835,USD,1691812376,2.7201085732814683
9287b4ea-2911-45b2-8da7-cc3ca70cb118,EUR,1691823253,5.083013994731161
ec22ff9f-6f33-4055-bc53-7ee7d8b51c05,USD,1691831640,-1.1710631225559265
335809b4-e5f6-4eeb-872d-539052a9546d,USD,1691833744,2.9937087107926352
f41feb3a-a469-487a-bc9d-59a0dfd89c29,USD,1691835727,-9.692295658876834
4b2f64c2-d6b2-421b-a6af-685573cd7f56,BTC,1691850397,-1.6554066253598503
034f584c-d4fd-4260-8611-c3423745f933,USD,1691873950,4.836763189275935
55578bf3-84af-4f11-bf24-6be394197c26,BTC,1691893934,0.7014477788430273
9287b4ea-2911-45b2-8da7-cc3ca70cb118,USD,1691896670,-1.908701773485415
a61e005c-af0a-4820-8cd1-8029218fb066,ETH,1691904716,-2.1844180656676793
9287b4ea-2911-45b2-8da7-cc3ca70cb118,BTC,1691921583,-8.644776939146926
beed12b3-f39a-43dc-bee6-721a89c0a937,BTC,1691935059,-8.614217544714315
fe3b675f-21d2-4b79-b25f-45150d0e837a,BTC,1691935970,4.447130650906995
4b2f64c2-d6b2-421b-a6af-685573cd7f56,ETH,1691968585,-1.574168282006756
f41feb3a-a469-487a-bc9d-59a0dfd89c29,EUR,1691996030,4.091410733582153
f41feb3a-a469-487a-bc9d-59a0dfd89c29,ETH,1692009257,-3.765810888904486
beed12b3-f39a-43dc-bee6-721a89c0a937,EUR,1692011549,4.969291751952303
75845357-d843-4036-841a-d2e6088b72ce,EUR,1692015727,3.4837729093499696
ec22ff9f-6f33-4055-bc53-7ee7d8b51c05,EUR,1692016039,2.0071792653998255
c98bc1a8-6926-4a59-83c9-09de99a905b4,USD,1692016291,-6.290254276668945
ec22ff9f-6f33-4055-bc53-7ee7d8b51c05,BTC,1692021135,-5.541271295535073
9b889da5-cd5e-4fea-9680-e4aef39193ad,ETH,1692024735,-6.978567197839059
75845357-d843-4036-841a-d2e6088b72ce,USD,1692048572,-5.6951841155784315
9287b4ea-2911-45b2-8da7-cc3ca70cb118,ETH,1692071316,-8.418299310004134
a02bd628-3dc5-46ba-98eb-42abbce82ad3,ETH,1692075582,-4.074293990777402
ec22ff9f-6f33-4055-bc53-7ee7d8b51c05,BTC,1692080606,7.602747089574933
75845357-d843-4036-841a-d2e6088b72ce,USD,1692098648,4.767040500986052
beed12b3-f39a-43dc-bee6-721a89c0a937,ETH,1692106445,5.570048592927526
93becbec-6a43-428a-a1ce-6b096c956ca7,XPR,1692107465,0.06840607717220593
960aed32-ddad-4784-a770-74fc1ff0da8d,ETH,1692113453,2.0295420651483767
a61e005c-af0a-4820-8cd1-8029218fb066,EUR,1692114829,-0.2321908964912911
fe3b675f-21d2-4b79-b25f-45150d0e837a,EUR,1692126956,-8.813060262243308
e2b54159-2bf7-4b89-850b-9f1c680b6bbe,EUR,1692155018,-6.100050448303271
99c17ee8-9189-4682-8f4d-a3e22a59e12f,BTC,1692155143,5.014474076195718
e2b54159-2bf7-4b89-850b-9f1c680b6bbe,ETH,1692171516,-3.7023341683886635
beed12b3-f39a-43dc-bee6-721a89c0a937,ETH,1692173999,5.346422544466339
4832c931-325f-4bda-9926-9dfc310ccbad,EUR,1692197702,-1.842621568000311
e2b54159-2bf7-4b89-850b-9f1c680b6bbe,ETH,1692201314,-4.944030434089981
e2b54159-2bf7-4b89-850b-9f1c680b6bbe,BTC,1692203857,2.041126678433349
f41feb3a-a469-487a-bc9d-59a0dfd89c29,XPR,1692224826,-7.749493672491141
93becbec-6a43-428a-a1ce-6b096c956ca7,ETH,1692240093,3.287811031704962
93becbec-6a43-428a-a1ce-6b096c956ca7,ETH,1692245121,-5.463022660725549
75845357-d843-4036-841a-d2e6088b72ce,ETH,1692267434,0.7825599217635908
75845357-d843-4036-841a-d2e6088b72ce,USD,1692269127,6.749231839761666
5d47c0f3-920d-49f5-b9b3-5afeca5ece24,EUR,1692274903,9.762115851419257
fe3b675f-21d2-4b79-b25f-45150d0e837a,BTC,1692279234,6.971731059572143
7d6a9d9e-25b5-4ce1-b8bd-087f702725cc,BAT,1692297648,-9.760170917202647
4a6f2b89-07cb-4557-b821-5a8ea03d2f71,XPR,1692310641,-8.852792441906203
934357bf-b14a-4da8-8b0c-ed0c28540389,BAT,1692312154,-2.441967527385094
f41feb3a-a469-487a-bc9d-59a0dfd89c29,EUR,1692330657,0.596442094839972
9287b4ea-2911-45b2-8da7-cc3ca70cb118,EUR,1692337150,-0.4622759208139513
ec22ff9f-6f33-4055-bc53-7ee7d8b51c05,BTC,1692338096,-2.060111340944224
3063533e-d3d2-46ca-91f5-6168c95c9835,ETH,1692348156,-2.3318910973139273
a61e005c-af0a-4820-8cd1-8029218fb066,BTC,1692361486,-6.60587841669096
75845357-d843-4036-841a-d2e6088b72ce,EUR,1692362159,1.3372079624159348
5b8e58a5-9b9f-4f1b-969f-21dbee72f0bb,EUR,1692362785,-3.7437094675818106
e2b54159-2bf7-4b89-850b-9f1c680b6bbe,USD,1692369228,-6.460776419234531
78db312b-071d-41d4-8ed6-d46411f44aa4,EUR,1692376004,-8.91002461199584
a61e005c-af0a-4820-8cd1-8029218fb066,BTC,1692378485,3.143146809122001
75845357-d843-4036-841a-d2e6088b72ce,BTC,1692380976,-3.7726688997246294
fe3b675f-21d2-4b79-b25f-45150d0e837a,EUR,1692383004,7.282062674555853
06864593-c803-470c-a6cc-acbbed53c0cb,BTC,1692391652,-5.315955451603971
9287b4ea-2911-45b2-8da7-cc3ca70cb118,USD,1692403104,-2.2813443256228494
f41feb3a-a469-487a-bc9d-59a0dfd89c29,ETH,1692417230,5.4650711208674245
a61e005c-af0a-4820-8cd1-8029218fb066,USD,1692421531,-4.699368162243607
5b1caf3b-c40b-419f-b819-86b258ae3a18,ETH,1692421904,-9.767733167753054
a61e005c-af0a-4820-8cd1-8029218fb066,ETH,1692439008,-8.663884798533616
a61e005c-af0a-4820-8cd1-8029218fb066,ETH,1692443733,0.13982267369985735
51caadde-8903-4316-8c98-507aedfe306a,USD,1692445166,-1.052841775388755
75845357-d843-4036-841a-d2e6088b72ce,EUR,1692451964,5.976405703580955
5b1caf3b-c40b-419f-b819-86b258ae3a18,BTC,1692458773,-3.800390093500779
fe3b675f-21d2-4b79-b25f-45150d0e837a,BTC,1692470449,8.671591076211833
93becbec-6a43-428a-a1ce-6b096c956ca7,BTC,1692475037,9.679211882675652
a16bc127-d4af-4611-b5e6-9f9e451a851f,EUR,1692478096,-7.183617673091116
3063533e-d3d2-46ca-91f5-6168c95c9835,ETH,1692493471,5.415862212142857
f41feb3a-a469-487a-bc9d-59a0dfd89c29,USD,1692502405,-9.68247444973553
93becbec-6a43-428a-a1ce-6b096c956ca7,EUR,1692503927,-7.231350333235406
c0ad94db-d257-4e4a-84ca-b9e73442cf78,ETH,1692520544,1.713741387973215
f41feb3a-a469-487a-bc9d-59a0dfd89c29,BTC,1692523145,-4.089796440407163
ec22ff9f-6f33-4055-bc53-7ee7d8b51c05,USD,1692531291,1.3908669964420266
a61e005c-af0a-4820-8cd1-8029218fb066,BTC,1692534289,-8.869563988152008
197e14d9-700c-4d53-8b6e-f2c45d2bfac9,USD,1692535381,-9.792556523562588
c85a849b-72dd-43a9-9b24-4815240184b4,BTC,1692553800,4.636262984648088
fe3b675f-21d2-4b79-b25f-45150d0e837a,EUR,1692578988,-7.783997206992139
a61e005c-af0a-4820-8cd1-8029218fb066,USD,1692585991,-6.497588740230553
e2b54159-2bf7-4b89-850b-9f1c680b6bbe,BTC,1692588497,3.2634283464290643
75845357-d843-4036-841a-d2e6088b72ce,USD,1692592558,1.180729833085259
e2b54159-2bf7-4b89-850b-9f1c680b6bbe,XPR,1692632933,-0.7510923068559521
0640659b-bfbc-414c-8e89-4c316287a8dd,ETH,1692659390,1.9810441196184634
dc45ff15-8e0b-4d6a-ba44-195073e4bd0a,USD,1692660293,-8.377338419547886
8f08a9c5-0884-4bd2-8d00-d772d32654a1,EUR,1692672135,-9.74020620033156
197e14d9-700c-4d53-8b6e-f2c45d2bfac9,EUR,1692693251,2.6819256869994206
4832c931-325f-4bda-9926-9dfc310ccbad,BTC,1692695983,-9.482673160968655
93becbec-6a43-428a-a1ce-6b096c956ca7,USD,1692699140,6.914951032747872
3063533e-d3d2-46ca-91f5-6168c95c9835,ETH,1692735653,-8.30413518201964
93becbec-6a43-428a-a1ce-6b096c956ca7,USD,1692735821,-9.909090748593224
beed12b3-f39a-43dc-bee6-721a89c0a937,ETH,1692741354,5.413662693625373
ec22ff9f-6f33-4055-bc53-7ee7d8b51c05,USD,1692780838,-8.978384126102426
3063533e-d3d2-46ca-91f5-6168c95c9835,BAT,1692792554,-4.427303672053156
ec22ff9f-6f33-4055-bc53-7ee7d8b51c05,EUR,1692802610,-4.812722032946906
dc45ff15-8e0b-4d6a-ba44-195073e4bd0a,USD,1692814296,-6.505805950449872
ec22ff9f-6f33-4055-bc53-7ee7d8b51c05,ETH,1692826668,7.221014277832307
fe3b675f-21d2-4b79-b25f-45150d0e837a,BTC,1692828251,2.2007925799972217
c12908fd-8688-4926-8453-c480b5ecb48a,ETH,1692830158,-7.682479806573985
ec22ff9f-6f33-4055-bc53-7ee7d8b51c05,EUR,1692844522,5.567612382891721
9287b4ea-2911-45b2-8da7-cc3ca70cb118,BAT,1692848766,9.169892849008875
f41feb3a-a469-487a-bc9d-59a0dfd89c29,USD,1692851516,1.1108042616880205
75845357-d843-4036-841a-d2e6088b72ce,EUR,1692854594,-1.727255098891673
e2b54159-2bf7-4b89-850b-9f1c680b6bbe,EUR,1692863721,6.6301827381940655
3063533e-d3d2-46ca-91f5-6168c95c9835,BTC,1692903169,-3.618708656504303
c98bc1a8-6926-4a59-83c9-09de99a905b4,EUR,1692907917,1.6348886057414074
fe3b675f-21d2-4b79-b25f-45150d0e837a,BTC,1692913374,0.3324481214384356
27ad712a-9148-4b34-83ec-8bae3ea4cdbf,XPR,1692918453,7.3173051590884235
ec22ff9f-6f33-4055-bc53-7ee7d8b51c05,BTC,1692930882,-2.8557298174542485
e2b54159-2bf7-4b89-850b-9f1c680b6bbe,USD,1692944410,-0.5617068332843402
4832c931-325f-4bda-9926-9dfc310ccbad,EUR,1692980662,6.1035358665131625
ec22ff9f-6f33-4055-bc53-7ee7d8b51c05,BTC,1693003698,5.127025393067072
b61477de-b466-4b13-8a72-e80a721689ca,BTC,1693011494,-9.33932520321773
e2b54159-2bf7-4b89-850b-9f1c680b6bbe,EUR,1693020901,-9.582452075500518
9287b4ea-2911-45b2-8da7-cc3ca70cb118,EUR,1693029228,9.340772025354443
a61e005c-af0a-4820-8cd1-8029218fb066,ETH,1693033096,9.955612555204645
d83f6123-2f33-402e-9fb1-25a96c6d19f5,BTC,1693036982,2.936106323602303
38a23cc5-363b-43c7-ba39-5daa13ed4e2b,USD,1693040362,9.505608837655089
9287b4ea-2911-45b2-8da7-cc3ca70cb118,USD,1693042640,-0.34076784539601945
e2b54159-2bf7-4b89-850b-9f1c680b6bbe,EUR,1693045573,4.362052709342079
e2b54159-2bf7-4b89-850b-9f1c680b6bbe,ETH,1693056139,-2.9189049385054684
a61e005c-af0a-4820-8cd1-8029218fb066,ETH,1693070681,-0.9064908903300921
5d47c0f3-920d-49f5-b9b3-5afeca5ece24,EUR,1693076361,-8.404510666109548
ec22ff9f-6f33-4055-bc53-7ee7d8b51c05,ETH,1693088573,2.891442338800541
9287b4ea-2911-45b2-8da7-cc3ca70cb118,USD,1693108441,-8.043178877096498
b8599949-2ffc-44c4-bc46-2e596e131c17,BTC,1693138049,8.47317466844994
ec22ff9f-6f33-4055-bc53-7ee7d8b51c05,EUR,1693140921,-8.340671262755956
d858e131-0a18-45b3-92a5-77467ce513a5,USD,1693146711,-5.350817779924384
f41feb3a-a469-487a-bc9d-59a0dfd89c29,USD,1693147222,8.086290286548756
4a6f2b89-07cb-4557-b821-5a8ea03d2f71,XPR,1693149269,-2.1301250064953114
f41feb3a-a469-487a-bc9d-59a0dfd89c29,ETH,1693157266,-5.036894425916943
fdaa102d-797c-4c57-a793-feb6e3aaff0d,BAT,1693170802,-8.350257172156976
38a23cc5-363b-43c7-ba39-5daa13ed4e2b,USD,1693190678,6.031244957348029
f41feb3a-a469-487a-bc9d-59a0dfd89c29,CAD,1693190948,-8.899105659859597
bdbeede3-8470-4baf-9f28-8f9e01b935d6,BAT,1693217125,-8.110293617508809
ec22ff9f-6f33-4055-bc53-7ee7d8b51c05,USD,1693242804,8.183951716705359
beed12b3-f39a-43dc-bee6-721a89c0a937,USD,1693257328,-8.65375572236427
75845357-d843-4036-841a-d2e6088b72ce,BTC,1693267760,-7.579771890155631
f41feb3a-a469-487a-bc9d-59a0dfd89c29,USD,1693274175,6.730777357922243
3063533e-d3d2-46ca-91f5-6168c95c9835,BTC,1693277438,-0.9428881492395131
e2b54159-2bf7-4b89-850b-9f1c680b6bbe,XPR,1693284192,-6.320954140345421
034f584c-d4fd-4260-8611-c3423745f933,BTC,1693285097,-1.4162882686690121
89e5edba-3eef-4514-856a-287526ae50fa,XPR,1693287633,-8.822648035302228
ec22ff9f-6f33-4055-bc53-7ee7d8b51c05,EUR,1693287914,-2.455045336496413
9287b4ea-2911-45b2-8da7-cc3ca70cb118,BTC,1693289167,-2.4871416625407905
f41feb3a-a469-487a-bc9d-59a0dfd89c29,BAT,1693299139,6.269320852542197
9287b4ea-2911-45b2-8da7-cc3ca70cb118,BTC,1693314229,-7.7624566152531465
93becbec-6a43-428a-a1ce-6b096c956ca7,EUR,1693322024,1.278402945518561
e2b54159-2bf7-4b89-850b-9f1c680b6bbe,BTC,1693324120,4.723221337992527
92934d8d-a4cc-456f-97ca-c77f528c6bda,ETH,1693337107,2.4870116131634834
a61e005c-af0a-4820-8cd1-8029218fb066,ETH,1693348692,-2.6142850592329943
ec22ff9f-6f33-4055-bc53-7ee7d8b51c05,XPR,1693363683,-3.3216078183477515
fdaa102d-797c-4c57-a793-feb6e3aaff0d,ETH,1693368816,2.0235332836803632
a61e005c-af0a-4820-8cd1-8029218fb066,BTC,1693370638,-1.7888297464933434
25382ae7-1c6c-4b32-a120-7717c6f4080a,ETH,1693372757,1.7448342413413247
a947e704-dbd7-430b-adf4-7039824b8d63,BTC,1693378606,-8.567780091543042
fe3b675f-21d2-4b79-b25f-45150d0e837a,USD,1693384027,-0.43149289960075876
d94aed09-3f48-4b79-ae7d-a8f2cbf69501,EUR,1693422787,-5.649275493155135
fe3b675f-21d2-4b79-b25f-45150d0e837a,BTC,1693438709,-0.9379827235885045
f41feb3a-a469-487a-bc9d-59a0dfd89c29,XPR,1693439660,8.524363078414787
c2e51592-d482-4909-892e-01b0a8a0d423,ETH,1693444978,-5.646347364378355
99c17ee8-9189-4682-8f4d-a3e22a59e12f,USD,1693454700,9.256791706503979
a16bc127-d4af-4611-b5e6-9f9e451a851f,USD,1693458432,-2.142300712265019
06864593-c803-470c-a6cc-acbbed53c0cb,EUR,1693462577,9.608326877972189
ec22ff9f-6f33-4055-bc53-7ee7d8b51c05,EUR,1693488717,-6.737569939985755
fe3b675f-21d2-4b79-b25f-45150d0e837a,EUR,1693496561,-1.962846112825714
d858e131-0a18-45b3-92a5-77467ce513a5,BTC,1693499390,7.319562656032129
e2b54159-2bf7-4b89-850b-9f1c680b6bbe,XPR,1693508782,6.330730882563817
fe3b675f-21d2-4b79-b25f-45150d0e837a,BTC,1693509389,-2.7483975286368185
beed12b3-f39a-43dc-bee6-721a89c0a937,ETH,1693536261,9.618265790424793
1e6d232e-11f4-4cd6-9eb4-020af5d6a1fb,ETH,1693544212,-3.528078862923685
93becbec-6a43-428a-a1ce-6b096c956ca7,XPR,1693562178,3.423268821378784
e84d7bec-86b6-4f13-892c-1970e2d466bc,ETH,1693566740,4.640562560785522
e2b54159-2bf7-4b89-850b-9f1c680b6bbe,EUR,1693569325,-3.7050398648169613
a61e005c-af0a-4820-8cd1-8029218fb066,ETH,1693569740,-8.828833365365883
75845357-d843-4036-841a-d2e6088b72ce,BTC,1693572706,-2.302171777058632
beed12b3-f39a-43dc-bee6-721a89c0a937,ETH,1693572753,-1.9652520082707206
75845357-d843-4036-841a-d2e6088b72ce,BTC,1693587641,4.472692031662163
ec22ff9f-6f33-4055-bc53-7ee7d8b51c05,BTC,1693592214,-2.649576028564744
a61e005c-af0a-4820-8cd1-8029218fb066,ETH,1693597795,0.8947940202007469
75845357-d843-4036-841a-d2e6088b72ce,EUR,1693630178,-2.7753685146820217
ec22ff9f-6f33-4055-bc53-7ee7d8b51c05,ETH,1693634382,-1.7559310524446925
e2b54159-2bf7-4b89-850b-9f1c680b6bbe,USD,1693647560,-6.585988602654799
9287b4ea-2911-45b2-8da7-cc3ca70cb118,ETH,1693650221,2.0099591979316767
fe3b675f-21d2-4b79-b25f-45150d0e837a,BTC,1693673122,4.407059065144994
a61e005c-af0a-4820-8cd1-8029218fb066,EUR,1693711163,-8.803327499868491
9287b4ea-2911-45b2-8da7-cc3ca70cb118,BTC,1693734618,-8.766395198701018
9287b4ea-2911-45b2-8da7-cc3ca70cb118,EUR,1693745658,-5.466797749770496
f41feb3a-a469-487a-bc9d-59a0dfd89c29,USD,1693752904,4.774039529314248
fe3b675f-21d2-4b79-b25f-45150d0e837a,USD,1693759512,-7.589581853939585
a61e005c-af0a-4820-8cd1-8029218fb066,EUR,1693762989,8.024106869367376
e2b54159-2bf7-4b89-850b-9f1c680b6bbe,EUR,1693788365,-5.6539654971532
3063533e-d3d2-46ca-91f5-6168c95c9835,ETH,1693803242,5.1145502048253135
9b2e8458-726f-42d9-97cb-5e66de168da5,USD,1693827277,1.4731813576562747
beed12b3-f39a-43dc-bee6-721a89c0a937,BTC,1693839524,-6.648484901654448
f41feb3a-a469-487a-bc9d-59a0dfd89c29,USD,1693845665,-0.45003921511692013
ec22ff9f-6f33-4055-bc53-7ee7d8b51c05,ETH,1693849226,-3.1827323046794342
e2b54159-2bf7-4b89-850b-9f1c680b6bbe,USD,1693867833,-4.132366229872484
93becbec-6a43-428a-a1ce-6b096c956ca7,EUR,1693880269,-3.1945016046449464
c2e51592-d482-4909-892e-01b0a8a0d423,ETH,1693880486,-8.503817501504056
93becbec-6a43-428a-a1ce-6b096c956ca7,ETH,1693894566,-3.907471153001582
9287b4ea-2911-45b2-8da7-cc3ca70cb118,BTC,1693910442,-0.3263377239604619
beed12b3-f39a-43dc-bee6-721a89c0a937,ETH,1693914904,-0.12324888306501336
93becbec-6a43-428a-a1ce-6b096c956ca7,USD,1693930458,-9.379698264772916
e2b54159-2bf7-4b89-850b-9f1c680b6bbe,USD,1693938311,-4.8148821776761945
034f584c-d4fd-4260-8611-c3423745f933,CAD,1693940842,6.1956031852264815
75845357-d843-4036-841a-d2e6088b72ce,BAT,1693986680,-7.975999661721316
f1bc887e-df8c-4d6d-b633-a0432564e31a,ETH,1693994033,-3.2701857288434066
7d6a9d9e-25b5-4ce1-b8bd-087f702725cc,USD,1693997050,7.45080532379626
bdbeede3-8470-4baf-9f28-8f9e01b935d6,USD,1694003542,-5.201255546203636
a61e005c-af0a-4820-8cd1-8029218fb066,EUR,1694006938,-9.120816389900586
3063533e-d3d2-46ca-91f5-6168c95c9835,USD,1694021777,7.595224351669813
06864593-c803-470c-a6cc-acbbed53c0cb,ETH,1694022014,-4.027727060439126
93becbec-6a43-428a-a1ce-6b096c956ca7,EUR,1694023298,7.979577925621783
99c17ee8-9189-4682-8f4d-a3e22a59e12f,BTC,1694023932,7.774853552860421
e64722ab-ac45-4631-80ac-c45da5ff8c01,USD,1694037909,-5.989939785930771
93becbec-6a43-428a-a1ce-6b096c956ca7,BTC,1694043920,-5.556418767844056
034f584c-d4fd-4260-8611-c3423745f933,USD,1694046813,1.492254719108029
3063533e-d3d2-46ca-91f5-6168c95c9835,USD,1694058683,4.23562753814992
1e6d232e-11f4-4cd6-9eb4-020af5d6a1fb,XPR,1694069029,-5.206374777100713
ec22ff9f-6f33-4055-bc53-7ee7d8b51c05,BTC,1694069583,0.7849802890947011
6e7c8b3b-708e-4d1f-a58d-d904d91152d7,BTC,1694072235,-1.162163563853797
5a623012-bb14-4bc5-977a-8d57033a1342,ETH,1694083304,-3.280642751944594
fe3b675f-21d2-4b79-b25f-45150d0e837a,ETH,1694120167,-1.180314105912636
414e4248-1b1e-4a8e-af48-e65d6c6eef6b,BTC,1694123441,-2.4437375033161928
3063533e-d3d2-46ca-91f5-6168c95c9835,USD,1694133645,-5.866641862982931
75845357-d843-4036-841a-d2e6088b72ce,ETH,1694135705,-2.2236376169771415
93becbec-6a43-428a-a1ce-6b096c956ca7,ETH,1694137201,-9.414454046395722
75845357-d843-4036-841a-d2e6088b72ce,BTC,1694140427,-4.705893662627442
fdaa102d-797c-4c57-a793-feb6e3aaff0d,BTC,1694162700,4.131561927127866
fe3b675f-21d2-4b79-b25f-45150d0e837a,EUR,1694166493,2.3555173762062953
89e5edba-3eef-4514-856a-287526ae50fa,BTC,1694166909,2.1084334023505846
01f5b699-535e-415c-af84-446e5c00385e,XPR,1694181455,4.4688010450538584
beed12b3-f39a-43dc-bee6-721a89c0a937,XPR,1694181613,9.317415430482917
3063533e-d3d2-46ca-91f5-6168c95c9835,EUR,1694184321,5.231293889249988
9287b4ea-2911-45b2-8da7-cc3ca70cb118,ETH,1694191540,-1.603077710910057
3063533e-d3d2-46ca-91f5-6168c95c9835,BTC,1694198938,-4.553265902284835
75845357-d843-4036-841a-d2e6088b72ce,USD,1694199830,-0.8656472189996567
3063533e-d3d2-46ca-91f5-6168c95c9835,USD,1694218351,2.686479320220993
1e6d232e-11f4-4cd6-9eb4-020af5d6a1fb,USD,1694218582,2.70505030132772
3063533e-d3d2-46ca-91f5-6168c95c9835,USD,1694225112,-7.186704720228074
3063533e-d3d2-46ca-91f5-6168c95c9835,BTC,1694237934,-8.18943913102537
e2b54159-2bf7-4b89-850b-9f1c680b6bbe,BTC,1694252447,2.4334674660722744
f41feb3a-a469-487a-bc9d-59a0dfd89c29,EUR,1694260512,-7.1435147945904065
01f5b699-535e-415c-af84-446e5c00385e,USD,1694263814,7.2157689558699225
e2b54159-2bf7-4b89-850b-9f1c680b6bbe,EUR,1694271060,-9.63864961237611
beed12b3-f39a-43dc-bee6-721a89c0a937,BTC,1694286470,-7.048053612017135
f30a7fba-468c-4b04-aac4-8cf836652573,USD,1694334902,4.194035486446776
e2b54159-2bf7-4b89-850b-9f1c680b6bbe,EUR,1694336606,9.923237337617504
a61e005c-af0a-4820-8cd1-8029218fb066,ETH,1694344780,-7.43991108117001
3063533e-d3d2-46ca-91f5-6168c95c9835,ETH,1694361511,8.729601367793073
ec22ff9f-6f33-4055-bc53-7ee7d8b51c05,BTC,1694374662,-0.7783626664124448
3063533e-d3d2-46ca-91f5-6168c95c9835,ETH,1694379068,1.249742998871362
93becbec-6a43-428a-a1ce-6b096c956ca7,ETH,1694393717,-8.280948343140954
78db312b-071d-41d4-8ed6-d46411f44aa4,XPR,1694395889,9.12609558454281
beed12b3-f39a-43dc-bee6-721a89c0a937,EUR,1694418881,-7.333421179237152
3063533e-d3d2-46ca-91f5-6168c95c9835,ETH,1694422645,7.368500225571111
fe3b675f-21d2-4b79-b25f-45150d0e837a,BTC,1694423424,-5.68714698771569
fe3b675f-21d2-4b79-b25f-45150d0e837a,USD,1694429310,-2.2126796790529157
e2b54159-2bf7-4b89-850b-9f1c680b6bbe,USD,1694433082,1.284923556023772
75845357-d843-4036-841a-d2e6088b72ce,EUR,1694445000,8.77888712722035
e64722ab-ac45-4631-80ac-c45da5ff8c01,USD,1694465398,-6.816860933169044
3063533e-d3d2-46ca-91f5-6168c95c9835,EUR,1694483473,-5.278109831871425
9287b4ea-2911-45b2-8da7-cc3ca70cb118,EUR,1694492621,4.831596201688859
3063533e-d3d2-46ca-91f5-6168c95c9835,USD,1694512745,-2.9701722361059684
75845357-d843-4036-841a-d2e6088b72ce,BTC,1694514740,4.276647882496379
fe2f78e2-7054-4eba-ad62-6c2164a7e3e3,XPR,1694549492,8.386416726106052
39b1b575-8789-45b1-bf90-16b30832ecc0,BTC,1694561190,7.069272467595585
e2b54159-2bf7-4b89-850b-9f1c680b6bbe,ETH,1694567642,-2.241347196332974
a61e005c-af0a-4820-8cd1-8029218fb066,USD,1694584642,2.845257689337924
b61477de-b466-4b13-8a72-e80a721689ca,XPR,1694606804,-8.809859815573084
3063533e-d3d2-46ca-91f5-6168c95c9835,USD,1694611062,-0.45375612765511875
93becbec-6a43-428a-a1ce-6b096c956ca7,EUR,1694617826,5.5592292229172475
75845357-d843-4036-841a-d2e6088b72ce,USD,1694626667,4.090258874529935
9287b4ea-2911-45b2-8da7-cc3ca70cb118,XPR,1694643460,5.994107018336042
ec22ff9f-6f33-4055-bc53-7ee7d8b51c05,BAT,1694651158,-8.426728052096557
e2b54159-2bf7-4b89-850b-9f1c680b6bbe,USD,1694659486,-1.849486878040576
335809b4-e5f6-4eeb-872d-539052a9546d,EUR,1694670691,4.685238438975269
beed12b3-f39a-43dc-bee6-721a89c0a937,ETH,1694687083,0.6679199982521293
e2b54159-2bf7-4b89-850b-9f1c680b6bbe,BTC,1694746482,9.177858620605502
a16bc127-d4af-4611-b5e6-9f9e451a851f,ETH,1694753878,0.9105350362611624
beed12b3-f39a-43dc-bee6-721a89c0a937,USD,1694778954,4.610137139001543
ec22ff9f-6f33-4055-bc53-7ee7d8b51c05,ETH,1694801121,-1.9372861027355466
a61e005c-af0a-4820-8cd1-8029218fb066,ETH,1694804586,3.7524464883922803
f41feb3a-a469-487a-bc9d-59a0dfd89c29,BTC,1694808857,7.759715630165708
9287b4ea-2911-45b2-8da7-cc3ca70cb118,USD,1694835849,9.82851142451754
e2b54159-2bf7-4b89-850b-9f1c680b6bbe,EUR,1694838999,-5.765131314579108
fe3b675f-21d2-4b79-b25f-45150d0e837a,BTC,1694845364,-7.802722817300194
4760ba51-fb20-47c1-8751-abd21264713a,EUR,1694872499,-9.389032879702519
beed12b3-f39a-43dc-bee6-721a89c0a937,USD,1694926207,-8.203804595772791
ec22ff9f-6f33-4055-bc53-7ee7d8b51c05,XPR,1694932326,-2.224818983146628
75845357-d843-4036-841a-d2e6088b72ce,EUR,1694933045,2.5101292887451834
a61e005c-af0a-4820-8cd1-8029218fb066,ETH,1694945830,-9.121035074629072
93becbec-6a43-428a-a1ce-6b096c956ca7,EUR,1694946253,-6.003540649719432
d83f6123-2f33-402e-9fb1-25a96c6d19f5,BTC,1694971713,-5.046373919777616
93becbec-6a43-428a-a1ce-6b096c956ca7,USD,1694978243,4.320537789607677
df2392b6-0dd6-4e24-82fb-b0a403615b06,USD,1694982439,1.811196249788054
a61e005c-af0a-4820-8cd1-8029218fb066,EUR,1694993686,-6.647097526008407
f2bd38cb-310b-457e-8cb1-c8b5bb589288,BTC,1694998061,2.9535440160587
ab77e7b3-19cf-4680-a47f-28b90448335c,BTC,1695009356,1.6091062587825906
3caf1a3a-46cf-4c91-b352-9ea9f0c571ec,USD,1695015640,-0.8558582334688865
8f08a9c5-0884-4bd2-8d00-d772d32654a1,EUR,1695021561,-9.42981318252625
beed12b3-f39a-43dc-bee6-721a89c0a937,ETH,1695025626,-2.9956668795889962
fe3b675f-21d2-4b79-b25f-45150d0e837a,EUR,1695043086,-5.054409117397771
beed12b3-f39a-43dc-bee6-721a89c0a937,USD,1695060080,4.328620683827278
9287b4ea-2911-45b2-8da7-cc3ca70cb118,BAT,1695065800,-4.288316226505337
ec22ff9f-6f33-4055-bc53-7ee7d8b51c05,ETH,1695069431,-4.491659338793346
0615a717-29b9-4c76-826a-ece60a60f3ae,BTC,1695071804,-8.414137537091129
ec22ff9f-6f33-4055-bc53-7ee7d8b51c05,ETH,1695075192,-5.5805231474490435
75845357-d843-4036-841a-d2e6088b72ce,ETH,1695079407,6.889672115381611
3063533e-d3d2-46ca-91f5-6168c95c9835,USD,1695100393,-9.853361071672175
a947e704-dbd7-430b-adf4-7039824b8d63,BTC,1695102942,-9.747052128810562
f41feb3a-a469-487a-bc9d-59a0dfd89c29,USD,1695119956,4.191126990342731
3063533e-d3d2-46ca-91f5-6168c95c9835,EUR,1695133772,-9.671460768877782
78fec595-1f14-4e85-b295-e430a6ba7686,USD,1695138083,9.301279755824993
3063533e-d3d2-46ca-91f5-6168c95c9835,EUR,1695155872,-6.160087399687604
a61e005c-af0a-4820-8cd1-8029218fb066,EUR,1695170893,-8.561887672804708
beed12b3-f39a-43dc-bee6-721a89c0a937,XPR,1695176397,6.496094084596191
fe3b675f-21d2-4b79-b25f-45150d0e837a,USD,1695181153,-0.7619898639121452
4760ba51-fb20-47c1-8751-abd21264713a,ETH,1695191397,2.064670033559171
3063533e-d3d2-46ca-91f5-6168c95c9835,ETH,1695208150,8.498605717008239
fe3b675f-21d2-4b79-b25f-45150d0e837a,ETH,1695254084,-7.376031356747241
4a6f2b89-07cb-4557-b821-5a8ea03d2f71,EUR,1695273973,4.76877558382667
beed12b3-f39a-43dc-bee6-721a89c0a937,BTC,1695288612,-3.080640423507437
9287b4ea-2911-45b2-8da7-cc3ca70cb118,ETH,1695297574,8.005056620703385
99c17ee8-9189-4682-8f4d-a3e22a59e12f,BTC,1695301657,-5.739567505109864
93becbec-6a43-428a-a1ce-6b096c956ca7,BTC,1695311224,-4.9152381649207495
5a623012-bb14-4bc5-977a-8d57033a1342,BTC,1695326955,6.3224765328940045
a75ecbba-3eb1-43a0-8c9a-863569911bc3,USD,1695347717,-2.1859632056159644
034f584c-d4fd-4260-8611-c3423745f933,USD,1695351926,-9.28716221490669
ec22ff9f-6f33-4055-bc53-7ee7d8b51c05,EUR,1695357573,4.606073142059611
38a23cc5-363b-43c7-ba39-5daa13ed4e2b,ETH,1695364462,1.6296121419891882
beed12b3-f39a-43dc-bee6-721a89c0a937,ETH,1695398351,-3.2672737341575697
f89443b9-1dfe-427e-b718-8846f977bf51,EUR,1695398984,1.592498677907411
fe3b675f-21d2-4b79-b25f-45150d0e837a,BTC,1695402254,1.488552838706422
99c17ee8-9189-4682-8f4d-a3e22a59e12f,BAT,1695406635,-1.5558143700890135
a16bc127-d4af-4611-b5e6-9f9e451a851f,EUR,1695419890,7.773931111078891
75845357-d843-4036-841a-d2e6088b72ce,ETH,1695423355,-1.4158374181353643
9287b4ea-2911-45b2-8da7-cc3ca70cb118,EUR,1695423833,2.8865344458301543
6044e2ef-8425-487c-b8bf-b88a87cc43f9,EUR,1695436226,-3.5555388216984163
044ebe23-2980-4172-aa8b-f59e48b07343,BAT,1695448972,-5.91324255200435
9287b4ea-2911-45b2-8da7-cc3ca70cb118,BTC,1695465543,0.04905892155477609
75845357-d843-4036-841a-d2e6088b72ce,BTC,1695481567,-9.155377120683516
ec22ff9f-6f33-4055-bc53-7ee7d8b51c05,XPR,1695489541,-1.4922838345108964
ec22ff9f-6f33-4055-bc53-7ee7d8b51c05,BAT,1695525342,-5.333181884192126
e2b54159-2bf7-4b89-850b-9f1c680b6bbe,BTC,1695526996,1.373079371954443
ec22ff9f-6f33-4055-bc53-7ee7d8b51c05,BAT,1695527520,5.036571674492285
3caf1a3a-46cf-4c91-b352-9ea9f0c571ec,ETH,1695567907,1.9477825861766362
93becbec-6a43-428a-a1ce-6b096c956ca7,USD,1695575884,-6.525764611440346
78fec595-1f14-4e85-b295-e430a6ba7686,ETH,1695580268,-5.183835946776374
df2392b6-0dd6-4e24-82fb-b0a403615b06,ETH,1695582223,-2.81404874800109
93becbec-6a43-428a-a1ce-6b096c956ca7,EUR,1695589227,-8.550909785326883
ec22ff9f-6f33-4055-bc53-7ee7d8b51c05,ETH,1695611158,-7.833254383395889
f41feb3a-a469-487a-bc9d-59a0dfd89c29,EUR,1695627842,3.2135204136629163
ec22ff9f-6f33-4055-bc53-7ee7d8b51c05,ETH,1695634376,-8.035893669902116
f41feb3a-a469-487a-bc9d-59a0dfd89c29,EUR,1695654177,8.449435726051426
e2b54159-2bf7-4b89-850b-9f1c680b6bbe,XPR,1695670328,-3.5130681694120884
e64722ab-ac45-4631-80ac-c45da5ff8c01,EUR,1695718468,-6.797909915722169
d858e131-0a18-45b3-92a5-77467ce513a5,ETH,1695719151,4.173023804062154
beed12b3-f39a-43dc-bee6-721a89c0a937,ETH,1695778231,-4.688461259162555
beed12b3-f39a-43dc-bee6-721a89c0a937,ETH,1695781865,-6.75959344640993
75845357-d843-4036-841a-d2e6088b72ce,USD,1695782876,1.9729917572569455
a61e005c-af0a-4820-8cd1-8029218fb066,USD,1695786681,3.8943540472692106
fe3b675f-21d2-4b79-b25f-45150d0e837a,BTC,1695808597,-1.8991474156406962
e2b54159-2bf7-4b89-850b-9f1c680b6bbe,USD,1695808692,4.25636549972306
7d6a9d9e-25b5-4ce1-b8bd-087f702725cc,ETH,1695811548,0.3843230898361494
beed12b3-f39a-43dc-bee6-721a89c0a937,USD,1695855024,-2.877314228334442
75845357-d843-4036-841a-d2e6088b72ce,BTC,1695873205,-5.181126375272127
9287b4ea-2911-45b2-8da7-cc3ca70cb118,USD,1695881134,8.726822475294743
e2b54159-2bf7-4b89-850b-9f1c680b6bbe,ETH,1695884357,-2.7799060327357523
a61e005c-af0a-4820-8cd1-8029218fb066,XPR,1695887865,8.570594364546537
93becbec-6a43-428a-a1ce-6b096c956ca7,XPR,1695893099,-2.9203812301930787
fe3b675f-21d2-4b79-b25f-45150d0e837a,EUR,1695894428,6.7665325933202745
beed12b3-f39a-43dc-bee6-721a89c0a937,USD,1695907043,5.162489662539029
414e4248-1b1e-4a8e-af48-e65d6c6eef6b,XPR,1695948446,8.693335049807342
3063533e-d3d2-46ca-91f5-6168c95c9835,ETH,1695959927,9.329611877249967
9287b4ea-2911-45b2-8da7-cc3ca70cb118,ETH,1695965713,-8.237825760527933
ec22ff9f-6f33-4055-bc53-7ee7d8b51c05,ETH,1695984936,-0.7533779706677262
fe3b675f-21d2-4b79-b25f-45150d0e837a,USD,1696002862,0.6915759351124109
4760ba51-fb20-47c1-8751-abd21264713a,XPR,1696006512,4.608176423119772
f41feb3a-a469-487a-bc9d-59a0dfd89c29,ETH,1696018113,-1.0972816597416184
75845357-d843-4036-841a-d2e6088b72ce,ETH,1696039112,3.152472102353105
a61e005c-af0a-4820-8cd1-8029218fb066,BTC,1696045900,8.780630213072783
9287b4ea-2911-45b2-8da7-cc3ca70cb118,ETH,1696050042,3.4557108621711237
93becbec-6a43-428a-a1ce-6b096c956ca7,BTC,1696056672,-3.0041278532286997
93becbec-6a43-428a-a1ce-6b096c956ca7,BTC,1696070204,-2.5281777025819796
75845357-d843-4036-841a-d2e6088b72ce,XPR,1696078243,9.739021371541941
3063533e-d3d2-46ca-91f5-6168c95c9835,XPR,1696095767,-5.435704594300653
9287b4ea-2911-45b2-8da7-cc3ca70cb118,BTC,1696118089,7.821983674341386
6044e2ef-8425-487c-b8bf-b88a87cc43f9,EUR,1696118711,2.698538111936049
9287b4ea-2911-45b2-8da7-cc3ca70cb118,ETH,1696120686,8.645945397206464
f41feb3a-a469-487a-bc9d-59a0dfd89c29,BTC,1696121182,-2.990271677368728
945d4c4d-4281-4ff9-a6fe-de9dfd858f72,USD,1696130533,2.161953190512273
93becbec-6a43-428a-a1ce-6b096c956ca7,XPR,1696133668,6.655690926453403
987eae8b-a10b-4a88-a437-37a982f5acb5,CAD,1696142388,9.921020833267523
75845357-d843-4036-841a-d2e6088b72ce,EUR,1696144614,-8.578712353334055
f41feb3a-a469-487a-bc9d-59a0dfd89c29,EUR,1696150661,-2.2854804698942726
9287b4ea-2911-45b2-8da7-cc3ca70cb118,EUR,1696152185,4.002764892273323
f41feb3a-a469-487a-bc9d-59a0dfd89c29,USD,1696156570,5.556671677312629
e2b54159-2bf7-4b89-850b-9f1c680b6bbe,EUR,1696193831,-0.9914577184213975
fdaa102d-797c-4c57-a793-feb6e3aaff0d,BTC,1696201161,4.862271597442502
a61e005c-af0a-4820-8cd1-8029218fb066,EUR,1696202991,4.213508157533379
27ad712a-9148-4b34-83ec-8bae3ea4cdbf,USD,1696209594,-3.3949700057489274
d858e131-0a18-45b3-92a5-77467ce513a5,BTC,1696214163,-3.377789379707375
75845357-d843-4036-841a-d2e6088b72ce,USD,1696215515,-5.505502170265251
f41feb3a-a469-487a-bc9d-59a0dfd89c29,BTC,1696239293,4.036029710691418
beed12b3-f39a-43dc-bee6-721a89c0a937,BTC,1696274402,-0.6706444369954525
e2b54159-2bf7-4b89-850b-9f1c680b6bbe,ETH,1696275851,-1.0742487750692735
ec22ff9f-6f33-4055-bc53-7ee7d8b51c05,USD,1696293818,-3.7190330428488583
f41feb3a-a469-487a-bc9d-59a0dfd89c29,ETH,1696299258,-6.651091974601351
beed12b3-f39a-43dc-bee6-721a89c0a937,BAT,1696309751,7.735584779513516
c85a849b-72dd-43a9-9b24-4815240184b4,ETH,1696310523,1.673876386484828
ec22ff9f-6f33-4055-bc53-7ee7d8b51c05,EUR,1696332730,7.692608989802416
a61e005c-af0a-4820-8cd1-8029218fb066,ETH,1696333341,6.802238930656387
3063533e-d3d2-46ca-91f5-6168c95c9835,USD,1696334109,-9.763515769525428
1c624660-7fbd-43a5-b791-c997b810db49,ETH,1696344605,1.1002465613870545
beed12b3-f39a-43dc-bee6-721a89c0a937,USD,1696350758,-8.33687737873511
93becbec-6a43-428a-a1ce-6b096c956ca7,USD,1696360391,-5.455786613180528
f41feb3a-a469-487a-bc9d-59a0dfd89c29,EUR,1696379684,-9.332025662270071
beed12b3-f39a-43dc-bee6-721a89c0a937,EUR,1696388521,-5.005258849242782
cc19a596-79eb-4ae6-92a8-6f7ff846355a,EUR,1696389004,-3.6993178927788195
75845357-d843-4036-841a-d2e6088b72ce,BTC,1696413870,6.717357970639881
93becbec-6a43-428a-a1ce-6b096c956ca7,EUR,1696429538,8.812236883430163
25382ae7-1c6c-4b32-a120-7717c6f4080a,EUR,1696434836,7.603662232398204
ec22ff9f-6f33-4055-bc53-7ee7d8b51c05,USD,1696435888,-2.5489384477265524
414e4248-1b1e-4a8e-af48-e65d6c6eef6b,USD,1696440805,-3.2220552852197155
f41feb3a-a469-487a-bc9d-59a0dfd89c29,BTC,1696445859,-9.996609543379995
9287b4ea-2911-45b2-8da7-cc3ca70cb118,ETH,1696471531,8.016678236477432
25382ae7-1c6c-4b32-a120-7717c6f4080a,BTC,1696480963,-0.758803373222614
ec22ff9f-6f33-4055-bc53-7ee7d8b51c05,USD,1696496160,3.277034166416339
b61477de-b466-4b13-8a72-e80a721689ca,USD,1696496715,-9.285684370816918
5fec4264-78eb-43ed-9c3d-33b6e58a8c3f,BTC,1696497205,-3.666133768938929
e2b54159-2bf7-4b89-850b-9f1c680b6bbe,USD,1696535708,6.21244917138435
9287b4ea-2911-45b2-8da7-cc3ca70cb118,BTC,1696535876,1.0347867019093009
9287b4ea-2911-45b2-8da7-cc3ca70cb118,EUR,1696546209,0.25085745939194837
ec22ff9f-6f33-4055-bc53-7ee7d8b51c05,BTC,1696567082,9.333612422184231
1c624660-7fbd-43a5-b791-c997b810db49,BAT,1696568740,4.8269091868646825
0615a717-29b9-4c76-826a-ece60a60f3ae,ETH,1696574174,5.06947407995405
934357bf-b14a-4da8-8b0c-ed0c28540389,BAT,1696591403,8.289193029052825
f41feb3a-a469-487a-bc9d-59a0dfd89c29,EUR,1696591411,6.94515492289192
e2b54159-2bf7-4b89-850b-9f1c680b6bbe,EUR,1696630513,-5.698793261390957
fe3b675f-21d2-4b79-b25f-45150d0e837a,USD,1696634241,7.799902681151661
ec22ff9f-6f33-4055-bc53-7ee7d8b51c05,USD,1696634555,-3.7084644447886177
ab77e7b3-19cf-4680-a47f-28b90448335c,USD,1696651588,-5.297739106702459
b8599949-2ffc-44c4-bc46-2e596e131c17,ETH,1696657175,5.538996547253374
ec22ff9f-6f33-4055-bc53-7ee7d8b51c05,XPR,1696689850,3.3526243227766983
e2b54159-2bf7-4b89-850b-9f1c680b6bbe,BAT,1696690677,-5.469459075032425
27ad712a-9148-4b34-83ec-8bae3ea4cdbf,BTC,1696701169,-9.13785896397343
e2b54159-2bf7-4b89-850b-9f1c680b6bbe,BAT,1696704185,-3.056891454379665
ec22ff9f-6f33-4055-bc53-7ee7d8b51c05,USD,1696715924,6.4660016863332075
f8259c81-0d30-436b-bb3e-156cc731e641,USD,1696732718,-3.76815586601293
f89443b9-1dfe-427e-b718-8846f977bf51,BAT,1696733136,9.118049667483476
ec22ff9f-6f33-4055-bc53-7ee7d8b51c05,USD,1696756253,1.7695200521881844
9b889da5-cd5e-4fea-9680-e4aef39193ad,BTC,1696765617,6.451991848777702
fe3b675f-21d2-4b79-b25f-45150d0e837a,USD,1696765728,2.1574977350707307
f41feb3a-a469-487a-bc9d-59a0dfd89c29,USD,1696780265,4.185723662848096
9287b4ea-2911-45b2-8da7-cc3ca70cb118,ETH,1696782767,-2.208425378123911
93becbec-6a43-428a-a1ce-6b096c956ca7,EUR,1696798812,-7.069177644846684
5b1caf3b-c40b-419f-b819-86b258ae3a18,XPR,1696804192,2.268158758454071
a61e005c-af0a-4820-8cd1-8029218fb066,EUR,1696826386,-0.684031808144411
8f08a9c5-0884-4bd2-8d00-d772d32654a1,USD,1696844297,3.698650416641362
a61e005c-af0a-4820-8cd1-8029218fb066,BAT,1696847811,-0.4763014081476733
93becbec-6a43-428a-a1ce-6b096c956ca7,BAT,1696848259,-4.55950417937234
75845357-d843-4036-841a-d2e6088b72ce,USD,1696863407,3.928139529940598
93becbec-6a43-428a-a1ce-6b096c956ca7,EUR,1696869469,7.2204356800434155
f1bc887e-df8c-4d6d-b633-a0432564e31a,EUR,1696882648,-4.007160254185365
93becbec-6a43-428a-a1ce-6b096c956ca7,BTC,1696894766,-3.1071792528928777
beed12b3-f39a-43dc-bee6-721a89c0a937,BTC,1696899618,-9.177290176671114
f41feb3a-a469-487a-bc9d-59a0dfd89c29,ETH,1696916736,0.9399936859343967
f2bd38cb-310b-457e-8cb1-c8b5bb589288,EUR,1696917437,-7.716004386124487
f89443b9-1dfe-427e-b718-8846f977bf51,BTC,1696923751,-6.010766373916527
4760ba51-fb20-47c1-8751-abd21264713a,USD,1696936482,-7.629407162902162
cb1a5abb-9cf9-4e37-91ab-83d3959b1277,EUR,1696968136,1.245046528143348
93becbec-6a43-428a-a1ce-6b096c956ca7,EUR,1696988769,5.705577585668358
a61e005c-af0a-4820-8cd1-8029218fb066,EUR,1696992499,-4.901422776257189
a29da963-12ff-433b-9872-cf9533a3f170,BAT,1696996929,-8.585010807286778
335809b4-e5f6-4eeb-872d-539052a9546d,USD,1696997946,6.826469587479231
ec22ff9f-6f33-4055-bc53-7ee7d8b51c05,ETH,1697015123,-9.367019379063384
df2392b6-0dd6-4e24-82fb-b0a403615b06,USD,1697016275,2.044232139002286
fe3b675f-21d2-4b79-b25f-45150d0e837a,BTC,1697016833,1.3229715993008355
3063533e-d3d2-46ca-91f5-6168c95c9835,ETH,1697027947,-3.8203259008424784
fe3b675f-21d2-4b79-b25f-45150d0e837a,EUR,1697045148,1.8368890248864123
93becbec-6a43-428a-a1ce-6b096c956ca7,USD,1697048737,-9.342900983821359
5e106318-4553-4462-b510-5438b6a329e5,ETH,1697055568,6.304862871863715
6044e2ef-8425-487c-b8bf-b88a87cc43f9,EUR,1697080649,-3.9470311550951447
93becbec-6a43-428a-a1ce-6b096c956ca7,ETH,1697093838,3.260045420792073
f41feb3a-a469-487a-bc9d-59a0dfd89c29,EUR,1697094909,8.633607714870337
3063533e-d3d2-46ca-91f5-6168c95c9835,XPR,1697096246,-4.967431902119999
93becbec-6a43-428a-a1ce-6b096c956ca7,ETH,1697097283,-9.454145137234644
f41feb3a-a469-487a-bc9d-59a0dfd89c29,EUR,1697102365,-2.1620587711158867
934357bf-b14a-4da8-8b0c-ed0c28540389,BTC,1697126030,4.287141560427708
ec22ff9f-6f33-4055-bc53-7ee7d8b51c05,XPR,1697127340,-9.488154592683056
fdaa102d-797c-4c57-a793-feb6e3aaff0d,USD,1697137585,-8.89608151745495
beed12b3-f39a-43dc-bee6-721a89c0a937,ETH,1697152540,-7.543516526925069
e2b54159-2bf7-4b89-850b-9f1c680b6bbe,EUR,1697153185,1.1470036091931473
0615a717-29b9-4c76-826a-ece60a60f3ae,BTC,1697158065,3.940670143798112
93becbec-6a43-428a-a1ce-6b096c956ca7,USD,1697159752,-7.251157441307692
93becbec-6a43-428a-a1ce-6b096c956ca7,ETH,1697163582,1.7798752632495347
e2b54159-2bf7-4b89-850b-9f1c680b6bbe,BTC,1697179399,9.42722633023521
9287b4ea-2911-45b2-8da7-cc3ca70cb118,USD,1697185178,1.2815487511085415
ec22ff9f-6f33-4055-bc53-7ee7d8b51c05,USD,1697198894,0.8359824651498222
e2b54159-2bf7-4b89-850b-9f1c680b6bbe,EUR,1697206845,-6.915880493461854
75845357-d843-4036-841a-d2e6088b72ce,BTC,1697214161,-4.349146861186353
93becbec-6a43-428a-a1ce-6b096c956ca7,EUR,1697223093,-6.500127909739229
beed12b3-f39a-43dc-bee6-721a89c0a937,BAT,1697229588,8.767343764306979
beed12b3-f39a-43dc-bee6-721a89c0a937,XPR,1697230109,-2.7589609722616615
a61e005c-af0a-4820-8cd1-8029218fb066,BTC,1697253398,-0.9281549810939467
a947e704-dbd7-430b-adf4-7039824b8d63,CAD,1697278021,-4.3926877119523855
01f5b699-535e-415c-af84-446e5c00385e,ETH,1697279902,-2.46379168142896
8f08a9c5-0884-4bd2-8d00-d772d32654a1,BTC,1697288528,-8.072511351108837
a61e005c-af0a-4820-8cd1-8029218fb066,BTC,1697290789,3.9356737268413724
f41feb3a-a469-487a-bc9d-59a0dfd89c29,EUR,1697298526,5.582436837164234
9287b4ea-2911-45b2-8da7-cc3ca70cb118,ETH,1697299144,9.880956752748173
a61e005c-af0a-4820-8cd1-8029218fb066,USD,1697300004,-5.058155092745784
a61e005c-af0a-4820-8cd1-8029218fb066,ETH,1697328474,5.444424452264183
93becbec-6a43-428a-a1ce-6b096c956ca7,EUR,1697331816,2.4404286301635576
3063533e-d3d2-46ca-91f5-6168c95c9835,USD,1697331950,-8.592935083277027
75845357-d843-4036-841a-d2e6088b72ce,BTC,1697348323,4.356808779753859
197e14d9-700c-4d53-8b6e-f2c45d2bfac9,USD,1697348814,-1.9228750961758312
0615a717-29b9-4c76-826a-ece60a60f3ae,EUR,1697350240,-6.268414670795847
3063533e-d3d2-46ca-91f5-6168c95c9835,USD,1697357025,-2.2115448077694584
e2b54159-2bf7-4b89-850b-9f1c680b6bbe,CAD,1697365903,0.24483064783875896
c98bc1a8-6926-4a59-83c9-09de99a905b4,USD,1697370036,-9.457079863240876
ec22ff9f-6f33-4055-bc53-7ee7d8b51c05,XPR,1697376226,1.8601196033478473
fe3b675f-21d2-4b79-b25f-45150d0e837a,BTC,1697398245,7.072733327243668
fe3b675f-21d2-4b79-b25f-45150d0e837a,EUR,1697410850,-7.973000225885687
f41feb3a-a469-487a-bc9d-59a0dfd89c29,EUR,1697416256,4.601585159422294
fe3b675f-21d2-4b79-b25f-45150d0e837a,EUR,1697417505,1.3806851233030653
75845357-d843-4036-841a-d2e6088b72ce,XPR,1697421507,-6.785902600879465
3063533e-d3d2-46ca-91f5-6168c95c9835,BTC,1697432587,-5.810823086646928
e2b54159-2bf7-4b89-850b-9f1c680b6bbe,ETH,1697446363,0.6764970366131919
a61e005c-af0a-4820-8cd1-8029218fb066,EUR,1697519001,0.7016122738407873
a947e704-dbd7-430b-adf4-7039824b8d63,BTC,1697525258,4.268452906194913
e2b54159-2bf7-4b89-850b-9f1c680b6bbe,BTC,1697549564,-4.1750627747768965
e2b54159-2bf7-4b89-850b-9f1c680b6bbe,BTC,1697552913,-6.137210844378074
78db312b-071d-41d4-8ed6-d46411f44aa4,ETH,1697562551,-1.8455526046250093
fa3e5601-04c5-4918-9c31-0d02d5ed3431,BAT,1697571634,-5.819460679233133
f41feb3a-a469-487a-bc9d-59a0dfd89c29,ETH,1697581479,-3.747039998161325
9b2e8458-726f-42d9-97cb-5e66de168da5,BTC,1697584708,7.76631951494781
fdaa102d-797c-4c57-a793-feb6e3aaff0d,BTC,1697591682,9.181575838240104
beed12b3-f39a-43dc-bee6-721a89c0a937,USD,1697613167,2.6728528331411265
beed12b3-f39a-43dc-bee6-721a89c0a937,BTC,1697616283,-7.644324472023114
e2b54159-2bf7-4b89-850b-9f1c680b6bbe,BTC,1697620174,-6.771879946103656
9287b4ea-2911-45b2-8da7-cc3ca70cb118,ETH,1697657249,-3.965226635957757
4832c931-325f-4bda-9926-9dfc310ccbad,ETH,1697669165,4.923577413848804
e84d7bec-86b6-4f13-892c-1970e2d466bc,USD,1697669630,-9.47745485813506
4a6f2b89-07cb-4557-b821-5a8ea03d2f71,EUR,1697676381,2.1181686847428978
beed12b3-f39a-43dc-bee6-721a89c0a937,ETH,1697710297,9.860147860108519
b61477de-b466-4b13-8a72-e80a721689ca,BAT,1697712069,9.924429604933678
4b2f64c2-d6b2-421b-a6af-685573cd7f56,EUR,1697732062,4.655671212100449
1c624660-7fbd-43a5-b791-c997b810db49,EUR,1697748957,-6.28341123280401
a61e005c-af0a-4820-8cd1-8029218fb066,USD,1697750871,6.149776651280689
fe3b675f-21d2-4b79-b25f-45150d0e837a,USD,1697754010,7.156693241454786
75845357-d843-4036-841a-d2e6088b72ce,USD,1697769399,0.7106987609958928
93becbec-6a43-428a-a1ce-6b096c956ca7,BTC,1697783225,6.489601888614107
3063533e-d3d2-46ca-91f5-6168c95c9835,USD,1697806268,-1.8253895302964729
e2b54159-2bf7-4b89-850b-9f1c680b6bbe,EUR,1697842850,-4.557948714619151
9287b4ea-2911-45b2-8da7-cc3ca70cb118,EUR,1697846488,-6.830968081219004
3063533e-d3d2-46ca-91f5-6168c95c9835,USD,1697850666,2.6759289814831106
fdaa102d-797c-4c57-a793-feb6e3aaff0d,BAT,1697850899,9.446745783177736
3063533e-d3d2-46ca-91f5-6168c95c9835,EUR,1697850943,-0.16251066139707326
9287b4ea-2911-45b2-8da7-cc3ca70cb118,USD,1697852344,-3.5026212984556064
259c4a32-9c8f-474a-9f8b-3a9ded89e9b3,ETH,1697861684,4.349835437842032
ec22ff9f-6f33-4055-bc53-7ee7d8b51c05,BTC,1697866531,9.36458156579565
9287b4ea-2911-45b2-8da7-cc3ca70cb118,USD,1697869148,-3.139242984067618
ec22ff9f-6f33-4055-bc53-7ee7d8b51c05,BTC,1697873678,1.5186931111326167
55578bf3-84af-4f11-bf24-6be394197c26,XPR,1697874040,6.703585093257814
93becbec-6a43-428a-a1ce-6b096c956ca7,CAD,1697886600,7.03647317042153
27ad712a-9148-4b34-83ec-8bae3ea4cdbf,USD,1697887408,-7.051483589316534
25382ae7-1c6c-4b32-a120-7717c6f4080a,BAT,1697891082,2.8314966830529613
e2b54159-2bf7-4b89-850b-9f1c680b6bbe,USD,1697896612,-5.755026428253891
fe3b675f-21d2-4b79-b25f-45150d0e837a,XPR,1697902714,-8.149577048247643
9287b4ea-2911-45b2-8da7-cc3ca70cb118,BTC,1697917318,-1.2336779434122285
ec22ff9f-6f33-4055-bc53-7ee7d8b51c05,CAD,1697934115,8.161351175014456
f41feb3a-a469-487a-bc9d-59a0dfd89c29,BTC,1697940345,9.678073368843126
5dd16e20-7875-458f-bee4-29f27dd61bbd,EUR,1697951470,-3.868504015133434
c12908fd-8688-4926-8453-c480b5ecb48a,BTC,1697968262,-9.692514139551673
9287b4ea-2911-45b2-8da7-cc3ca70cb118,BTC,1697980966,-2.8787107642977645
5d47c0f3-920d-49f5-b9b3-5afeca5ece24,XPR,1697989038,3.787607269329026
f41feb3a-a469-487a-bc9d-59a0dfd89c29,BTC,1697995826,5.561282795626436
75845357-d843-4036-841a-d2e6088b72ce,BAT,1698002357,9.31010230249655
93becbec-6a43-428a-a1ce-6b096c956ca7,BTC,1698010035,-7.187364644208014
3063533e-d3d2-46ca-91f5-6168c95c9835,ETH,1698013450,1.6572545138294892
fdaa102d-797c-4c57-a793-feb6e3aaff0d,BTC,1698013856,-1.9502388959858799
75845357-d843-4036-841a-d2e6088b72ce,USD,1698026244,-7.298075909388164
0615a717-29b9-4c76-826a-ece60a60f3ae,USD,1698026255,5.4945797934185485
beed12b3-f39a-43dc-bee6-721a89c0a937,USD,1698028629,3.251085922868386
1e6d232e-11f4-4cd6-9eb4-020af5d6a1fb,USD,1698030711,4.41763749343348
ec22ff9f-6f33-4055-bc53-7ee7d8b51c05,ETH,1698054850,-0.9831897781806482
55578bf3-84af-4f11-bf24-6be394197c26,EUR,1698086183,-8.400915761369681
3063533e-d3d2-46ca-91f5-6168c95c9835,USD,1698094003,-0.9118932897216219
75845357-d843-4036-841a-d2e6088b72ce,ETH,1698097371,4.594954440366193
bdbeede3-8470-4baf-9f28-8f9e01b935d6,USD,1698116757,1.6745203237735051
9287b4ea-2911-45b2-8da7-cc3ca70cb118,USD,1698127620,7.265019982810742
f41feb3a-a469-487a-bc9d-59a0dfd89c29,EUR,1698134647,-6.061331585769876
75845357-d843-4036-841a-d2e6088b72ce,EUR,1698148937,3.367524916944104
5d47c0f3-920d-49f5-b9b3-5afeca5ece24,XPR,1698153184,7.151409243223561
ec22ff9f-6f33-4055-bc53-7ee7d8b51c05,ETH,1698180693,7.569828196669921
75845357-d843-4036-841a-d2e6088b72ce,EUR,1698188411,-0.07944118824400803
25382ae7-1c6c-4b32-a120-7717c6f4080a,ETH,1698191673,-7.1549445110822525
79b2b699-e758-48a8-bc3b-379fa77bb478,XPR,1698198703,9.862288945697173
1e6d232e-11f4-4cd6-9eb4-020af5d6a1fb,BTC,1698209637,9.609014848107776
c2e51592-d482-4909-892e-01b0a8a0d423,ETH,1698221020,8.648492757709572
d858e131-0a18-45b3-92a5-77467ce513a5,ETH,1698232255,-7.837676094367618
9287b4ea-2911-45b2-8da7-cc3ca70cb118,USD,1698243339,-0.20793868006051142
ec22ff9f-6f33-4055-bc53-7ee7d8b51c05,BTC,1698260349,5.063532416859118
55578bf3-84af-4f11-bf24-6be394197c26,ETH,1698281114,5.450814716540442
75845357-d843-4036-841a-d2e6088b72ce,ETH,1698297254,-6.961069202618823
ec22ff9f-6f33-4055-bc53-7ee7d8b51c05,USD,1698316338,8.00986807983336
e2b54159-2bf7-4b89-850b-9f1c680b6bbe,BTC,1698349653,-7.86919765546624
a61e005c-af0a-4820-8cd1-8029218fb066,EUR,1698357601,8.033673021410983
fe3b675f-21d2-4b79-b25f-45150d0e837a,EUR,1698357940,-2.304836984195891
f41feb3a-a469-487a-bc9d-59a0dfd89c29,ETH,1698381479,8.193335688368556
f41feb3a-a469-487a-bc9d-59a0dfd89c29,XPR,1698382938,-1.8702002172143253
93becbec-6a43-428a-a1ce-6b096c956ca7,USD,1698395072,-2.175374488969439
a75ecbba-3eb1-43a0-8c9a-863569911bc3,BTC,1698423086,6.379981382799642
e84d7bec-86b6-4f13-892c-1970e2d466bc,ETH,1698434766,4.3436817166906465
75845357-d843-4036-841a-d2e6088b72ce,BTC,1698437759,5.99982996073328
c85a849b-72dd-43a9-9b24-4815240184b4,XPR,1698453157,8.093670700938997
fe3b675f-21d2-4b79-b25f-45150d0e837a,BTC,1698454470,-9.49648214831984
d94aed09-3f48-4b79-ae7d-a8f2cbf69501,XPR,1698457055,8.18135117818953
93becbec-6a43-428a-a1ce-6b096c956ca7,BTC,1698489635,4.797167635157498
93becbec-6a43-428a-a1ce-6b096c956ca7,USD,1698495159,-3.7306145471244907
75845357-d843-4036-841a-d2e6088b72ce,BTC,1698497439,8.080641788509968
fa3e5601-04c5-4918-9c31-0d02d5ed3431,EUR,1698500449,4.859648616983026
75845357-d843-4036-841a-d2e6088b72ce,ETH,1698508216,-7.056924097320769
f41feb3a-a469-487a-bc9d-59a0dfd89c29,EUR,1698508864,9.418384641403637
e3b2edbd-dff0-40c2-bfa2-20dfa632954e,BTC,1698510377,7.740096535395445
93becbec-6a43-428a-a1ce-6b096c956ca7,XPR,1698516865,-6.416145143627743
3063533e-d3d2-46ca-91f5-6168c95c9835,ETH,1698537555,0.059088013419188457
4760ba51-fb20-47c1-8751-abd21264713a,BTC,1698553074,-2.9186441248466144
75845357-d843-4036-841a-d2e6088b72ce,BTC,1698568376,2.322707544430614
beed12b3-f39a-43dc-bee6-721a89c0a937,USD,1698569904,1.4021923700069898
f41feb3a-a469-487a-bc9d-59a0dfd89c29,EUR,1698578398,-0.9742249450335265
a61e005c-af0a-4820-8cd1-8029218fb066,BTC,1698579505,0.7025194491469264
beed12b3-f39a-43dc-bee6-721a89c0a937,USD,1698587248,5.035826863040738
fe2f78e2-7054-4eba-ad62-6c2164a7e3e3,USD,1698601732,2.570148926723757
3063533e-d3d2-46ca-91f5-6168c95c9835,EUR,1698601822,4.660766224080179
3063533e-d3d2-46ca-91f5-6168c95c9835,USD,1698608238,1.666402821281153
75845357-d843-4036-841a-d2e6088b72ce,EUR,1698628141,-5.9257638133313195
a61e005c-af0a-4820-8cd1-8029218fb066,BTC,1698631528,9.191974177219194
464298b8-8b92-463e-949b-3ba65c3b58c6,ETH,1698638535,-8.958650970647168
1e6d232e-11f4-4cd6-9eb4-020af5d6a1fb,ETH,1698656939,8.68701120193256
c12908fd-8688-4926-8453-c480b5ecb48a,USD,1698659340,-5.400299128386676
a947e704-dbd7-430b-adf4-7039824b8d63,BTC,1698664425,-0.022166519368862936
6e7c8b3b-708e-4d1f-a58d-d904d91152d7,ETH,1698697149,-4.031460441010212
9287b4ea-2911-45b2-8da7-cc3ca70cb118,ETH,1698703541,-6.747869594577727
3063533e-d3d2-46ca-91f5-6168c95c9835,BTC,1698715870,-9.413422296208294
3063533e-d3d2-46ca-91f5-6168c95c9835,EUR,1698717965,-5.384105524149591
fe3b675f-21d2-4b79-b25f-45150d0e837a,ETH,1698724509,4.449833213393635
3063533e-d3d2-46ca-91f5-6168c95c9835,EUR,1698743211,8.018938219540093
93becbec-6a43-428a-a1ce-6b096c956ca7,BTC,1698757199,9.356879185469012
beed12b3-f39a-43dc-bee6-721a89c0a937,BTC,1698765720,-5.469693042807304
f1bc887e-df8c-4d6d-b633-a0432564e31a,BTC,1698771055,-4.271306872342631
3063533e-d3d2-46ca-91f5-6168c95c9835,ETH,1698772236,-2.3125075070359618
d137f350-8287-42e4-99aa-cd56cb77aa8f,BTC,1698773031,-2.804533803982956
9287b4ea-2911-45b2-8da7-cc3ca70cb118,ETH,1698783891,-8.532604296649325
75845357-d843-4036-841a-d2e6088b72ce,BAT,1698785330,-2.0634511446625137
414e4248-1b1e-4a8e-af48-e65d6c6eef6b,BTC,1698828027,8.466311804276398
fa3e5601-04c5-4918-9c31-0d02d5ed3431,EUR,1698869513,7.419538697015341
e2b54159-2bf7-4b89-850b-9f1c680b6bbe,EUR,1698883128,-5.8756424723728635
beed12b3-f39a-43dc-bee6-721a89c0a937,EUR,1698920698,-4.030970208534351
93becbec-6a43-428a-a1ce-6b096c956ca7,USD,1698934445,-3.9942405170277677
e64722ab-ac45-4631-80ac-c45da5ff8c01,CAD,1698944168,9.843901156209537
3633f00d-bf93-44be-9ad2-4c7a0e1e5679,USD,1698954930,6.332429782758769
a61e005c-af0a-4820-8cd1-8029218fb066,USD,1698982350,1.6619347443685388
fe3b675f-21d2-4b79-b25f-45150d0e837a,EUR,1698989602,-4.391228683960547
beed12b3-f39a-43dc-bee6-721a89c0a937,BAT,1699002653,0.539263955870716
e2b54159-2bf7-4b89-850b-9f1c680b6bbe,USD,1699006115,-0.35436081379534734
1e6d232e-11f4-4cd6-9eb4-020af5d6a1fb,USD,1699028086,5.211234747871391
93becbec-6a43-428a-a1ce-6b096c956ca7,BTC,1699035934,7.123672761418611
f41feb3a-a469-487a-bc9d-59a0dfd89c29,CAD,1699041728,3.1236269529662604
e2b54159-2bf7-4b89-850b-9f1c680b6bbe,BTC,1699042058,-1.4740250944897362
cc19a596-79eb-4ae6-92a8-6f7ff846355a,USD,1699044943,8.24109838614055
7e26da7f-3fe1-4790-a9bf-147bf2a852ec,ETH,1699045652,2.3514349750252137
75845357-d843-4036-841a-d2e6088b72ce,EUR,1699048944,-4.8222866537199405
3063533e-d3d2-46ca-91f5-6168c95c9835,ETH,1699069533,-8.547223035497264
4a6f2b89-07cb-4557-b821-5a8ea03d2f71,EUR,1699089593,2.8705961047648536
99c17ee8-9189-4682-8f4d-a3e22a59e12f,BAT,1699097252,6.04895107403339
c2e51592-d482-4909-892e-01b0a8a0d423,USD,1699111607,-6.26640148228325
3063533e-d3d2-46ca-91f5-6168c95c9835,BTC,1699129147,-7.992164855701249
a61e005c-af0a-4820-8cd1-8029218fb066,BTC,1699134401,5.631205555417942
75845357-d843-4036-841a-d2e6088b72ce,XPR,1699135760,-5.706178447312911
e2b54159-2bf7-4b89-850b-9f1c680b6bbe,ETH,1699157057,-8.941514605994804
39b1b575-8789-45b1-bf90-16b30832ecc0,ETH,1699160834,-8.375731292108867
a75ecbba-3eb1-43a0-8c9a-863569911bc3,BTC,1699164917,9.40644885867075
75845357-d843-4036-841a-d2e6088b72ce,ETH,1699168429,-1.0014184085123379
ec22ff9f-6f33-4055-bc53-7ee7d8b51c05,BTC,1699177543,7.973400758727763
a61e005c-af0a-4820-8cd1-8029218fb066,ETH,1699181995,6.214865206444863
f41feb3a-a469-487a-bc9d-59a0dfd89c29,EUR,1699193841,-9.893290076754717
beed12b3-f39a-43dc-bee6-721a89c0a937,ETH,1699209644,6.9860840393064265
a61e005c-af0a-4820-8cd1-8029218fb066,ETH,1699215172,-9.83376486079516
f41feb3a-a469-487a-bc9d-59a0dfd89c29,CAD,1699219690,-0.45078063496558585
414e4248-1b1e-4a8e-af48-e65d6c6eef6b,USD,1699236061,-0.9460600885572479
78db312b-071d-41d4-8ed6-d46411f44aa4,BTC,1699239449,2.7554882138680554
c98bc1a8-6926-4a59-83c9-09de99a905b4,BTC,1699262457,-3.6834205964268962
75845357-d843-4036-841a-d2e6088b72ce,BTC,1699264456,5.30524638998056
ec22ff9f-6f33-4055-bc53-7ee7d8b51c05,BTC,1699285178,-8.090787225121584
fe3b675f-21d2-4b79-b25f-45150d0e837a,ETH,1699286928,-3.700563985327337
ec22ff9f-6f33-4055-bc53-7ee7d8b51c05,ETH,1699312354,-5.622989143850083
a61e005c-af0a-4820-8cd1-8029218fb066,EUR,1699315743,1.3697956562049196
a61e005c-af0a-4820-8cd1-8029218fb066,ETH,1699316213,-7.489389898283867
3063533e-d3d2-46ca-91f5-6168c95c9835,ETH,1699354989,2.651278133522725
a75ecbba-3eb1-43a0-8c9a-863569911bc3,EUR,1699376927,6.62904706233034
93becbec-6a43-428a-a1ce-6b096c956ca7,BTC,1699403467,1.0443391837508003
3063533e-d3d2-46ca-91f5-6168c95c9835,ETH,1699403709,-9.401923102149535
39b1b575-8789-45b1-bf90-16b30832ecc0,EUR,1699404850,-5.216910632961154
fe3b675f-21d2-4b79-b25f-45150d0e837a,EUR,1699422255,0.6736413475261642
78fec595-1f14-4e85-b295-e430a6ba7686,BTC,1699424076,-6.959314664535736
9287b4ea-2911-45b2-8da7-cc3ca70cb118,ETH,1699448140,2.728660933450559
fe3b675f-21d2-4b79-b25f-45150d0e837a,USD,1699449425,5.853892451276666
f41feb3a-a469-487a-bc9d-59a0dfd89c29,EUR,1699452914,6.320373560144851
f41feb3a-a469-487a-bc9d-59a0dfd89c29,USD,1699461645,9.78420041925964
a61e005c-af0a-4820-8cd1-8029218fb066,USD,1699476567,4.91423375137707
fe3b675f-21d2-4b79-b25f-45150d0e837a,ETH,1699483835,-2.225200379701649
fe3b675f-21d2-4b79-b25f-45150d0e837a,USD,1699487863,-5.387631911996101
9287b4ea-2911-45b2-8da7-cc3ca70cb118,EUR,1699492852,9.052051139502598
75845357-d843-4036-841a-d2e6088b72ce,ETH,1699496717,-4.290661453760802
bdbeede3-8470-4baf-9f28-8f9e01b935d6,EUR,1699501462,-2.508981031755382
a61e005c-af0a-4820-8cd1-8029218fb066,EUR,1699542773,-1.8342745317190197
3063533e-d3d2-46ca-91f5-6168c95c9835,USD,1699554444,-5.91488030728531
fe3b675f-21d2-4b79-b25f-45150d0e837a,EUR,1699555737,-5.1147827905365
e3b2edbd-dff0-40c2-bfa2-20dfa632954e,ETH,1699565251,-9.86508314839818
1e6d232e-11f4-4cd6-9eb4-020af5d6a1fb,CAD,1699581353,-1.4420146382777776
75845357-d843-4036-841a-d2e6088b72ce,BTC,1699587715,9.686956807892106
7e26da7f-3fe1-4790-a9bf-147bf2a852ec,EUR,1699592989,-8.890208119943884
5b8e58a5-9b9f-4f1b-969f-21dbee72f0bb,USD,1699594107,-5.403986019511924
9287b4ea-2911-45b2-8da7-cc3ca70cb118,BAT,1699598904,-7.184077402244156
f41feb3a-a469-487a-bc9d-59a0dfd89c29,USD,1699600251,4.058887296154911
75845357-d843-4036-841a-d2e6088b72ce,USD,1699600883,4.301636671831261
a61e005c-af0a-4820-8cd1-8029218fb066,EUR,1699606254,7.034946752710685
c12908fd-8688-4926-8453-c480b5ecb48a,EUR,1699617151,2.5374835831777567
3633f00d-bf93-44be-9ad2-4c7a0e1e5679,ETH,1699632233,-4.976736910457619
f41feb3a-a469-487a-bc9d-59a0dfd89c29,EUR,1699641909,5.968607301709511
987eae8b-a10b-4a88-a437-37a982f5acb5,BTC,1699660618,-5.82824622297188
fe3b675f-21d2-4b79-b25f-45150d0e837a,BTC,1699666723,0.5148049134175352
3063533e-d3d2-46ca-91f5-6168c95c9835,ETH,1699694793,-3.43018944456208
beed12b3-f39a-43dc-bee6-721a89c0a937,USD,1699695359,2.7499646723601856
ec22ff9f-6f33-4055-bc53-7ee7d8b51c05,EUR,1699701813,-8.502109567315516
ec22ff9f-6f33-4055-bc53-7ee7d8b51c05,BTC,1699714041,-4.168395202953164
ec22ff9f-6f33-4055-bc53-7ee7d8b51c05,EUR,1699714981,3.2127325768645516
d137f350-8287-42e4-99aa-cd56cb77aa8f,ETH,1699720242,6.719547509993426
7e26da7f-3fe1-4790-a9bf-147bf2a852ec,BTC,1699741314,3.8837216133790786
f41feb3a-a469-487a-bc9d-59a0dfd89c29,BTC,1699758448,-3.5030409421847803
5fec4264-78eb-43ed-9c3d-33b6e58a8c3f,EUR,1699781426,2.021942635930845
e2b54159-2bf7-4b89-850b-9f1c680b6bbe,EUR,1699791989,1.1186170125514199
9287b4ea-2911-45b2-8da7-cc3ca70cb118,USD,1699794702,0.3168369481152844
a61e005c-af0a-4820-8cd1-8029218fb066,USD,1699796460,3.9811913801780143
3063533e-d3d2-46ca-91f5-6168c95c9835,USD,1699811417,-3.4781333299499684
38a23cc5-363b-43c7-ba39-5daa13ed4e2b,EUR,1699821258,-1.068016091238821
75845357-d843-4036-841a-d2e6088b72ce,EUR,1699836149,0.7622498772857185
75845357-d843-4036-841a-d2e6088b72ce,EUR,1699848428,9.221840158294604
7c615c0c-a984-410a-bbe4-7f9b06d717f8,BTC,1699849181,7.375332913636775
464298b8-8b92-463e-949b-3ba65c3b58c6,ETH,1699858234,3.813092327374612
92934d8d-a4cc-456f-97ca-c77f528c6bda,USD,1699859584,2.82603712148277
ec22ff9f-6f33-4055-bc53-7ee7d8b51c05,XPR,1699866430,2.8289991170083475
beed12b3-f39a-43dc-bee6-721a89c0a937,BTC,1699867285,3.1233038207871893
75845357-d843-4036-841a-d2e6088b72ce,EUR,1699877525,-2.617097783090914
93becbec-6a43-428a-a1ce-6b096c956ca7,BTC,1699880500,0.9304957637692155
ec22ff9f-6f33-4055-bc53-7ee7d8b51c05,BAT,1699920218,-3.180468292758592
fe3b675f-21d2-4b79-b25f-45150d0e837a,ETH,1699958828,-0.31865561281319543
9287b4ea-2911-45b2-8da7-cc3ca70cb118,ETH,1699967121,-9.038525740308911
f41feb3a-a469-487a-bc9d-59a0dfd89c29,ETH,1699967493,2.6193607083234127
3063533e-d3d2-46ca-91f5-6168c95c9835,BTC,1699967935,8.691843398304297
3063533e-d3d2-46ca-91f5-6168c95c9835,EUR,1699973615,-6.294515762063493
06864593-c803-470c-a6cc-acbbed53c0cb,EUR,1700017197,1.6717095096600243
93becbec-6a43-428a-a1ce-6b096c956ca7,BTC,1700018600,9.22589121958223
93becbec-6a43-428a-a1ce-6b096c956ca7,BTC,1700024132,4.930788725571496
dc45ff15-8e0b-4d6a-ba44-195073e4bd0a,ETH,1700025474,-8.777277332396265
e2b54159-2bf7-4b89-850b-9f1c680b6bbe,USD,1700039192,-6.6910258272868255
f41feb3a-a469-487a-bc9d-59a0dfd89c29,EUR,1700042631,-2.2837882056829306
9287b4ea-2911-45b2-8da7-cc3ca70cb118,XPR,1700044125,2.0956577075612834
ec22ff9f-6f33-4055-bc53-7ee7d8b51c05,BTC,1700045106,3.9059282806358375
fe3b675f-21d2-4b79-b25f-45150d0e837a,XPR,1700050187,4.695402265607505
7e26da7f-3fe1-4790-a9bf-147bf2a852ec,EUR,1700066045,-3.309864380655039
3063533e-d3d2-46ca-91f5-6168c95c9835,EUR,1700070057,0.4942835819901177
fe3b675f-21d2-4b79-b25f-45150d0e837a,ETH,1700075817,-1.3342916058686072
c0ad94db-d257-4e4a-84ca-b9e73442cf78,ETH,1700077367,-5.721557847247616
93becbec-6a43-428a-a1ce-6b096c956ca7,EUR,1700079432,-0.1973734123534534
9b2e8458-726f-42d9-97cb-5e66de168da5,USD,1700092599,-0.3672047182186233
fe3b675f-21d2-4b79-b25f-45150d0e837a,BAT,1700097559,1.6869715389921147
d83f6123-2f33-402e-9fb1-25a96c6d19f5,BTC,1700110489,-6.537778887256415
3063533e-d3d2-46ca-91f5-6168c95c9835,USD,1700135589,8.600922580432801
c2e51592-d482-4909-892e-01b0a8a0d423,CAD,1700138421,1.5876708163465647
beed12b3-f39a-43dc-bee6-721a89c0a937,ETH,1700139638,-4.16948747987399
ec22ff9f-6f33-4055-bc53-7ee7d8b51c05,BTC,1700141966,-0.007675547275646011
ec22ff9f-6f33-4055-bc53-7ee7d8b51c05,BTC,1700151379,1.0150801607828992
3063533e-d3d2-46ca-91f5-6168c95c9835,USD,1700155417,-0.5189516059923243
ec22ff9f-6f33-4055-bc53-7ee7d8b51c05,BTC,1700162940,-4.8868258842218655
9287b4ea-2911-45b2-8da7-cc3ca70cb118,USD,1700169637,-3.4747185187966023
01f5b699-535e-415c-af84-446e5c00385e,EUR,1700170159,-4.16007098814283
fe3b675f-21d2-4b79-b25f-45150d0e837a,BAT,1700215412,-4.970746137135529
75845357-d843-4036-841a-d2e6088b72ce,USD,1700242673,-5.520919697615567
4b2f64c2-d6b2-421b-a6af-685573cd7f56,CAD,1700244183,7.950628670882676
9287b4ea-2911-45b2-8da7-cc3ca70cb118,EUR,1700269964,7.703111799750239
e2b54159-2bf7-4b89-850b-9f1c680b6bbe,EUR,1700276875,8.659856162766246
f89443b9-1dfe-427e-b718-8846f977bf51,BTC,1700289694,6.473907218407419
ec22ff9f-6f33-4055-bc53-7ee7d8b51c05,BTC,1700299185,0.3310065683379566
beed12b3-f39a-43dc-bee6-721a89c0a937,EUR,1700299587,-8.57501458088235
99c17ee8-9189-4682-8f4d-a3e22a59e12f,BTC,1700304621,-0.12819541291383807
1c624660-7fbd-43a5-b791-c997b810db49,EUR,1700321467,-6.393699492583538
3063533e-d3d2-46ca-91f5-6168c95c9835,EUR,1700323763,-5.811744651786621
beed12b3-f39a-43dc-bee6-721a89c0a937,EUR,1700324963,-0.6313498855413595
6044e2ef-8425-487c-b8bf-b88a87cc43f9,XPR,1700336822,0.39117831718264995
c2e51592-d482-4909-892e-01b0a8a0d423,ETH,1700365259,3.850856877145814
75845357-d843-4036-841a-d2e6088b72ce,BTC,1700366279,-5.343677170065284
f41feb3a-a469-487a-bc9d-59a0dfd89c29,USD,1700376151,1.2543237555406925
e2b54159-2bf7-4b89-850b-9f1c680b6bbe,USD,1700393391,7.857056896121641
4a6f2b89-07cb-4557-b821-5a8ea03d2f71,EUR,1700394992,-0.9458534523223676
c85a849b-72dd-43a9-9b24-4815240184b4,USD,1700402481,-9.90566379287549
3063533e-d3d2-46ca-91f5-6168c95c9835,BTC,1700418796,-0.18084376176112293
fe3b675f-21d2-4b79-b25f-45150d0e837a,BTC,1700430286,2.7156535556315937
93becbec-6a43-428a-a1ce-6b096c956ca7,ETH,1700439893,-8.1960825041981
3063533e-d3d2-46ca-91f5-6168c95c9835,BTC,1700445474,-8.50057200216414
e2b54159-2bf7-4b89-850b-9f1c680b6bbe,ETH,1700452010,0.4104611181351068
3063533e-d3d2-46ca-91f5-6168c95c9835,EUR,1700453517,5.846388995888827
a61e005c-af0a-4820-8cd1-8029218fb066,BTC,1700458441,7.812351328269319
93becbec-6a43-428a-a1ce-6b096c956ca7,USD,1700464199,-4.481074853837674
4b2f64c2-d6b2-421b-a6af-685573cd7f56,BAT,1700464369,5.727274121414991
4832c931-325f-4bda-9926-9dfc310ccbad,BAT,1700465688,5.991648641375452
fe3b675f-21d2-4b79-b25f-45150d0e837a,EUR,1700485764,-0.6000663016711965
4832c931-325f-4bda-9926-9dfc310ccbad,BTC,1700492546,2.4379939037218676
d216d37c-df5d-4c8d-a79d-8cb1f7dbc0f7,BTC,1700501246,2.9417700626203285
960aed32-ddad-4784-a770-74fc1ff0da8d,EUR,1700501748,-3.2921002551303573
9287b4ea-2911-45b2-8da7-cc3ca70cb118,EUR,1700506043,9.375300108681579
9287b4ea-2911-45b2-8da7-cc3ca70cb118,EUR,1700529490,-4.6528097050518324
93becbec-6a43-428a-a1ce-6b096c956ca7,EUR,1700531253,7.166734550900401
93becbec-6a43-428a-a1ce-6b096c956ca7,EUR,1700579221,-5.20585104896421
9287b4ea-2911-45b2-8da7-cc3ca70cb118,EUR,1700585600,4.66740609776191
ec22ff9f-6f33-4055-bc53-7ee7d8b51c05,ETH,1700591049,0.5570167274700033
75845357-d843-4036-841a-d2e6088b72ce,USD,1700603339,-0.5456507699164703
e64722ab-ac45-4631-80ac-c45da5ff8c01,EUR,1700603405,-2.4284818414104903
fe3b675f-21d2-4b79-b25f-45150d0e837a,BTC,1700603818,-6.586238993889442
c2e51592-d482-4909-892e-01b0a8a0d423,EUR,1700605957,-7.098095506455174
fe3b675f-21d2-4b79-b25f-45150d0e837a,ETH,1700620546,-5.123917242884774
a61e005c-af0a-4820-8cd1-8029218fb066,CAD,1700628136,-8.089089351812596
f41feb3a-a469-487a-bc9d-59a0dfd89c29,USD,1700643152,8.877652873513476
75845357-d843-4036-841a-d2e6088b72ce,BTC,1700646636,-6.711148449731743
fe2f78e2-7054-4eba-ad62-6c2164a7e3e3,USD,1700655738,-8.562695473457854
f41feb3a-a469-487a-bc9d-59a0dfd89c29,USD,1700668475,3.886643655798901
9287b4ea-2911-45b2-8da7-cc3ca70cb118,EUR,1700673695,3.7413563054133707
fa3e5601-04c5-4918-9c31-0d02d5ed3431,USD,1700678871,-5.823980148712287
93becbec-6a43-428a-a1ce-6b096c956ca7,ETH,1700683074,-9.185337765685063
a61e005c-af0a-4820-8cd1-8029218fb066,ETH,1700708443,0.6462700017014722
9287b4ea-2911-45b2-8da7-cc3ca70cb118,BTC,1700711350,4.193884739788354
beed12b3-f39a-43dc-bee6-721a89c0a937,EUR,1700713383,-8.372386216005744
beed12b3-f39a-43dc-bee6-721a89c0a937,BTC,1700719782,-8.650455626000435
89e5edba-3eef-4514-856a-287526ae50fa,USD,1700719902,0.5645643218194873
ec22ff9f-6f33-4055-bc53-7ee7d8b51c05,EUR,1700727025,-0.5599248405215853
b8599949-2ffc-44c4-bc46-2e596e131c17,XPR,1700729110,0.5808610028024059
3063533e-d3d2-46ca-91f5-6168c95c9835,ETH,1700749380,-2.251436406146037
3063533e-d3d2-46ca-91f5-6168c95c9835,EUR,1700757128,-6.270270040061172
bdbeede3-8470-4baf-9f28-8f9e01b935d6,ETH,1700767434,5.783206937618941
75845357-d843-4036-841a-d2e6088b72ce,BTC,1700785993,-0.6112906595789429
5b8e58a5-9b9f-4f1b-969f-21dbee72f0bb,BTC,1700789723,9.81517728957365
beed12b3-f39a-43dc-bee6-721a89c0a937,USD,1700828615,-2.8887576413820693
9287b4ea-2911-45b2-8da7-cc3ca70cb118,ETH,1700831428,2.121974289433041
e2b54159-2bf7-4b89-850b-9f1c680b6bbe,USD,1700834393,0.22101573287768694
75845357-d843-4036-841a-d2e6088b72ce,ETH,1700836872,-8.175127438656713
39b1b575-8789-45b1-bf90-16b30832ecc0,EUR,1700841912,8.35269015056317
93becbec-6a43-428a-a1ce-6b096c956ca7,USD,1700845009,-2.663289411903711
f41feb3a-a469-487a-bc9d-59a0dfd89c29,ETH,1700845533,0.3872948643748302
3063533e-d3d2-46ca-91f5-6168c95c9835,EUR,1700845578,8.822190390449165
3063533e-d3d2-46ca-91f5-6168c95c9835,BTC,1700877589,-6.897034480936332
3063533e-d3d2-46ca-91f5-6168c95c9835,USD,1700901496,2.5165105663336576
7d6a9d9e-25b5-4ce1-b8bd-087f702725cc,ETH,1700920869,5.44703163286851
4b2f64c2-d6b2-421b-a6af-685573cd7f56,BTC,1700924675,6.287548101640667
a61e005c-af0a-4820-8cd1-8029218fb066,USD,1700926826,3.3166955400223657
9287b4ea-2911-45b2-8da7-cc3ca70cb118,USD,1700931829,2.089051336104305
06864593-c803-470c-a6cc-acbbed53c0cb,BTC,1700976628,5.406107582310204
f30a7fba-468c-4b04-aac4-8cf836652573,USD,1700993753,6.148748857410972
e2b54159-2bf7-4b89-850b-9f1c680b6bbe,BTC,1700999257,1.7163650186994097
7c615c0c-a984-410a-bbe4-7f9b06d717f8,EUR,1700999808,1.4971042692386245
3633f00d-bf93-44be-9ad2-4c7a0e1e5679,EUR,1701006977,-4.765133205374452
89e5edba-3eef-4514-856a-287526ae50fa,USD,1701019644,-7.016198330736396
93becbec-6a43-428a-a1ce-6b096c956ca7,BTC,1701032217,-0.45941512475780755
e3b2edbd-dff0-40c2-bfa2-20dfa632954e,USD,1701034837,9.548967370718994
fe3b675f-21d2-4b79-b25f-45150d0e837a,BTC,1701051359,9.321959358023257
a61e005c-af0a-4820-8cd1-8029218fb066,ETH,1701059446,-4.453196051786248
e2b54159-2bf7-4b89-850b-9f1c680b6bbe,USD,1701061998,2.400062359428965
fe3b675f-21d2-4b79-b25f-45150d0e837a,EUR,1701062978,6.684700138082704
ec22ff9f-6f33-4055-bc53-7ee7d8b51c05,BAT,1701077590,4.993159646655116
beed12b3-f39a-43dc-bee6-721a89c0a937,USD,1701079323,-9.229338679018129
f41feb3a-a469-487a-bc9d-59a0dfd89c29,EUR,1701088019,-8.884606400591446
75845357-d843-4036-841a-d2e6088b72ce,USD,1701090936,-0.06292999034010904
414e4248-1b1e-4a8e-af48-e65d6c6eef6b,ETH,1701093443,7.120093440018081
fe3b675f-21d2-4b79-b25f-45150d0e837a,EUR,1701093951,6.783601153323978
8f08a9c5-0884-4bd2-8d00-d772d32654a1,USD,1701109601,-9.12319114337005
a61e005c-af0a-4820-8cd1-8029218fb066,BAT,1701139473,2.4177112812820045
a61e005c-af0a-4820-8cd1-8029218fb066,ETH,1701151437,-7.938959965660963
beed12b3-f39a-43dc-bee6-721a89c0a937,EUR,1701162062,-3.0144021174179203
9287b4ea-2911-45b2-8da7-cc3ca70cb118,USD,1701216432,5.066900311286073
df2392b6-0dd6-4e24-82fb-b0a403615b06,ETH,1701220260,-3.7648912333556517
beed12b3-f39a-43dc-bee6-721a89c0a937,ETH,1701225618,-9.281805546979495
beed12b3-f39a-43dc-bee6-721a89c0a937,BTC,1701227268,-1.3937441788096816
fe3b675f-21d2-4b79-b25f-45150d0e837a,BTC,1701232154,-4.5000356663816525
5d47c0f3-920d-49f5-b9b3-5afeca5ece24,BTC,1701243299,2.9919590974256565
75845357-d843-4036-841a-d2e6088b72ce,USD,1701264276,9.866136235516556
fe3b675f-21d2-4b79-b25f-45150d0e837a,BTC,1701292088,5.746086088004212
f41feb3a-a469-487a-bc9d-59a0dfd89c29,BTC,1701296154,9.152732865915908
e2b54159-2bf7-4b89-850b-9f1c680b6bbe,BTC,1701312548,3.9337944941087972
fe3b675f-21d2-4b79-b25f-45150d0e837a,ETH,1701317354,2.4288473435317943
a61e005c-af0a-4820-8cd1-8029218fb066,ETH,1701329862,4.689071500304729
197e14d9-700c-4d53-8b6e-f2c45d2bfac9,EUR,1701332141,-7.7695194090965
f41feb3a-a469-487a-bc9d-59a0dfd89c29,USD,1701334684,4.258364830308192
ec22ff9f-6f33-4055-bc53-7ee7d8b51c05,CAD,1701341696,9.25217128998414
beed12b3-f39a-43dc-bee6-721a89c0a937,USD,1701352236,-2.0280144717408106
e2b54159-2bf7-4b89-850b-9f1c680b6bbe,USD,1701356930,1.493512622188188
75845357-d843-4036-841a-d2e6088b72ce,USD,1701366377,4.285052988327383
c5cefec7-2341-4c3e-bee1-cb30fee93bd8,XPR,1701375034,-0.002423896888231525
e2b54159-2bf7-4b89-850b-9f1c680b6bbe,EUR,1701384219,7.9779168379123675
beed12b3-f39a-43dc-bee6-721a89c0a937,USD,1701386217,0.701083751078496
197e14d9-700c-4d53-8b6e-f2c45d2bfac9,BTC,1701388301,0.6584814745865906
a61e005c-af0a-4820-8cd1-8029218fb066,USD,1701389546,0.8031492600009109
5a623012-bb14-4bc5-977a-8d57033a1342,XPR,1701397805,4.6616250281843925
06864593-c803-470c-a6cc-acbbed53c0cb,BTC,1701406366,4.796312483190821
e2b54159-2bf7-4b89-850b-9f1c680b6bbe,USD,1701407795,-7.607919997508532
ec22ff9f-6f33-4055-bc53-7ee7d8b51c05,EUR,1701412723,-5.865946405653137
75845357-d843-4036-841a-d2e6088b72ce,ETH,1701429256,-9.351190528350129
ec22ff9f-6f33-4055-bc53-7ee7d8b51c05,BTC,1701430741,-8.641552459718948
a61e005c-af0a-4820-8cd1-8029218fb066,BTC,1701431586,7.987644186881045
93becbec-6a43-428a-a1ce-6b096c956ca7,USD,1701434393,-0.5520390432023365
e2b54159-2bf7-4b89-850b-9f1c680b6bbe,BTC,1701457707,4.525673965352059
f2bd38cb-310b-457e-8cb1-c8b5bb589288,BTC,1701460741,2.586913076451209
8f08a9c5-0884-4bd2-8d00-d772d32654a1,ETH,1701461465,-9.518256512736851
ec22ff9f-6f33-4055-bc53-7ee7d8b51c05,USD,1701461479,2.677897366245851
99c17ee8-9189-4682-8f4d-a3e22a59e12f,BTC,1701466924,3.2413677591929098
992286bf-16a1-43d3-a31d-642222d91603,XPR,1701489991,8.954645878191293
39b1b575-8789-45b1-bf90-16b30832ecc0,XPR,1701493561,8.997413349831756
9287b4ea-2911-45b2-8da7-cc3ca70cb118,BTC,1701496161,7.6899281754478395
e2b54159-2bf7-4b89-850b-9f1c680b6bbe,CAD,1701506888,-0.10367317602100634
a61e005c-af0a-4820-8cd1-8029218fb066,BTC,1701510240,3.121304609395118
3063533e-d3d2-46ca-91f5-6168c95c9835,CAD,1701528700,-8.610267820388414
0640659b-bfbc-414c-8e89-4c316287a8dd,USD,1701543898,-4.337457358016743
fe3b675f-21d2-4b79-b25f-45150d0e837a,BAT,1701552132,4.338560933180009
a61e005c-af0a-4820-8cd1-8029218fb066,XPR,1701552489,-8.882090140403058
beed12b3-f39a-43dc-bee6-721a89c0a937,ETH,1701559335,-8.153908722468623
beed12b3-f39a-43dc-bee6-721a89c0a937,BAT,1701577616,-2.796108642711806
044ebe23-2980-4172-aa8b-f59e48b07343,BTC,1701579631,6.874052487150323
beed12b3-f39a-43dc-bee6-721a89c0a937,BTC,1701596545,-7.216445486135452
3063533e-d3d2-46ca-91f5-6168c95c9835,BAT,1701619236,6.392430966799022
68b37b28-d244-45ab-94c4-21f57bb55a62,ETH,1701620304,-1.5093446077989014
5d47c0f3-920d-49f5-b9b3-5afeca5ece24,USD,1701626157,-9.954544546537855
9287b4ea-2911-45b2-8da7-cc3ca70cb118,XPR,1701640327,4.199686894456381
b61477de-b466-4b13-8a72-e80a721689ca,EUR,1701642816,3.5669663055415555
e3b2edbd-dff0-40c2-bfa2-20dfa632954e,EUR,1701645628,-1.730038081668157
93becbec-6a43-428a-a1ce-6b096c956ca7,ETH,1701660692,-3.8245691335809173
ec22ff9f-6f33-4055-bc53-7ee7d8b51c05,USD,1701678176,-3.34033530630996
a61e005c-af0a-4820-8cd1-8029218fb066,ETH,1701680576,8.560637639169318
93becbec-6a43-428a-a1ce-6b096c956ca7,USD,1701690070,-9.333345456648745
beed12b3-f39a-43dc-bee6-721a89c0a937,EUR,1701691178,-0.49664362084955016
a61e005c-af0a-4820-8cd1-8029218fb066,EUR,1701691811,-4.437015464312701
fe3b675f-21d2-4b79-b25f-45150d0e837a,BTC,1701692538,1.9301084764751373
93becbec-6a43-428a-a1ce-6b096c956ca7,BTC,1701692732,-4.474811437397717
e2b54159-2bf7-4b89-850b-9f1c680b6bbe,BTC,1701694881,0.6157544109824755
ec22ff9f-6f33-4055-bc53-7ee7d8b51c05,ETH,1701724424,-1.6887170518567665
ec22ff9f-6f33-4055-bc53-7ee7d8b51c05,USD,1701730328,-7.281039271082026
9287b4ea-2911-45b2-8da7-cc3ca70cb118,USD,1701766587,-3.4031500315859597
414e4248-1b1e-4a8e-af48-e65d6c6eef6b,EUR,1701768517,1.920923805684012
ec22ff9f-6f33-4055-bc53-7ee7d8b51c05,ETH,1701794648,-3.3504990698711516
f41feb3a-a469-487a-bc9d-59a0dfd89c29,EUR,1701816338,-7.541465555449838
beed12b3-f39a-43dc-bee6-721a89c0a937,EUR,1701820868,-3.767956872731233
beed12b3-f39a-43dc-bee6-721a89c0a937,EUR,1701832561,-1.4129617085086288
7c615c0c-a984-410a-bbe4-7f9b06d717f8,USD,1701855597,-5.680880076330999
75845357-d843-4036-841a-d2e6088b72ce,ETH,1701874880,-7.46182054127666
ec22ff9f-6f33-4055-bc53-7ee7d8b51c05,USD,1701891730,4.598426096205049
a61e005c-af0a-4820-8cd1-8029218fb066,EUR,1701909979,-7.0989226025532375
992286bf-16a1-43d3-a31d-642222d91603,ETH,1701933264,0.8522519763761593
93becbec-6a43-428a-a1ce-6b096c956ca7,ETH,1701936178,-2.844559612731281
beed12b3-f39a-43dc-bee6-721a89c0a937,USD,1701947034,-0.6348729387954499
9b889da5-cd5e-4fea-9680-e4aef39193ad,EUR,1701957267,4.330786256947006
fe3b675f-21d2-4b79-b25f-45150d0e837a,USD,1701962493,-6.21620397494344
fe3b675f-21d2-4b79-b25f-45150d0e837a,USD,1701988907,-2.8599855959407243
01f5b699-535e-415c-af84-446e5c00385e,ETH,1702000272,5.4815832527862405
9287b4ea-2911-45b2-8da7-cc3ca70cb118,XPR,1702005285,1.9770297785756323
e2b54159-2bf7-4b89-850b-9f1c680b6bbe,ETH,1702025914,-9.770151265561308
5dd16e20-7875-458f-bee4-29f27dd61bbd,BTC,1702036924,-4.482159346444328
9b2e8458-726f-42d9-97cb-5e66de168da5,BTC,1702051698,-2.759332427017636
3063533e-d3d2-46ca-91f5-6168c95c9835,ETH,1702064303,-5.221859361551234
e2b54159-2bf7-4b89-850b-9f1c680b6bbe,ETH,1702064632,-4.107505213474434
e2b54159-2bf7-4b89-850b-9f1c680b6bbe,EUR,1702067166,-1.0068530641916151
d4dcb8fa-5698-4391-a79f-043adda8a220,ETH,1702071032,-1.5986673958478654
8f08a9c5-0884-4bd2-8d00-d772d32654a1,USD,1702078956,-3.712222099838913
75845357-d843-4036-841a-d2e6088b72ce,ETH,1702079510,-0.25852973683472236
3063533e-d3d2-46ca-91f5-6168c95c9835,BTC,1702097497,-5.3303389816986275
fe2f78e2-7054-4eba-ad62-6c2164a7e3e3,XPR,1702119479,3.7539890790903225
fdaa102d-797c-4c57-a793-feb6e3aaff0d,USD,1702126228,1.0842048632246222
a61e005c-af0a-4820-8cd1-8029218fb066,ETH,1702127004,-4.635237131199428
5a623012-bb14-4bc5-977a-8d57033a1342,EUR,1702139577,-5.309029778031984
beed12b3-f39a-43dc-bee6-721a89c0a937,USD,1702141997,6.801338515504945
f41feb3a-a469-487a-bc9d-59a0dfd89c29,ETH,1702143827,7.136355817947635
a61e005c-af0a-4820-8cd1-8029218fb066,BTC,1702147423,-3.386841294153937
e2b54159-2bf7-4b89-850b-9f1c680b6bbe,BTC,1702161269,-0.7603310560692744
7e26da7f-3fe1-4790-a9bf-147bf2a852ec,ETH,1702178523,-8.133747487424623
ec22ff9f-6f33-4055-bc53-7ee7d8b51c05,ETH,1702179171,-0.12915858004221725
beed12b3-f39a-43dc-bee6-721a89c0a937,BTC,1702182957,8.217711936134314
ec22ff9f-6f33-4055-bc53-7ee7d8b51c05,XPR,1702183630,-0.8673783334205627
f41feb3a-a469-487a-bc9d-59a0dfd89c29,BTC,1702203619,3.291889025504698
ec22ff9f-6f33-4055-bc53-7ee7d8b51c05,XPR,1702205051,5.815054471489772
f41feb3a-a469-487a-bc9d-59a0dfd89c29,EUR,1702218383,-1.6960590788327412
a61e005c-af0a-4820-8cd1-8029218fb066,XPR,1702220523,-0.43659463315190905
e2b54159-2bf7-4b89-850b-9f1c680b6bbe,BTC,1702236999,-3.6383845451257635
fa3e5601-04c5-4918-9c31-0d02d5ed3431,USD,1702245866,-6.448867803910902
cb1a5abb-9cf9-4e37-91ab-83d3959b1277,USD,1702246444,-2.273330402468339
3063533e-d3d2-46ca-91f5-6168c95c9835,USD,1702261102,-7.24005099270326
a61e005c-af0a-4820-8cd1-8029218fb066,ETH,1702264645,8.952344573530773
ec22ff9f-6f33-4055-bc53-7ee7d8b51c05,BTC,1702269352,-3.9301720824785313
75845357-d843-4036-841a-d2e6088b72ce,EUR,1702282689,-2.9676933388879174
9287b4ea-2911-45b2-8da7-cc3ca70cb118,USD,1702305401,-8.647635966660559
beed12b3-f39a-43dc-bee6-721a89c0a937,EUR,1702314298,3.6632497481300668
75845357-d843-4036-841a-d2e6088b72ce,BTC,1702324482,-7.135836146146685
f41feb3a-a469-487a-bc9d-59a0dfd89c29,EUR,1702325924,-3.386389609758651
fe3b675f-21d2-4b79-b25f-45150d0e837a,USD,1702329891,-0.46924118385300595
9287b4ea-2911-45b2-8da7-cc3ca70cb118,USD,1702336747,6.450708780939454
beed12b3-f39a-43dc-bee6-721a89c0a937,USD,1702341162,-0.27565192295008956
93becbec-6a43-428a-a1ce-6b096c956ca7,ETH,1702348678,9.760355492012604
beed12b3-f39a-43dc-bee6-721a89c0a937,USD,1702357851,-8.761652205425527
a61e005c-af0a-4820-8cd1-8029218fb066,ETH,1702379686,-6.9782956395124724
75845357-d843-4036-841a-d2e6088b72ce,ETH,1702405340,-8.723654864314236
fe3b675f-21d2-4b79-b25f-45150d0e837a,EUR,1702427717,-4.111200210408549
259c4a32-9c8f-474a-9f8b-3a9ded89e9b3,USD,1702459978,3.3711426262712063
cc19a596-79eb-4ae6-92a8-6f7ff846355a,USD,1702463457,5.9109677778393745
3063533e-d3d2-46ca-91f5-6168c95c9835,EUR,1702476677,-2.4722374204364446
beed12b3-f39a-43dc-bee6-721a89c0a937,USD,1702484568,5.160850856479657
75845357-d843-4036-841a-d2e6088b72ce,USD,1702487960,-6.997559681002626
f41feb3a-a469-487a-bc9d-59a0dfd89c29,EUR,1702510682,0.9190576268303285
a61e005c-af0a-4820-8cd1-8029218fb066,USD,1702520379,5.3727371574152
3063533e-d3d2-46ca-91f5-6168c95c9835,ETH,1702528507,4.558009547306455
f41feb3a-a469-487a-bc9d-59a0dfd89c29,BTC,1702549265,-1.3088867135606606
9b889da5-cd5e-4fea-9680-e4aef39193ad,BTC,1702565340,6.552362014455344
3caf1a3a-46cf-4c91-b352-9ea9f0c571ec,BTC,1702565722,-8.784840107534357
75845357-d843-4036-841a-d2e6088b72ce,ETH,1702567769,-0.41228968645161146
9287b4ea-2911-45b2-8da7-cc3ca70cb118,BTC,1702573477,6.117894983266204
b61477de-b466-4b13-8a72-e80a721689ca,ETH,1702606773,9.748261370377417
75845357-d843-4036-841a-d2e6088b72ce,EUR,1702609229,8.025963566385723
f41feb3a-a469-487a-bc9d-59a0dfd89c29,USD,1702614562,3.536548870709739
93becbec-6a43-428a-a1ce-6b096c956ca7,ETH,1702614989,-6.935229073197133
3063533e-d3d2-46ca-91f5-6168c95c9835,BAT,1702616086,-4.070870627586059
a61e005c-af0a-4820-8cd1-8029218fb066,ETH,1702660115,-7.001153491681982
e2b54159-2bf7-4b89-850b-9f1c680b6bbe,EUR,1702676113,-4.924958263310977
75845357-d843-4036-841a-d2e6088b72ce,BAT,1702696071,6.691665551518746
3633f00d-bf93-44be-9ad2-4c7a0e1e5679,BTC,1702698561,-6.868373841810103
ec22ff9f-6f33-4055-bc53-7ee7d8b51c05,ETH,1702708945,-8.085184328948126
1c624660-7fbd-43a5-b791-c997b810db49,USD,1702709715,-3.2162617984825026
d858e131-0a18-45b3-92a5-77467ce513a5,USD,1702716764,6.951299688709547
75845357-d843-4036-841a-d2e6088b72ce,ETH,1702736200,9.460104428936877
9287b4ea-2911-45b2-8da7-cc3ca70cb118,EUR,1702742549,-1.62758620376367
f41feb3a-a469-487a-bc9d-59a0dfd89c29,USD,1702757387,-7.804607083455468
93becbec-6a43-428a-a1ce-6b096c956ca7,BTC,1702761474,5.4226528086587
e2b54159-2bf7-4b89-850b-9f1c680b6bbe,EUR,1702782212,-2.157828788337797
e2b54159-2bf7-4b89-850b-9f1c680b6bbe,EUR,1702790009,-6.051359178138512
75845357-d843-4036-841a-d2e6088b72ce,USD,1702802217,-9.714826079214278
a61e005c-af0a-4820-8cd1-8029218fb066,EUR,1702806314,-8.462467650471766
4832c931-325f-4bda-9926-9dfc310ccbad,EUR,1702817022,-7.718363143253426
ec22ff9f-6f33-4055-bc53-7ee7d8b51c05,USD,1702819652,-4.969074336684953
259c4a32-9c8f-474a-9f8b-3a9ded89e9b3,BTC,1702824887,-3.8769803083775294
ec22ff9f-6f33-4055-bc53-7ee7d8b51c05,EUR,1702858261,2.323619350779733
fe3b675f-21d2-4b79-b25f-45150d0e837a,ETH,1702859553,-3.460816003103986
beed12b3-f39a-43dc-bee6-721a89c0a937,BTC,1702876001,3.54901538385905
a61e005c-af0a-4820-8cd1-8029218fb066,USD,1702886391,-6.695321245704237
f30a7fba-468c-4b04-aac4-8cf836652573,ETH,1702890728,-1.8693526625116874
d137f350-8287-42e4-99aa-cd56cb77aa8f,ETH,1702894850,2.438677957384364
a61e005c-af0a-4820-8cd1-8029218fb066,USD,1702896494,-7.77830552443244
93becbec-6a43-428a-a1ce-6b096c956ca7,ETH,1702896805,-7.710450711011085
f41feb3a-a469-487a-bc9d-59a0dfd89c29,EUR,1702900212,-2.9951972850356867
93becbec-6a43-428a-a1ce-6b096c956ca7,ETH,1702922542,-0.4306768168620252
ec22ff9f-6f33-4055-bc53-7ee7d8b51c05,ETH,1702933746,-1.8576860719002184
9b889da5-cd5e-4fea-9680-e4aef39193ad,USD,1702943679,-5.784298560963014
5b8e58a5-9b9f-4f1b-969f-21dbee72f0bb,EUR,1702960623,-8.619216425123021
3063533e-d3d2-46ca-91f5-6168c95c9835,ETH,1702979570,-2.648236948246452
78fec595-1f14-4e85-b295-e430a6ba7686,USD,1702989788,-0.5912408064853665
f30a7fba-468c-4b04-aac4-8cf836652573,USD,1703000696,0.14659829931448343
ec22ff9f-6f33-4055-bc53-7ee7d8b51c05,BTC,1703008825,8.8950362438333
5d47c0f3-920d-49f5-b9b3-5afeca5ece24,BAT,1703015108,3.2966288070019356
1e6d232e-11f4-4cd6-9eb4-020af5d6a1fb,ETH,1703016672,4.530092057355139
fdaa102d-797c-4c57-a793-feb6e3aaff0d,EUR,1703020327,-9.98664971966937
9287b4ea-2911-45b2-8da7-cc3ca70cb118,BTC,1703024653,-3.132073890364553
c85a849b-72dd-43a9-9b24-4815240184b4,EUR,1703050093,1.5625482881255426
4760ba51-fb20-47c1-8751-abd21264713a,EUR,1703068801,-4.0202523675215645
9287b4ea-2911-45b2-8da7-cc3ca70cb118,CAD,1703079636,-2.8343583105597014
93becbec-6a43-428a-a1ce-6b096c956ca7,USD,1703084064,-9.819619043017154
